LABEL,ID,TRACK_ID,QUALITY,POSITION_X,POSITION_Y,POSITION_Z,POSITION_T,FRAME,RADIUS,VISIBILITY,MANUAL_SPOT_COLOR,MEAN_INTENSITY_CH1,MEDIAN_INTENSITY_CH1,MIN_INTENSITY_CH1,MAX_INTENSITY_CH1,TOTAL_INTENSITY_CH1,STD_INTENSITY_CH1,CONTRAST_CH1,SNR_CH1
Label,Spot ID,Track ID,Quality,X,Y,Z,T,Frame,Radius,Visibility,Manual spot color,Mean intensity ch1,Median intensity ch1,Min intensity ch1,Max intensity ch1,Sum intensity ch1,Std intensity ch1,Contrast ch1,Signal/Noise ratio ch1
Label,Spot ID,Track ID,Quality,X,Y,Z,T,Frame,R,Visibility,Spot color,Mean ch1,Median ch1,Min ch1,Max ch1,Sum ch1,Std ch1,Ctrst ch1,SNR ch1
,,,(quality),(micron),(micron),(micron),(sec),,(micron),,,(counts),(counts),(counts),(counts),(counts),(counts),,
ID1325200,1325200,0,13892.0283203125,115.85476592800349,187.53566886505197,0.0,0.0,0,0.5,1,,18535.714285714286,14927.0,5143.0,45605.0,389250.0,11200.10923671219,0.6655768041447374,1.3226671815606248
ID1325201,1325201,1,3177.006103515625,16.002421073843777,191.77834159197127,0.0,0.0,0,0.5,1,,8566.047619047618,8296.0,3843.0,12256.0,179887.0,2392.4422349597176,0.3332033748698201,1.7897072876788764
ID1325202,1325202,2,10561.6494140625,83.62309520842699,211.70020418281436,0.0,0.0,0,0.5,1,,16188.57142857143,14166.0,7654.0,33696.0,339960.0,7723.741286264245,0.6168707017093286,1.5992989628664813
ID1325203,1325203,3,24412.28125,137.2882607318562,222.32150212506164,0.0,0.0,0,0.5,1,,28346.0,23279.0,5339.0,65535.0,595266.0,19839.69286052584,0.8092776145676388,1.2781421338872963
ID1325188,1325188,4,21441.134765625,54.92604661073934,141.88124899901007,0.0,0.0,0,0.5,1,,37766.80952380953,32335.0,13309.0,65535.0,793103.0,14907.962102913489,0.5427661705396754,1.7825210923387862
ID1325189,1325189,5,3886.220458984375,135.6221485718347,147.15798018326265,0.0,0.0,0,0.5,1,,16070.714285714286,16426.0,11031.0,20146.0,337485.0,2646.817865718326,0.22374756930386927,2.2202792599162056
ID1325190,1325190,6,4322.703125,135.3435404515841,147.8444526920686,0.0,0.0,0,0.5,1,,16163.142857142857,15857.0,9954.0,21090.0,339426.0,3189.2008134596085,0.22001742458009368,1.8279528281859871
ID1325191,1325191,7,21941.904296875,46.638116485318804,157.30096876705375,0.0,0.0,0,0.5,1,,41120.333333333336,40064.0,23112.0,65535.0,863527.0,12892.332978686727,0.5615224127172466,2.2938973609649773
ID1325184,1325184,8,25527.822265625,103.03386790530837,83.89834009324397,0.0,0.0,0,0.5,1,,43959.90476190476,42931.0,17355.0,65535.0,923158.0,16783.90597240333,0.6810380226509785,2.122205928731404
ID1325185,1325185,9,6832.05859375,78.2853710676613,93.05469749906514,0.0,0.0,0,0.5,1,,12901.809523809523,13170.0,6342.0,24861.0,270938.0,5195.92331178057,0.4611134158613276,1.5672624141353209
ID1325186,1325186,10,18744.4921875,111.55155698076008,129.5161106516801,0.0,0.0,0,0.5,1,,26379.14285714286,24549.0,9764.0,56829.0,553962.0,15206.124480898196,0.678862904685495,1.4029396157376528
ID1325187,1325187,11,2530.84423828125,93.27120414181965,134.9278166049013,0.0,0.0,0,0.5,1,,7685.952380952381,8157.0,3902.0,10555.0,161405.0,1967.8385979594584,0.2802629580157123,1.7100339456164788
ID1325196,1325196,12,13416.0849609375,203.70022764428828,173.68787608364283,0.0,0.0,0,0.5,1,,24874.809523809523,23003.0,14089.0,39069.0,522371.0,6916.271095171499,0.6238030519043628,2.7633245380470113
ID1325197,1325197,13,4869.6064453125,69.45118388920393,173.9585731338877,0.0,0.0,0,0.5,1,,10773.47619047619,9959.0,6122.0,16700.0,226243.0,3223.8824826449186,0.42053334395220715,1.9785892887564933
ID1325198,1325198,14,14274.9267578125,82.01741874397489,183.3649427664241,0.0,0.0,0,0.5,1,,20007.333333333332,17696.0,4885.0,45251.0,420154.0,12372.88266465553,0.6572269025557169,1.2825717400888819
ID1325199,1325199,15,15784.150390625,34.876258339732296,183.4415533552401,0.0,0.0,0,0.5,1,,21577.285714285714,19156.0,9076.0,49665.0,453123.0,12750.338592142787,0.6853618719763374,1.3763594390344112
ID1325192,1325192,16,6271.736328125,118.55794401311277,160.02807116242172,0.0,0.0,0,0.5,1,,11983.42857142857,10935.0,5715.0,21714.0,251652.0,4543.0548265614025,0.4580275709058367,1.657253686854773
ID1325193,1325193,17,7704.0849609375,109.69752961400407,160.6830873802287,0.0,0.0,0,0.5,1,,13526.52380952381,12718.0,7714.0,25440.0,284057.0,5206.503295101691,0.5301533854530566,1.800265757598915
ID1325194,1325194,18,3847.241455078125,168.1531864085199,166.91842058238143,0.0,0.0,0,0.5,1,,13258.57142857143,13246.0,9224.0,16279.0,278430.0,1926.5179877548137,0.2938302239911338,3.1258838312688795
ID1325195,1325195,19,4382.25,169.32964793752643,166.92744363532822,0.0,0.0,0,0.5,1,,11860.57142857143,12224.0,7256.0,17227.0,249072.0,2775.6210759292876,0.32571373344321725,2.0997217543233897
ID1325172,1325172,,3975.665283203125,194.40472524446474,7.7205380473342355,0.0,0.0,0,0.5,1,,31324.714285714286,32712.0,22613.0,36675.0,657819.0,4137.031123195197,0.11488973647361231,1.5605498341275328
ID1325173,1325173,20,7100.8603515625,193.97929657764192,8.757535933455289,0.0,0.0,0,0.5,1,,36866.28571428572,38251.0,25551.0,42550.0,774192.0,4519.527598575509,0.19888930965123897,2.706441786022054
ID1325174,1325174,21,11627.6728515625,2.2504776584255075,29.0713402952557,0.0,0.0,0,0.5,1,,18020.333333333332,16924.0,5329.0,36281.0,378427.0,8807.605334785007,0.6211039160881101,1.5677917780369346
ID1325175,1325175,22,22634.95703125,108.53462795424697,34.260411078613274,0.0,0.0,0,0.5,1,,27886.52380952381,25022.0,5863.0,65535.0,585617.0,20061.38095101892,0.794752766026712,1.2310933013315948
ID1325180,1325180,23,1780.830810546875,88.98112908748797,57.16907232474119,0.0,0.0,0,0.5,1,,7783.428571428572,7957.0,5747.0,9100.0,163452.0,873.8147155678124,0.22101745753860585,3.2246775277304836
ID1325181,1325181,24,19049.21484375,9.236595581199673,75.32540518224125,0.0,0.0,0,0.5,1,,26188.571428571428,20335.0,12164.0,57156.0,549960.0,13157.8675535644,0.7395885078670185,1.6923879249249008
ID1325182,1325182,25,2671.44189453125,54.35308104928196,76.62160129148134,0.0,0.0,0,0.5,1,,7762.476190476191,7855.0,4486.0,10428.0,163012.0,1680.230508562668,0.3205284474961504,2.242746715066885
ID1325183,1325183,26,27472.259765625,82.80648523687736,78.99897255123113,0.0,0.0,0,0.5,1,,44629.95238095238,45540.0,19419.0,65535.0,937229.0,17914.138749814883,0.6997684568109037,2.0512806436504034
ID1325176,1325176,27,2363.038818359375,133.80085069936152,38.51713114183179,0.0,0.0,0,0.5,1,,7422.0952380952385,7064.0,3988.0,10447.0,155864.0,1738.0627694292837,0.26163823994875773,1.7711585369211253
ID1325177,1325177,28,2525.126220703125,93.88652102424031,44.64696330460838,0.0,0.0,0,0.5,1,,7043.428571428572,7808.0,2872.0,10413.0,147912.0,2289.0846548659697,0.29488011287640803,1.4014195754156653
ID1325178,1325178,29,4786.48486328125,220.52442472572338,47.117880291477746,0.0,0.0,0,0.5,1,,10908.809523809523,11082.0,4863.0,17473.0,229085.0,3373.8861957547947,0.39115483815447766,1.818235617385108
ID1325179,1325179,30,1553.7742919921875,48.27112167257913,49.028102020804525,0.0,0.0,0,0.5,1,,5567.952380952381,5531.0,3345.0,7425.0,116927.0,1162.5833078188623,0.23035723680749193,1.7933789062084395
ID1325268,1325268,3,20940.802734375,137.5372246867092,222.39586043571708,0.0,0.03,1,0.5,1,,25653.14285714286,17890.0,6986.0,65535.0,538716.0,18392.82850810531,0.7658373845135453,1.2097842033188626
ID1325264,1325264,14,10112.08203125,82.25078238462129,183.00137792712172,0.0,0.03,1,0.5,1,,16376.47619047619,15434.0,7140.0,32052.0,343906.0,8004.566594257603,0.5803503630118704,1.5026211990369014
ID1325265,1325265,0,16225.3857421875,115.80536812650828,187.16742158037772,0.0,0.03,1,0.5,1,,20058.0,17129.0,6439.0,54892.0,421218.0,14402.07766608693,0.705111448537369,1.1518540928525933
ID1325266,1325266,1,2410.961181640625,15.76907886305937,191.66353171913278,0.0,0.03,1,0.5,1,,7658.523809523809,7824.0,4418.0,9683.0,160829.0,1481.8876347094479,0.3009128737755187,2.3908500853639474
ID1325267,1325267,2,9442.205078125,83.76852173327586,211.25829270579626,0.0,0.03,1,0.5,1,,14534.190476190477,12505.0,2586.0,31099.0,305218.0,8586.011557289261,0.5739040131364437,1.2344980075646912
ID1325252,1325252,11,1874.583984375,93.2687758529519,134.8848738311912,0.0,0.03,1,0.5,1,,6390.380952380952,6840.0,3617.0,8497.0,134198.0,1434.5048440556232,0.25043024332578795,1.7843581614046546
ID1325253,1325253,4,21521.291015625,54.911907157244904,141.88725261104037,0.0,0.03,1,0.5,1,,37486.666666666664,33491.0,13079.0,65535.0,787220.0,15535.099569469561,0.5413309735668707,1.6949611576758155
ID1325254,1325254,5,3939.164306640625,135.6298888237272,147.05416627166088,0.0,0.03,1,0.5,1,,15386.42857142857,15755.0,11290.0,20000.0,323115.0,2734.5596459289122,0.21744893435031573,2.00995784906095
ID1325255,1325255,6,4377.7958984375,135.34288648991057,147.83921670339512,0.0,0.03,1,0.5,1,,16188.57142857143,15855.0,10233.0,20942.0,339960.0,3202.9335236846327,0.22297801121229793,1.8430367088479134
ID1325248,1325248,26,29139.615234375,82.59422610480017,78.79506233019238,0.0,0.03,1,0.5,1,,47018.23809523809,52222.0,22131.0,65535.0,987383.0,17962.566831900065,0.7240438395084084,2.198591310917813
ID1325249,1325249,8,24200.56640625,103.23577290616586,84.0781814095442,0.0,0.03,1,0.5,1,,40751.0,38829.0,16640.0,65535.0,855771.0,16398.035671994374,0.6706981993098896,1.9952879287522367
ID1325250,1325250,9,7078.35546875,78.27084767311366,93.0130053122044,0.0,0.03,1,0.5,1,,13152.238095238095,12551.0,6921.0,26004.0,276197.0,5401.076938025988,0.46866112199884274,1.554127422320425
ID1325251,1325251,10,19859.55078125,111.68500991520905,129.4872575097702,0.0,0.03,1,0.5,1,,25563.14285714286,19245.0,9454.0,65535.0,536826.0,16292.908307867305,0.6706658816758387,1.2596858155036368
ID1325260,1325260,18,3816.9990234375,168.15059879206143,167.46445143975387,0.0,0.03,1,0.5,1,,12662.095238095239,13398.0,8404.0,15736.0,265904.0,2147.103954277992,0.29618618455283136,2.6951311814748684
ID1325261,1325261,13,6268.7763671875,69.13355294381226,173.93734793739074,0.0,0.03,1,0.5,1,,12373.52380952381,11742.0,6360.0,21081.0,259844.0,4258.160889621805,0.47320145759942195,1.866746136306083
ID1325262,1325262,12,9827.9443359375,203.67842181487282,173.9205188321185,0.0,0.03,1,0.5,1,,21731.190476190477,21895.0,14103.0,29962.0,456355.0,4441.051425271358,0.5434448513637454,3.4458159282434613
ID1325263,1325263,15,14995.2568359375,34.94913039291999,183.12974064964402,0.0,0.03,1,0.5,1,,20278.04761904762,17426.0,4171.0,48493.0,425839.0,12986.99781888097,0.6586702875731099,1.2400961939796293
ID1325256,1325256,7,18954.177734375,46.40552973872037,157.03168631154233,0.0,0.03,1,0.5,1,,38147.76190476191,34612.0,24694.0,61237.0,801103.0,10150.417050076128,0.5287600427639213,2.599767310140206
ID1325257,1325257,16,6363.359375,118.41763029844535,160.00435984700601,0.0,0.03,1,0.5,1,,12080.904761904761,11137.0,5822.0,21861.0,253699.0,4637.982534516079,0.4692580999180524,1.6638494656836678
ID1325258,1325258,17,7270.07421875,109.49589755614787,160.75440470648823,0.0,0.03,1,0.5,1,,12705.666666666666,10318.0,6961.0,25051.0,266819.0,4896.450472876585,0.507267490639062,1.7465973035683988
ID1325259,1325259,19,4286.13623046875,169.33345299974718,167.18940654092202,0.0,0.03,1,0.5,1,,11607.47619047619,11537.0,7183.0,17602.0,243757.0,2936.6033204886153,0.32154862074947954,1.9234726566802194
ID1325238,1325238,20,7049.7587890625,193.98200935026486,8.745873367737982,0.0,0.03,1,0.5,1,,36741.23809523809,38487.0,24981.0,41945.0,771566.0,4674.082860891128,0.19753438563055517,2.593236280544227
ID1325239,1325239,21,12259.1767578125,2.33573559957789,28.930532943081328,0.0,0.03,1,0.5,1,,18234.04761904762,16648.0,5166.0,40465.0,382915.0,9545.978878439813,0.6138640332165552,1.453107876035752
ID1325244,1325244,30,1479.7652587890625,47.90628014139747,48.784632733950765,0.0,0.03,1,0.5,1,,5458.952380952381,5839.0,2834.0,7276.0,114638.0,1288.0955118387176,0.2268081716449566,1.5670154272689132
ID1325245,1325245,23,1848.940673828125,88.98920357357764,57.17359590918702,0.0,0.03,1,0.5,1,,7837.476190476191,8068.0,5938.0,9183.0,164587.0,901.4988418765507,0.2247577542695891,3.190843788509029
ID1325246,1325246,24,21197.423828125,9.005920132226821,75.41999829150184,0.0,0.03,1,0.5,1,,27356.809523809523,20953.0,9315.0,64292.0,574493.0,16577.466904262084,0.7732266040597118,1.4391955994442307
ID1325247,1325247,25,2691.0322265625,54.36896055082806,76.60324967625701,0.0,0.03,1,0.5,1,,7782.380952380952,7985.0,4480.0,10499.0,163430.0,1721.223735491423,0.3205098504960624,2.1948502352736874
ID1325240,1325240,22,18862.94921875,108.24419706107636,34.342864928247494,0.0,0.03,1,0.5,1,,26570.904761904763,23293.0,11066.0,54810.0,557989.0,13018.55196980356,0.738889562959249,1.7345274953181187
ID1325241,1325241,27,2392.360107421875,133.69671893271635,38.66349269356562,0.0,0.03,1,0.5,1,,7470.142857142857,7364.0,3778.0,10803.0,156873.0,1977.8028790987812,0.26746735266520766,1.5940792024364123
ID1325242,1325242,28,2593.173828125,93.89677468543825,44.618016358450845,0.0,0.03,1,0.5,1,,7180.0952380952385,7856.0,2883.0,10435.0,150782.0,2400.530668513983,0.2978180909066972,1.3727460205062445
ID1325243,1325243,29,6706.16943359375,220.66502355180162,46.977723436125565,0.0,0.03,1,0.5,1,,12897.380952380952,11940.0,2575.0,24771.0,270845.0,6833.407301457966,0.40517008868300636,1.0884354948456252
ID1325269,1325269,,1474.7042236328125,193.79305331782078,5.831135386098259,0.0,0.06,2,0.5,1,,13414.285714285714,13590.0,10248.0,15470.0,281700.0,1545.9360317573667,0.08561271081436927,1.368577379169871
ID1325270,1325270,31,4004.471435546875,194.43999466435753,7.688061096349364,0.0,0.06,2,0.5,1,,31451.904761904763,33101.0,22967.0,36922.0,660490.0,4009.1028161517875,0.11586069567158516,1.6291306134660466
ID1325271,1325271,20,7178.05908203125,193.9806260202435,8.752436477098422,0.0,0.06,2,0.5,1,,36917.47619047619,37931.0,25729.0,42803.0,775267.0,4598.993711879237,0.20027168133018125,2.678793074764083
ID1325276,1325276,29,6226.73193359375,220.5548436484775,46.70097854384454,0.0,0.06,2,0.5,1,,13600.047619047618,12249.0,8219.0,21652.0,285601.0,3920.637058899873,0.441020831048441,2.123257312063973
ID1325277,1325277,23,1847.933349609375,88.97661127997014,57.17412794048501,0.0,0.06,2,0.5,1,,7824.0952380952385,7971.0,5528.0,9123.0,164306.0,918.6121545441201,0.22533102860294962,3.132560767626732
ID1325278,1325278,24,22261.40625,8.851485060926674,75.49750019613154,0.0,0.06,2,0.5,1,,27608.190476190477,21664.0,7592.0,65535.0,579772.0,18422.826750037704,0.8009577604147167,1.3329619635187353
ID1325279,1325279,25,2752.623779296875,54.336355959852256,76.57058999639229,0.0,0.06,2,0.5,1,,7935.619047619048,8414.0,4177.0,10856.0,166648.0,1918.5944719035983,0.32187984018770016,2.0143244108086744
ID1325272,1325272,21,10984.01171875,2.388789220149608,28.86242749349786,0.0,0.06,2,0.5,1,,16963.761904761905,15010.0,4484.0,36049.0,356239.0,8383.711027371839,0.5960212070165912,1.5112590631782297
ID1325273,1325273,22,15064.328125,108.4138488635609,34.070170335044615,0.0,0.06,2,0.5,1,,23031.904761904763,20298.0,5688.0,46098.0,483670.0,11214.62605219078,0.6583021302319707,1.6305595213893338
ID1325274,1325274,27,2977.164306640625,133.61519777181547,38.81526677297827,0.0,0.06,2,0.5,1,,8283.761904761905,8523.0,3678.0,13073.0,173959.0,2428.864341719436,0.2959445333617729,1.5576800312490657
ID1325275,1325275,28,2338.8310546875,93.86102323207514,44.69461155976268,0.0,0.06,2,0.5,1,,6827.238095238095,7453.0,3278.0,9637.0,143372.0,1969.137372169903,0.28686887380348897,1.5457817008147738
ID1325300,1325300,2,8172.53125,83.8618575776108,211.2566853920767,0.0,0.06,2,0.5,1,,13735.952380952382,13287.0,4705.0,26943.0,288455.0,6115.1979810648045,0.5460278073128523,1.5866301752050267
ID1325301,1325301,3,21905.515625,137.7409844358356,222.4142323773041,0.0,0.06,2,0.5,1,,26062.85714285714,18234.0,6917.0,65535.0,547320.0,18768.951196818944,0.7815602734817034,1.2183553380209602
ID1325296,1325296,14,11537.5712890625,82.36255864339918,182.72469750796984,0.0,0.06,2,0.5,1,,17065.95238095238,13876.0,4818.0,38675.0,358385.0,9316.116639867658,0.5924555849334572,1.3630571879093416
ID1325297,1325297,15,21477.9921875,34.99940457377655,182.94626737068495,0.0,0.06,2,0.5,1,,25944.95238095238,19749.0,3834.0,65535.0,544844.0,18891.976266331138,0.753005856089422,1.179832809408489
ID1325298,1325298,0,7738.52490234375,116.0724497227299,187.16417452591432,0.0,0.06,2,0.5,1,,13563.666666666666,11811.0,7590.0,25414.0,284837.0,5425.156194372042,0.5347275916042771,1.7421925430408165
ID1325299,1325299,1,2250.179443359375,15.569702544139343,191.4601564899712,0.0,0.06,2,0.5,1,,7137.0,7465.0,4165.0,9233.0,149877.0,1576.073697515443,0.2914094836976255,2.043661112670925
ID1325284,1325284,11,2567.046875,92.96354702752114,134.65073434978956,0.0,0.06,2,0.5,1,,7982.952380952381,8188.0,4922.0,10912.0,167642.0,1952.2092479083917,0.27624684144785716,1.7702304603832053
ID1325285,1325285,4,21490.17578125,54.927262912965475,141.89552250215425,0.0,0.06,2,0.5,1,,37677.23809523809,34362.0,15148.0,65535.0,791222.0,14719.88970035021,0.5437636212084352,1.8031582618574618
ID1325286,1325286,5,3877.81787109375,135.625116164063,147.13133272407936,0.0,0.06,2,0.5,1,,16022.904761904761,16429.0,11016.0,19777.0,336481.0,2640.3652380828285,0.22292242982593793,2.212392095874936
ID1325287,1325287,6,4290.3876953125,135.34243843525576,147.84463407311722,0.0,0.06,2,0.5,1,,16111.285714285714,15444.0,10196.0,21275.0,338337.0,3136.902423456253,0.21915760078168744,1.8465278920492543
ID1325280,1325280,26,27491.20703125,82.6868093444322,78.8019888324536,0.0,0.06,2,0.5,1,,43875.76190476191,46903.0,9993.0,65535.0,921391.0,19490.15281855112,0.7056178715066278,1.8626328425867062
ID1325281,1325281,8,25502.69921875,103.33199092749379,84.00842114030374,0.0,0.06,2,0.5,1,,40469.28571428572,37515.0,12970.0,65535.0,849855.0,18538.676263808204,0.6904952660084991,1.7832965146199786
ID1325282,1325282,9,7482.4580078125,78.26124333315252,92.93109158934963,0.0,0.06,2,0.5,1,,13947.0,12829.0,5971.0,25361.0,292887.0,5615.449438825,0.4970562999841111,1.6492774641497294
ID1325283,1325283,10,27371.791015625,111.8737727332131,129.18830063658618,0.0,0.06,2,0.5,1,,32501.333333333332,21153.0,7160.0,65535.0,682528.0,21908.16236322283,0.7839443172209165,1.3038545426108372
ID1325292,1325292,18,3761.26953125,168.12910594201358,167.33734113304845,0.0,0.06,2,0.5,1,,13140.52380952381,13467.0,9866.0,15836.0,275951.0,1691.7569452804862,0.2963412806542246,3.5512194243229276
ID1325293,1325293,13,3803.587890625,69.2157814194804,173.70384251205866,0.0,0.06,2,0.5,1,,9449.47619047619,9358.0,6124.0,13886.0,198439.0,2165.4559016301305,0.38619529504630745,2.4314813615907718
ID1325294,1325294,12,4401.67578125,203.7849034131615,173.97812741439205,0.0,0.06,2,0.5,1,,12138.952380952382,12953.0,5640.0,17080.0,254918.0,3897.173738444188,0.3432518190519541,1.5919038979359466
ID1325295,1325295,33,2573.079833984375,203.1081207248924,174.5043835366898,0.0,0.06,2,0.5,1,,10811.238095238095,11212.0,5821.0,13894.0,227036.0,2361.861234381942,0.2182317041550174,1.6399816769435562
ID1325288,1325288,7,15370.1015625,46.58568625849508,157.13117104505065,0.0,0.06,2,0.5,1,,33586.19047619047,32044.0,17707.0,50408.0,705310.0,9726.007015312336,0.4795865260906236,2.238632318463941
ID1325289,1325289,17,5871.6865234375,109.64880453205397,160.41030906961086,0.0,0.06,2,0.5,1,,11582.095238095239,11493.0,5878.0,19483.0,243224.0,4245.810616416633,0.4762968804014596,1.760194030406508
ID1325290,1325290,16,8153.47509765625,118.15392618864038,160.45460019718692,0.0,0.06,2,0.5,1,,14704.952380952382,14400.0,7218.0,27093.0,308804.0,6189.133578104374,0.5256313743411444,1.637176230417676
ID1325291,1325291,19,4441.85107421875,169.3278061541804,167.12311490512056,0.0,0.06,2,0.5,1,,11746.047619047618,11786.0,7191.0,17711.0,246667.0,2790.521662273749,0.329741287052819,2.087577128230698
ID1325332,1325332,2,11948.2607421875,83.6828258276808,211.08645102223483,0.0,0.09,3,0.5,1,,16449.285714285714,12070.0,4248.0,43491.0,345435.0,10182.42679395662,0.5920041587397892,1.20145166339751
ID1325333,1325333,3,18780.392578125,137.75866138863876,222.11628478955748,0.0,0.09,3,0.5,1,,22623.761904761905,15583.0,4387.0,64548.0,475099.0,15862.789886727876,0.7162189678632953,1.1903875234279417
ID1325328,1325328,14,14816.544921875,82.20727420906647,182.6433906369353,0.0,0.09,3,0.5,1,,19918.904761904763,13219.0,7446.0,49188.0,418297.0,12308.451981889364,0.6568758825285191,1.2831734217555852
ID1325329,1325329,15,16639.54296875,35.46312179128154,182.91327406524545,0.0,0.09,3,0.5,1,,21525.0,17471.0,6119.0,55092.0,452025.0,13291.313385064697,0.6829398517975945,1.314374482925466
ID1325330,1325330,0,5681.412109375,116.52147219148438,187.32414305290382,0.0,0.09,3,0.5,1,,10671.857142857143,9542.0,5313.0,20080.0,224109.0,4184.107399263483,0.4582511090169222,1.6030179457871832
ID1325331,1325331,1,3129.288330078125,15.20362215521264,191.32424221170345,0.0,0.09,3,0.5,1,,8456.619047619048,8240.0,4151.0,12502.0,177589.0,2543.6791951067744,0.3280414755283883,1.6424098575393606
ID1325316,1325316,11,3067.138916015625,93.06127746055677,134.42501159296046,0.0,0.09,3,0.5,1,,8620.857142857143,8979.0,3721.0,12552.0,181038.0,2550.1400605793065,0.29906563101241124,1.5565096719712077
ID1325317,1325317,4,21764.109375,54.93334758993321,141.90593267791704,0.0,0.09,3,0.5,1,,37810.28571428572,34731.0,15193.0,65535.0,794016.0,14997.09412900665,0.5447068943558272,1.7780731534885734
ID1325318,1325318,5,4111.1962890625,135.60450244755341,147.14342472333703,0.0,0.09,3,0.5,1,,16219.47619047619,16670.0,10811.0,20594.0,340609.0,2930.8314284354124,0.23034549272797794,2.0721854322813464
ID1325319,1325319,6,4488.9775390625,135.33180407957408,147.83532787494804,0.0,0.09,3,0.5,1,,16341.142857142857,16339.0,10052.0,21463.0,343164.0,3386.6764428524066,0.2256194648969187,1.7764771701637407
ID1325312,1325312,26,24254.353515625,82.87898300371295,79.23634260523403,0.0,0.09,3,0.5,1,,40509.52380952381,35859.0,16670.0,65535.0,850700.0,17517.125359541868,0.6517911479004718,1.8250619860742732
ID1325313,1325313,8,25267.939453125,103.24313763522584,83.99122519851659,0.0,0.09,3,0.5,1,,41175.619047619046,42439.0,13892.0,65535.0,864688.0,19409.989820904568,0.70336024282186,1.751927521712826
ID1325314,1325314,9,7274.60693359375,78.32910447417149,93.03241684707388,0.0,0.09,3,0.5,1,,13663.714285714286,11785.0,7008.0,25005.0,286938.0,5103.768951890917,0.5016489722392795,1.7887072440570229
ID1325315,1325315,10,28299.955078125,111.91662112874683,129.4312913824527,0.0,0.09,3,0.5,1,,34522.142857142855,22594.0,13580.0,65535.0,724965.0,21025.864651152195,0.7995674656527721,1.4590186995029022
ID1325324,1325324,18,3179.140869140625,167.98283644638335,167.31588010738628,0.0,0.09,3,0.5,1,,11673.333333333334,12298.0,7832.0,14205.0,245140.0,1886.2889580690796,0.2769168842022844,2.684129511542051
ID1325325,1325325,13,4274.07275390625,69.53011014158999,173.52254913998016,0.0,0.09,3,0.5,1,,10056.57142857143,9652.0,5248.0,15180.0,211188.0,2964.1211272724427,0.3968016427136889,1.9276257346039174
ID1325326,1325326,12,2956.17041015625,203.55125705233255,174.203863926939,0.0,0.09,3,0.5,1,,11201.47619047619,11291.0,8689.0,13734.0,235231.0,1382.58774112342,0.3000405700104651,3.739690235127844
ID1325327,1325327,33,1857.8731689453125,202.55578395981195,174.80800034115666,0.0,0.09,3,0.5,1,,8641.952380952382,8900.0,5397.0,10886.0,181481.0,1604.4751315053304,0.18775826425152356,1.70286365136056
ID1325320,1325320,7,21564.1328125,46.78859731635771,157.25031395480275,0.0,0.09,3,0.5,1,,40876.90476190476,39434.0,16270.0,65535.0,858415.0,14388.010119209543,0.5441862946559001,2.002419982591304
ID1325321,1325321,17,4386.037109375,110.05886488308475,160.09058305230562,0.0,0.09,3,0.5,1,,9738.0,9338.0,6267.0,15664.0,204498.0,2831.9078727952997,0.4259664590911893,2.054408193406171
ID1325322,1325322,16,10781.5234375,117.71619266557704,160.83735762223458,0.0,0.09,3,0.5,1,,16477.761904761905,15011.0,5623.0,36431.0,346033.0,9609.317436242607,0.5777014345599208,1.2557821461564105
ID1325323,1325323,19,4243.54150390625,169.28511558288145,167.09460299573465,0.0,0.09,3,0.5,1,,10994.238095238095,11251.0,5363.0,16822.0,230879.0,3004.135098572664,0.3361232302089818,1.8413132909168939
ID1325302,1325302,31,3791.56201171875,194.3230583165298,7.757898985590054,0.0,0.09,3,0.5,1,,31746.761904761905,32784.0,22789.0,37641.0,666682.0,4391.72709653915,0.10645040033239046,1.3909433235328126
ID1325303,1325303,20,7237.92333984375,193.97937652890644,8.759217010990177,0.0,0.09,3,0.5,1,,36973.0,37802.0,25516.0,42692.0,776433.0,4583.652844620761,0.20109810609825038,2.7010490262501374
ID1325308,1325308,29,5579.267578125,220.72235922429664,46.241830886024225,0.0,0.09,3,0.5,1,,12363.619047619048,12333.0,5458.0,20152.0,259636.0,3915.3615730375463,0.3944741264155629,1.7865361108057374
ID1325309,1325309,23,1831.0911865234375,88.98018219130334,57.18528965540934,0.0,0.09,3,0.5,1,,7828.476190476191,7837.0,5963.0,9219.0,164398.0,854.3582749085783,0.22440998163421483,3.3587873538541255
ID1325310,1325310,24,23483.29296875,8.790976396559355,75.5591938723675,0.0,0.09,3,0.5,1,,27010.0,16726.0,8847.0,65535.0,567210.0,18959.17203624673,0.8070849887010971,1.2725530727530219
ID1325311,1325311,25,2735.420654296875,54.36527413084859,76.5779585845605,0.0,0.09,3,0.5,1,,7879.238095238095,8129.0,4374.0,10640.0,165464.0,1872.2983978191592,0.3215776520918716,2.0480112036118183
ID1325304,1325304,21,8247.9677734375,2.500192048446018,28.75282363561378,0.0,0.09,3,0.5,1,,15695.47619047619,13924.0,7356.0,27001.0,329605.0,5733.165841130428,0.560267935278664,1.9661043860617025
ID1325305,1325305,22,10792.4462890625,108.66500430183011,33.99114109522026,0.0,0.09,3,0.5,1,,19559.714285714286,17485.0,10540.0,33504.0,410754.0,7138.836537860054,0.5656586204323155,1.9798049282180612
ID1325306,1325306,27,3995.830322265625,133.64433991720063,38.71602592783137,0.0,0.09,3,0.5,1,,9694.0,9367.0,4137.0,16213.0,203574.0,3234.565071226733,0.3461330448891292,1.5412468285895509
ID1325307,1325307,28,2196.60205078125,93.9309197093453,44.67365541375657,0.0,0.09,3,0.5,1,,6483.238095238095,6437.0,3471.0,9454.0,136148.0,1690.3275394065465,0.2737303685641967,1.6485289506021448
ID1325204,1325204,31,3818.19384765625,194.30921501760074,7.7532000322869745,0.0,0.12,4,0.5,1,,31761.904761904763,32529.0,22366.0,37748.0,667000.0,4523.275438272159,0.10656690988821947,1.3524717240439978
ID1325205,1325205,20,7160.6435546875,193.99559417436137,8.752685473389622,0.0,0.12,4,0.5,1,,36812.09523809524,38246.0,25370.0,43260.0,773054.0,4599.897573911422,0.1995585864156478,2.662694409403944
ID1325206,1325206,21,10010.9140625,2.1107158652966787,28.41704596032904,0.0,0.12,4,0.5,1,,16093.52380952381,15339.0,3701.0,32452.0,337964.0,8252.73405374878,0.571683865266009,1.418645983718806
ID1325207,1325207,22,11008.9248046875,108.92775199298669,34.110001331481705,0.0,0.12,4,0.5,1,,19387.333333333332,18662.0,7028.0,35257.0,407134.0,7954.422652420057,0.560964240550918,1.7517883473342057
ID1325212,1325212,23,1881.2984619140625,88.97890237402892,57.17919527895036,0.0,0.12,4,0.5,1,,7886.285714285715,7980.0,5838.0,9406.0,165612.0,922.5822533984242,0.22730712603880754,3.1663374795653567
ID1325213,1325213,24,22637.345703125,8.67762884113473,75.55253484251882,0.0,0.12,4,0.5,1,,26239.380952380954,21744.0,5387.0,65535.0,551027.0,19274.91979354568,0.789829381321911,1.2014692307772288
ID1325214,1325214,25,2726.781005859375,54.36067539793099,76.57877650119966,0.0,0.12,4,0.5,1,,7890.666666666667,8345.0,4255.0,10712.0,165704.0,1852.0412072449503,0.32234680336005245,2.0771652374613097
ID1325215,1325215,26,21061.203125,82.93726135831885,79.48171275368612,0.0,0.12,4,0.5,1,,36361.57142857143,33236.0,14524.0,60589.0,763593.0,14409.958152511854,0.6112387498453364,1.9145243777550132
ID1325208,1325208,27,5012.48486328125,133.9832879454618,38.403490137105955,0.0,0.12,4,0.5,1,,11260.761904761905,10187.0,4309.0,18786.0,236476.0,3883.230226303379,0.38529730048883054,1.6130863286299149
ID1325209,1325209,28,2417.088623046875,93.96013013309297,44.631624062229754,0.0,0.12,4,0.5,1,,6777.857142857143,7022.0,3365.0,10073.0,142335.0,1958.3145887654077,0.288854320737007,1.5513685526329253
ID1325210,1325210,29,4276.5947265625,221.0711130089306,46.19751641655325,0.0,0.12,4,0.5,1,,10661.57142857143,10783.0,5107.0,15894.0,223893.0,2859.7983944926705,0.3753837379495372,2.0350138438135232
ID1325211,1325211,,1505.45068359375,47.76039403172814,49.30689021006118,0.0,0.12,4,0.5,1,,5600.047619047619,5517.0,3742.0,7270.0,117601.0,1160.5021101312343,0.22543636329733033,1.775452213410668
ID1325236,1325236,3,22516.91796875,137.73820040491728,222.27875725665552,0.0,0.12,4,0.5,1,,25926.52380952381,19534.0,5118.0,65535.0,544457.0,18533.28827439709,0.7772614293803203,1.2235947555603062
ID1325237,1325237,32,2919.4306640625,125.925,224.037,0.0,0.12,4,0.5,1,,4130.619047619048,2873.0,1551.0,16567.0,86743.0,3831.171419764332,0.4593620216041969,0.6787433713090663
ID1325232,1325232,15,19062.509765625,36.08223547369456,182.98900801821188,0.0,0.12,4,0.5,1,,23638.190476190477,19602.0,6315.0,63057.0,496402.0,17185.659055209515,0.7231476696214371,1.1544696651667612
ID1325233,1325233,0,4223.6796875,116.3695919619394,187.12971625348058,0.0,0.12,4,0.5,1,,9189.42857142857,9268.0,5042.0,15370.0,192978.0,3148.2496815123886,0.4090240757016945,1.6946491260710943
ID1325234,1325234,1,3372.99609375,15.363377829817594,191.25769485101438,0.0,0.12,4,0.5,1,,9292.238095238095,9822.0,5021.0,13247.0,195137.0,2561.4044175951967,0.3357114882092061,1.8235837463123095
ID1325235,1325235,2,13811.603515625,83.51393668275112,211.03175214157366,0.0,0.12,4,0.5,1,,19668.761904761905,16397.0,6283.0,45074.0,413044.0,11975.047356502446,0.6369886226600316,1.2782499771671725
ID1325220,1325220,4,21833.45703125,54.94278199557052,141.88402768424623,0.0,0.12,4,0.5,1,,38125.76190476191,33581.0,15080.0,65535.0,800641.0,14843.297692577487,0.5481939408644098,1.8189761176538581
ID1325221,1325221,5,3970.954345703125,135.626174659031,147.0697167772327,0.0,0.12,4,0.5,1,,16177.47619047619,16388.0,10810.0,20147.0,339727.0,2846.641611075192,0.22601599641092648,2.095323156243809
ID1325222,1325222,6,4524.3349609375,135.33374403637893,147.8354954617821,0.0,0.12,4,0.5,1,,16348.42857142857,16223.0,10257.0,21650.0,343317.0,3299.375131315452,0.22747131521568162,1.8364943643648806
ID1325223,1325223,7,25773.125,46.64603051303649,157.0705860200491,0.0,0.12,4,0.5,1,,46604.04761904762,41755.0,22772.0,65535.0,978685.0,14360.667893507565,0.6109067525385973,2.4614074899514238
ID1325216,1325216,8,27832.767578125,103.39483829070221,84.29681050952283,0.0,0.12,4,0.5,1,,42113.333333333336,40684.0,17087.0,65535.0,884380.0,18965.799311743584,0.7116946237417889,1.8464853286596912
ID1325217,1325217,9,6319.45458984375,78.43120511977843,93.15903593337546,0.0,0.12,4,0.5,1,,12628.0,11268.0,5877.0,22368.0,265188.0,4475.9374548802625,0.4647706755269709,1.7903982365924653
ID1325218,1325218,10,23766.607421875,111.80410261096303,129.76070475827666,0.0,0.12,4,0.5,1,,30977.190476190477,29400.0,6359.0,65535.0,650521.0,21296.0563476411,0.7474377286870455,1.2443602871531316
ID1325219,1325219,11,2814.614013671875,93.20725761786744,134.22943617506377,0.0,0.12,4,0.5,1,,8166.666666666667,8569.0,3269.0,11851.0,171500.0,2714.2861553884354,0.29206004123905926,1.3602183846736693
ID1325228,1325228,13,3148.74560546875,69.56534260300097,173.80279768376315,0.0,0.12,4,0.5,1,,8705.285714285714,8124.0,6103.0,11971.0,182811.0,1823.6538636171379,0.35799009073280896,2.516778635614124
ID1325229,1325229,12,3803.259033203125,203.52373970597094,174.15227650587042,0.0,0.12,4,0.5,1,,12609.190476190477,12936.0,8917.0,15890.0,264793.0,1968.9196687281992,0.3392656697287332,3.244609106293955
ID1325230,1325230,33,2264.765625,202.6346364718288,174.71900361317523,0.0,0.12,4,0.5,1,,9050.333333333334,9522.0,5081.0,12227.0,190057.0,2315.7126189001374,0.19831415243767,1.2935789152311221
ID1325231,1325231,14,5326.35009765625,82.23535513058799,182.56549992928487,0.0,0.12,4,0.5,1,,10982.47619047619,9706.0,6386.0,19391.0,230632.0,3896.6073784646,0.4502321335210601,1.7500182653506167
ID1325224,1325224,17,6739.8427734375,110.15973355405573,160.11780310814663,0.0,0.12,4,0.5,1,,11852.095238095239,9671.0,6464.0,23083.0,248894.0,4607.2068100397,0.5014753054563938,1.7183782955459386
ID1325225,1325225,16,9765.9423828125,117.41386724389336,160.81710797361882,0.0,0.12,4,0.5,1,,15626.666666666666,12701.0,7402.0,30985.0,328160.0,7208.685034965346,0.566980329842217,1.568717497855218
ID1325226,1325226,19,4276.59521484375,169.3260127421786,166.98205240482713,0.0,0.12,4,0.5,1,,11527.57142857143,11675.0,7071.0,17150.0,242079.0,2941.397534700615,0.3307397006660894,1.948082338026911
ID1325227,1325227,18,3404.036376953125,168.07309280082865,167.00258639399104,0.0,0.12,4,0.5,1,,11904.42857142857,13058.0,6764.0,15236.0,249993.0,2771.7748929418594,0.28816402095793064,1.9215389106211935
ID1325334,1325334,31,3880.26611328125,194.42696893185007,7.6824013522316905,0.0,0.15,5,0.5,1,,31118.809523809523,32425.0,22365.0,36636.0,653495.0,4108.55851387135,0.11065809220549809,1.5092677312570417
ID1325335,1325335,20,7257.17822265625,193.95236066289894,8.767205305451787,0.0,0.15,5,0.5,1,,37100.619047619046,38192.0,25621.0,43332.0,779113.0,4570.92574295613,0.2023165908234542,2.7316159759764855
ID1325340,1325340,29,5317.36767578125,221.07580506374893,45.876340215000546,0.0,0.15,5,0.5,1,,12563.857142857143,11290.0,8494.0,19656.0,263841.0,3813.856726277408,0.3807063858970704,1.8166758351581291
ID1325341,1325341,23,1891.3677978515625,88.96818687249744,57.195725419193835,0.0,0.15,5,0.5,1,,7924.428571428572,8018.0,5948.0,9369.0,166413.0,925.4524607687082,0.22772253584149144,3.1765055600762455
ID1325342,1325342,24,22140.576171875,8.429823667222804,75.62064297425223,0.0,0.15,5,0.5,1,,27260.52380952381,17659.0,8190.0,65535.0,572471.0,19584.529025787288,0.8097412980820075,1.2456064622573335
ID1325343,1325343,25,2632.1416015625,54.35099596076655,76.64746100420186,0.0,0.15,5,0.5,1,,7733.761904761905,7774.0,4868.0,10261.0,162409.0,1584.4194174763797,0.31496268846729214,2.338278927584579
ID1325336,1325336,21,12028.2646484375,2.2171690618795106,28.264320928817174,0.0,0.15,5,0.5,1,,18144.333333333332,15394.0,6660.0,39487.0,381031.0,9014.483392481974,0.607857182417339,1.5218934614461619
ID1325337,1325337,22,10391.7451171875,109.03604024986444,33.85069746162793,0.0,0.15,5,0.5,1,,18273.333333333332,18225.0,4334.0,34540.0,383740.0,8387.812917163408,0.5429980452908841,1.533316916532502
ID1325338,1325338,27,4433.66357421875,133.86313089202437,38.56574645652307,0.0,0.15,5,0.5,1,,10150.333333333334,10010.0,3452.0,17864.0,213157.0,3701.6968586491967,0.35688624123721074,1.4424335536579864
ID1325339,1325339,28,2236.092529296875,94.02137025506404,44.602978801654245,0.0,0.15,5,0.5,1,,6584.380952380952,6661.0,3323.0,9553.0,138272.0,1781.9075586626393,0.2777420575438378,1.6064167872362614
ID1325364,1325364,2,15130.6142578125,83.33895731031863,211.49551319622114,0.0,0.15,5,0.5,1,,20874.714285714286,17649.0,3865.0,47595.0,438369.0,13367.440645624192,0.681087996938563,1.2653627648365375
ID1325365,1325365,3,18528.3515625,137.93024423023599,222.28487216764574,0.0,0.15,5,0.5,1,,22864.0,15484.0,7992.0,61818.0,480144.0,14980.593018969575,0.7192856955573399,1.277046100278662
ID1325366,1325366,32,6163.919921875,125.925,224.037,0.0,0.15,5,0.5,1,,7012.142857142857,4427.0,2016.0,30781.0,147255.0,7683.053815285393,0.611326792066857,0.6925269472830883
ID1325360,1325360,14,7099.0986328125,82.61330772885317,182.46042444846654,0.0,0.15,5,0.5,1,,12636.190476190477,10989.0,6517.0,24443.0,265360.0,5033.284907682532,0.4887764265648134,1.6484486137786076
ID1325361,1325361,15,21047.38671875,36.15016354042899,182.7831655122143,0.0,0.15,5,0.5,1,,26212.333333333332,20879.0,7306.0,65535.0,550459.0,17366.236683096697,0.7588672686800915,1.3024549671193855
ID1325362,1325362,0,4116.46875,116.16038667638134,187.37642814609177,0.0,0.15,5,0.5,1,,9487.285714285714,9305.0,6004.0,15525.0,199233.0,2796.523075943718,0.3915181464422348,1.9090468642819813
ID1325363,1325363,1,2947.959716796875,15.777943461910892,191.28384058654714,0.0,0.15,5,0.5,1,,7913.571428571428,7856.0,3757.0,12254.0,166185.0,2535.652550556337,0.32206350208247564,1.5205544401242834
ID1325348,1325348,11,3547.103515625,93.31616971977641,133.9612603667084,0.0,0.15,5,0.5,1,,9426.761904761905,9432.0,4285.0,14286.0,197962.0,2992.1170081526207,0.30673769175386034,1.479083485061553
ID1325349,1325349,4,21899.734375,54.96655900111394,141.8702051112708,0.0,0.15,5,0.5,1,,38278.142857142855,33106.0,15265.0,65535.0,803841.0,14795.821198181984,0.5495288745484814,1.834985444720663
ID1325350,1325350,5,4038.85986328125,135.61142984646548,147.1425798880759,0.0,0.15,5,0.5,1,,16178.857142857143,16596.0,10625.0,20117.0,339756.0,2987.0893070966977,0.22758656493200682,2.0082793507994348
ID1325351,1325351,6,4621.52783203125,135.33490859906183,147.83466030592194,0.0,0.15,5,0.5,1,,16444.380952380954,16380.0,9943.0,21797.0,345332.0,3456.398508219075,0.2301829335457726,1.780439163347879
ID1325344,1325344,26,16964.54296875,82.91875548057949,79.43582869741024,0.0,0.15,5,0.5,1,,32179.714285714286,31530.0,13238.0,55724.0,675774.0,11831.1412684612,0.5810202302265667,1.9991223128482558
ID1325345,1325345,8,24778.236328125,103.60273011841109,84.24296325514392,0.0,0.15,5,0.5,1,,37706.57142857143,33157.0,8928.0,65535.0,791838.0,18839.871001605687,0.6386275695943481,1.5600428281378784
ID1325346,1325346,9,6795.029296875,78.3936003360841,93.13798128255178,0.0,0.15,5,0.5,1,,13057.57142857143,11266.0,6733.0,23006.0,274209.0,4658.702733287761,0.482940837482691,1.8255658890238866
ID1325347,1325347,10,24531.595703125,111.62298087066401,129.75118687134557,0.0,0.15,5,0.5,1,,33196.28571428572,32712.0,8144.0,65535.0,697122.0,19748.65099226491,0.7442951387138147,1.4345221772689707
ID1325356,1325356,19,4627.1044921875,169.3594923295921,166.95990500431233,0.0,0.15,5,0.5,1,,12391.619047619048,12320.0,7855.0,19264.0,260224.0,3122.8397889771813,0.3269912216520528,1.9555836108957578
ID1325357,1325357,13,3132.585693359375,69.66868074189912,173.8095090462589,0.0,0.15,5,0.5,1,,8655.761904761905,8804.0,5734.0,11451.0,181771.0,1764.973169902645,0.34898646067208633,2.537453994724697
ID1325358,1325358,12,3520.6923828125,203.64993161734608,174.12718161776658,0.0,0.15,5,0.5,1,,11155.0,11807.0,5688.0,14928.0,234255.0,2527.844022086806,0.3110844770925962,2.094097810358161
ID1325359,1325359,33,2056.98095703125,202.73439934282112,174.73142290398707,0.0,0.15,5,0.5,1,,8959.047619047618,9511.0,4194.0,11463.0,188140.0,2110.8882840214565,0.194174496596091,1.3802284883655134
ID1325352,1325352,7,27760.416015625,46.66276187770945,156.83372194989582,0.0,0.15,5,0.5,1,,50167.71428571428,46659.0,32941.0,65535.0,1053522.0,13609.35989730177,0.6578205485967824,2.925408562221816
ID1325353,1325353,17,6377.357421875,110.15347620364031,159.87186463692638,0.0,0.15,5,0.5,1,,11733.666666666666,10742.0,7071.0,21676.0,246407.0,4156.50616904791,0.49639922385444973,1.8729187276527541
ID1325354,1325354,16,5003.83642578125,117.62585365456935,160.5930102895381,0.0,0.15,5,0.5,1,,10466.714285714286,9661.0,5620.0,18213.0,219801.0,3523.2677040335316,0.4220592524262869,1.7633984510791934
ID1325355,1325355,18,4231.79833984375,168.21068417475828,166.91189557151034,0.0,0.15,5,0.5,1,,13476.47619047619,14058.0,8082.0,17581.0,283006.0,2569.4779162127006,0.308805216027084,2.474976415629696
ID1325404,1325404,21,10301.2978515625,1.9935414145383623,28.227716836779987,0.0,0.18,6,0.5,1,,16865.285714285714,16370.0,5642.0,32617.0,354171.0,7546.616693213306,0.5804621800076641,1.64157688237966
ID1325405,1325405,22,10580.0341796875,109.1061001000546,33.740013418968395,0.0,0.18,6,0.5,1,,18727.85714285714,16677.0,8916.0,33385.0,393285.0,7205.790402764393,0.5564120518901913,1.8582682266537305
ID1325406,1325406,27,3797.208984375,134.05611248398301,38.5931807738452,0.0,0.18,6,0.5,1,,9478.714285714286,9474.0,3403.0,15125.0,199053.0,2856.9983049147427,0.3400413225885745,1.6837707137986995
ID1325407,1325407,28,2291.75927734375,94.0325615764059,44.62306304760864,0.0,0.18,6,0.5,1,,6640.476190476191,6213.0,3292.0,9748.0,139450.0,1839.8224267316564,0.2772567385832118,1.5669575047079944
ID1325402,1325402,31,3865.85888671875,194.31628425533626,7.755629577625698,0.0,0.18,6,0.5,1,,31710.095238095237,32506.0,22894.0,37386.0,665912.0,4495.222418354424,0.10783704561564081,1.3733095953148378
ID1325403,1325403,20,7214.00244140625,193.98565758165591,8.752492556230333,0.0,0.18,6,0.5,1,,36999.47619047619,38383.0,25693.0,42974.0,776989.0,4563.8869466612305,0.20213594887987618,2.726344086936427
ID1325428,1325428,33,2438.094970703125,202.43714040457638,174.7134041449657,0.0,0.18,6,0.5,1,,9784.666666666666,10456.0,5759.0,13147.0,205478.0,2340.0190027718436,0.21008126227049975,1.4518756739335423
ID1325429,1325429,14,9087.9755859375,82.54421125800489,182.57685480702258,0.0,0.18,6,0.5,1,,15177.52380952381,12952.0,8202.0,29669.0,318728.0,6406.957878892662,0.5515894753401627,1.6842951403818516
ID1325430,1325430,15,17925.892578125,36.17263186190642,183.0658039580421,0.0,0.18,6,0.5,1,,23639.809523809523,20098.0,9930.0,57698.0,496436.0,13752.362962847685,0.7130104648584858,1.430976594856725
ID1325431,1325431,0,4126.5654296875,115.9479931240602,187.3271265414729,0.0,0.18,6,0.5,1,,9538.333333333334,9560.0,5629.0,14336.0,200305.0,2764.375740259152,0.40874439309380095,2.0022809985392818
ID1325424,1325424,18,3418.751220703125,168.10976706574738,166.73924076155038,0.0,0.18,6,0.5,1,,12387.238095238095,12798.0,8872.0,15087.0,260132.0,1781.6884942312981,0.2738880689138179,2.989610081648924
ID1325425,1325425,19,4283.17333984375,169.33282156443832,166.9340598003567,0.0,0.18,6,0.5,1,,11444.190476190477,12072.0,6572.0,16968.0,240328.0,2800.2246270441883,0.32820761221217004,2.0197838117356395
ID1325426,1325426,13,3761.302734375,70.00682075618084,173.93211415432077,0.0,0.18,6,0.5,1,,9322.619047619048,8953.0,5922.0,14055.0,195775.0,2321.8001954558986,0.3862860458689628,2.237686586059593
ID1325427,1325427,12,3850.87548828125,203.18957890325208,174.2560647350656,0.0,0.18,6,0.5,1,,11989.619047619048,13136.0,6442.0,15383.0,251782.0,2682.2174683681123,0.3222388927357829,2.1787601453728325
ID1325436,1325436,3,22127.09375,138.38331404180377,222.04795467694564,0.0,0.18,6,0.5,1,,25494.571428571428,14800.0,8111.0,65535.0,535386.0,18110.001890036976,0.774168397315734,1.2285697434509997
ID1325437,1325437,32,3517.539794921875,126.144,224.037,0.0,0.18,6,0.5,1,,4608.761904761905,3141.0,1819.0,19358.0,96784.0,4583.121031619849,0.4976343633273837,0.6682785283904241
ID1325432,1325432,,1591.2869873046875,14.751728035929885,189.70775248528602,0.0,0.18,6,0.5,1,,7048.857142857143,7268.0,3095.0,10504.0,148026.0,2149.1134750337005,0.1688841745524956,0.9477784594946416
ID1325433,1325433,1,4556.53857421875,15.390629480473173,190.5436892633402,0.0,0.18,6,0.5,1,,11617.57142857143,12836.0,6057.0,17014.0,243969.0,3492.967600356874,0.3924280259644526,1.8747270663451328
ID1325434,1325434,34,1574.7138671875,200.18330471590383,200.23955347516485,0.0,0.18,6,0.5,1,,6314.9047619047615,6463.0,4080.0,8128.0,132613.0,1238.9634338737324,0.21935102926495556,1.8337884759555119
ID1325435,1325435,2,17700.84375,83.38031407771456,211.727124194914,0.0,0.18,6,0.5,1,,21424.095238095237,16794.0,5141.0,58965.0,449906.0,15479.453872487757,0.723955379250731,1.1624188129770343
ID1325412,1325412,25,2789.90234375,54.336879859992216,76.6190846233773,0.0,0.18,6,0.5,1,,7908.952380952381,8148.0,4163.0,10819.0,166088.0,1823.8488828899856,0.32345781322836276,2.119667049841637
ID1325413,1325413,26,13172.7587890625,82.93033103180844,79.34311524951175,0.0,0.18,6,0.5,1,,26940.52380952381,26734.0,13088.0,42109.0,565751.0,8523.375743325221,0.50577510150271,2.123350707489326
ID1325414,1325414,8,21514.982421875,103.76911201272908,84.15325738226079,0.0,0.18,6,0.5,1,,32567.809523809523,27637.0,13865.0,65535.0,683924.0,16666.712881126405,0.6053742031054613,1.4737242218285538
ID1325415,1325415,9,7265.978515625,78.33103805304924,93.13870296471428,0.0,0.18,6,0.5,1,,13788.857142857143,12606.0,7671.0,23582.0,289566.0,5086.200342944763,0.5072973941759953,1.824855530895958
ID1325408,1325408,29,6831.42041015625,221.11928893494618,45.72829771737904,0.0,0.18,6,0.5,1,,13806.809523809523,13027.0,3555.0,25932.0,289943.0,5998.129313536409,0.41001433039195195,1.338699231548028
ID1325409,1325409,23,1872.4290771484375,88.99436648785365,57.17572049767473,0.0,0.18,6,0.5,1,,7906.0,8097.0,5815.0,9321.0,166026.0,891.3991249715248,0.22815541422364946,3.295277965222006
ID1325410,1325410,35,1606.939697265625,120.16926155304219,57.29136526189538,0.0,0.18,6,0.5,1,,5963.714285714285,6431.0,2962.0,7907.0,125238.0,1449.7771947046601,0.23390279274552755,1.5595525765316607
ID1325411,1325411,24,23119.39453125,8.526100322677745,75.70871201469812,0.0,0.18,6,0.5,1,,26316.04761904762,20997.0,6729.0,65535.0,552637.0,19844.370275915007,0.7962046226497642,1.1756612994507163
ID1325420,1325420,6,4509.9501953125,135.35051355938455,147.84450317614449,0.0,0.18,6,0.5,1,,16213.095238095239,15519.0,10276.0,21834.0,340475.0,3263.048174709683,0.22619897911131484,1.833167436971742
ID1325421,1325421,7,20290.87109375,46.705535052357284,157.02306211038638,0.0,0.18,6,0.5,1,,39647.52380952381,36484.0,24224.0,64449.0,832598.0,11741.685192590745,0.5348499020347636,2.353323554720746
ID1325422,1325422,17,8196.7158203125,110.31480916347711,159.61583670511794,0.0,0.18,6,0.5,1,,13494.809523809523,11651.0,5781.0,26982.0,283391.0,5978.528185256365,0.5520388451519981,1.6057189231411721
ID1325423,1325423,16,5685.98681640625,117.63615548263485,160.80088936232787,0.0,0.18,6,0.5,1,,11082.904761904761,9215.0,5192.0,20604.0,232741.0,4314.450195618927,0.43605640366363196,1.5600169159572403
ID1325416,1325416,10,19777.115234375,111.79777938447381,129.79697164098746,0.0,0.18,6,0.5,1,,31783.14285714286,29758.0,16622.0,56186.0,667446.0,13554.172602138848,0.6878232615236697,1.9111893426439153
ID1325417,1325417,11,4087.637451171875,93.31856718571407,134.02454518906126,0.0,0.18,6,0.5,1,,10818.142857142857,10520.0,5294.0,16376.0,227181.0,3149.1517157119356,0.3351634285634746,1.7246910914695537
ID1325418,1325418,4,21668.83203125,54.95367180688211,141.85433550114837,0.0,0.18,6,0.5,1,,38049.42857142857,34186.0,13192.0,65535.0,799038.0,15089.078426369944,0.5463589211428068,1.7818992840625838
ID1325419,1325419,5,3784.1044921875,135.561,147.168,0.0,0.18,6,0.5,1,,16055.333333333334,16054.0,10960.0,19882.0,337162.0,2742.7881860131547,0.22171394643819345,2.124616416511572
ID1325396,1325396,1,5689.91162109375,15.35795992989748,190.4986643086159,0.0,0.21,7,0.5,1,,12935.285714285714,12807.0,4837.0,20022.0,271641.0,4527.240308873134,0.43506181242771585,1.732418571330959
ID1325397,1325397,34,1550.66455078125,200.22517385647492,200.1502600759893,0.0,0.21,7,0.5,1,,6598.714285714285,6808.0,4705.0,8254.0,138573.0,1088.2130831255956,0.21678922311975643,2.1607161183163277
ID1325398,1325398,,1517.6983642578125,200.22562828978425,200.4454090712171,0.0,0.21,7,0.5,1,,6564.809523809524,6808.0,4145.0,8254.0,137861.0,1186.8204421498485,0.21978550154853457,1.993345960615953
ID1325399,1325399,2,17750.25,83.28891592144434,211.7400365961306,0.0,0.21,7,0.5,1,,21790.0,14193.0,6489.0,59452.0,457590.0,15527.869235667848,0.7126215921618428,1.1678119710909225
ID1325392,1325392,33,2311.5126953125,202.20019881179118,174.6374552643016,0.0,0.21,7,0.5,1,,10444.047619047618,10591.0,7033.0,14078.0,219325.0,1922.4262398383578,0.21318272779245748,1.9093034163835045
ID1325393,1325393,14,9505.8935546875,82.56209404973065,182.78118403948312,0.0,0.21,7,0.5,1,,15235.238095238095,13431.0,8402.0,32103.0,319940.0,7212.682974488494,0.5554555777538117,1.5086000484422284
ID1325394,1325394,15,21709.966796875,36.34158848045514,183.5551333143215,0.0,0.21,7,0.5,1,,26675.666666666668,22744.0,8263.0,65535.0,560189.0,16766.54919872701,0.7620252049727391,1.376127931465973
ID1325395,1325395,0,6075.52587890625,115.68544202446772,187.13042378084302,0.0,0.21,7,0.5,1,,11185.952380952382,9709.0,5414.0,21238.0,234905.0,4800.558545379803,0.4698593407221303,1.4897153052596133
ID1325400,1325400,3,22919.9375,138.40465982427395,221.75135148034025,0.0,0.21,7,0.5,1,,27569.47619047619,21265.0,6521.0,65535.0,578959.0,20056.80748927667,0.8075255636490908,1.228198423978557
ID1325401,1325401,32,7533.46142578125,126.144,224.037,0.0,0.21,7,0.5,1,,7711.285714285715,4712.0,2290.0,42188.0,161937.0,9862.912232920138,0.6443179818645819,0.6127256590933889
ID1325380,1325380,9,7576.998046875,78.36425944634064,93.04080693530437,0.0,0.21,7,0.5,1,,13850.333333333334,12307.0,7543.0,25292.0,290857.0,5223.885329267225,0.5047830439839909,1.778801371060795
ID1325381,1325381,10,7771.44287109375,112.18477708061481,129.57659530148317,0.0,0.21,7,0.5,1,,17869.95238095238,17183.0,9893.0,28115.0,375269.0,4996.880531653628,0.4064028451500853,2.0668141589861504
ID1325382,1325382,11,4602.20068359375,92.90712726304626,134.10075251205882,0.0,0.21,7,0.5,1,,12774.619047619048,14024.0,7851.0,18086.0,268267.0,2915.010505576103,0.37642403298617627,2.3969718056321607
ID1325383,1325383,36,1511.6370849609375,91.49690797830671,135.05568596335013,0.0,0.21,7,0.5,1,,6089.714285714285,6121.0,2883.0,8795.0,127884.0,1757.939195275455,0.18826700547345596,1.097698927875856
ID1325376,1325376,24,23806.322265625,8.554781049616917,75.74433414043878,0.0,0.21,7,0.5,1,,27381.285714285714,18637.0,9351.0,65535.0,575007.0,19254.87351073192,0.8062524009018092,1.2695088892213444
ID1325377,1325377,25,2746.3134765625,54.3492100952684,76.63074825349592,0.0,0.21,7,0.5,1,,7856.142857142857,7695.0,4552.0,10463.0,164979.0,1705.8630157698565,0.32339814007229273,2.2508274978491354
ID1325378,1325378,26,19131.646484375,82.87720726284316,78.91635562927031,0.0,0.21,7,0.5,1,,31986.380952380954,28928.0,11971.0,65535.0,671714.0,15359.354092787204,0.5363839340094461,1.4541129842189828
ID1325379,1325379,8,15415.91796875,103.78414291968379,84.00160908892126,0.0,0.21,7,0.5,1,,26805.761904761905,25814.0,8232.0,49870.0,562921.0,11735.728349381481,0.5418296194860583,1.6053674796074295
ID1325388,1325388,16,4717.177734375,118.19133613971229,160.70760443851324,0.0,0.21,7,0.5,1,,10809.761904761905,9308.0,7115.0,16727.0,227005.0,3180.429073328973,0.4094856573165029,1.9748696834855668
ID1325389,1325389,18,3830.341064453125,168.18363819252147,166.5489074030456,0.0,0.21,7,0.5,1,,12429.42857142857,13282.0,7833.0,16056.0,261018.0,2505.827938455244,0.297490758811983,2.2745690092920845
ID1325390,1325390,19,4452.755859375,169.34498173627077,166.82654570626158,0.0,0.21,7,0.5,1,,11722.285714285714,11432.0,6182.0,18041.0,246168.0,3047.2504843359557,0.32619282809218747,1.8923517953164375
ID1325391,1325391,12,4140.037109375,203.01668366562066,174.13467919670757,0.0,0.21,7,0.5,1,,12395.095238095239,13026.0,7494.0,16523.0,260297.0,2431.2650596913927,0.33841653502151253,2.5781479491851695
ID1325384,1325384,4,21888.314453125,54.95231814339864,141.87054325149055,0.0,0.21,7,0.5,1,,38081.333333333336,33145.0,13856.0,65535.0,799708.0,15177.370145494026,0.5474574685274679,1.7753225896104934
ID1325385,1325385,6,4494.2080078125,135.36379231573426,147.85645206090783,0.0,0.21,7,0.5,1,,16349.095238095239,16007.0,10602.0,21687.0,343331.0,3289.0051368880822,0.2275440071754418,1.842839443456978
ID1325386,1325386,7,19709.8828125,46.72582590700562,156.84966306173686,0.0,0.21,7,0.5,1,,39561.09523809524,37382.0,24297.0,63233.0,830783.0,11050.1480076276,0.5383662805318535,2.5058109684220677
ID1325387,1325387,17,7803.7900390625,110.71253037482415,159.41850494848904,0.0,0.21,7,0.5,1,,13070.142857142857,11364.0,5147.0,26027.0,274473.0,6157.518950727755,0.5340355424272377,1.477880480837763
ID1325367,1325367,31,3932.43115234375,194.3097655825157,7.755187203496378,0.0,0.21,7,0.5,1,,31869.95238095238,32781.0,22505.0,37669.0,669269.0,4610.409097641883,0.10833053015505299,1.3513054199879027
ID1325372,1325372,28,2387.983154296875,93.95771045424009,44.6299841194274,0.0,0.21,7,0.5,1,,6733.190476190476,6917.0,3238.0,9912.0,141397.0,1968.1162470506565,0.2852480913097582,1.5185738923467973
ID1325373,1325373,29,4802.65869140625,221.28277532807186,45.675362646655884,0.0,0.21,7,0.5,1,,11058.47619047619,10024.0,3476.0,18060.0,232228.0,4186.893032059066,0.37306595518655544,1.4352502684826538
ID1325374,1325374,23,1844.710693359375,88.98344749295622,57.183297888835995,0.0,0.21,7,0.5,1,,7826.523809523809,8035.0,5590.0,9234.0,164357.0,918.7184889315996,0.224819697434196,3.1273655433964245
ID1325375,1325375,35,2481.429931640625,120.19714057293442,57.09785563890437,0.0,0.21,7,0.5,1,,7582.761904761905,8002.0,2785.0,10561.0,159238.0,2285.6892156363233,0.279852281881661,1.4508056604743371
ID1325368,1325368,20,7318.984375,193.94893375346925,8.76656395409156,0.0,0.21,7,0.5,1,,37171.42857142857,38508.0,25586.0,43190.0,780600.0,4652.5448259144,0.202259897447508,2.6881908803469705
ID1325369,1325369,21,12412.9287109375,1.9920215533912242,28.14362301359139,0.0,0.21,7,0.5,1,,18725.190476190477,17309.0,5024.0,40186.0,393229.0,10296.87911271686,0.6138987066924696,1.3834742193279226
ID1325370,1325370,22,9933.935546875,109.27443549501398,33.64878948255888,0.0,0.21,7,0.5,1,,16968.904761904763,16096.0,3891.0,35005.0,356347.0,8387.625813689841,0.5180932826416053,1.3808746697019678
ID1325371,1325371,27,3852.00927734375,133.9180480274133,38.651769406537056,0.0,0.21,7,0.5,1,,9175.42857142857,9450.0,2909.0,14909.0,192684.0,3761.9969639996857,0.31601163922082026,1.1713353818581942
ID1325460,1325460,16,3787.115966796875,118.34749521118312,160.60795276631717,0.0,0.24,8,0.5,1,,8890.42857142857,8206.0,4241.0,14530.0,186699.0,3031.709098370564,0.3582237701249571,1.5468501336690395
ID1325461,1325461,18,4305.05126953125,168.3184921408572,166.53603715686808,0.0,0.24,8,0.5,1,,13542.857142857143,13321.0,8482.0,17876.0,284400.0,2723.8220442186434,0.30584227941686226,2.328993941090509
ID1325462,1325462,19,4495.63916015625,169.40019522361155,166.80987162855283,0.0,0.24,8,0.5,1,,11032.0,11448.0,3569.0,18113.0,231672.0,4461.9871918238405,0.32876061034441223,1.2234577099598432
ID1325463,1325463,12,4996.24755859375,202.73929245172624,174.18294871823562,0.0,0.24,8,0.5,1,,13056.809523809523,13089.0,6171.0,19031.0,274193.0,3726.276299726681,0.35926876059183627,1.8522778351138365
ID1325456,1325456,5,4037.362548828125,135.62319673853122,147.16947279544584,0.0,0.24,8,0.5,1,,16226.380952380952,16400.0,10755.0,20262.0,340754.0,2888.3513199780677,0.22731753936645768,2.0810266998906797
ID1325457,1325457,6,4519.45068359375,135.34988495067282,147.8401319934948,0.0,0.24,8,0.5,1,,16405.095238095237,15783.0,10464.0,21503.0,344507.0,3310.5874388809293,0.22845485997520196,1.843082974247294
ID1325458,1325458,7,21173.001953125,46.64265758300646,156.5645138718453,0.0,0.24,8,0.5,1,,39798.23809523809,36368.0,23295.0,65535.0,835763.0,11836.211969649588,0.5632294153179284,2.4229458991331208
ID1325459,1325459,17,5528.935546875,110.45868969097732,159.50333216732915,0.0,0.24,8,0.5,1,,11084.714285714286,10772.0,5154.0,18150.0,232779.0,3829.714521251645,0.4670193741593874,1.8428379436428932
ID1325468,1325468,1,7293.12353515625,15.446838963149867,190.5780300369693,0.0,0.24,8,0.5,1,,14640.761904761905,13837.0,3332.0,24970.0,307456.0,6356.2098998126385,0.4863857604094336,1.5074563968482848
ID1325469,1325469,34,2068.787841796875,200.166,200.166,0.0,0.24,8,0.5,1,,7688.523809523809,7871.0,5192.0,9878.0,161459.0,1513.5363431066867,0.24421716443766395,1.9941604637285197
ID1325470,1325470,2,11347.4072265625,83.48443054013674,211.95501935228538,0.0,0.24,8,0.5,1,,16411.666666666668,13276.0,5519.0,38213.0,344645.0,8851.062898507349,0.6121348057072225,1.4080983052067642
ID1325471,1325471,3,22447.41015625,138.1968232904161,221.73133969688092,0.0,0.24,8,0.5,1,,25609.0,17234.0,2787.0,65535.0,537789.0,20640.31643652781,0.7864617706154318,1.0924212873368464
ID1325464,1325464,33,3026.6474609375,202.01698131288316,174.5872340513585,0.0,0.24,8,0.5,1,,11708.952380952382,11748.0,7019.0,15844.0,245888.0,2539.117552934296,0.2486978370134055,1.8368761544047463
ID1325465,1325465,14,11965.6396484375,82.5559665938609,182.8633432204398,0.0,0.24,8,0.5,1,,17692.95238095238,13129.0,7195.0,39810.0,371552.0,8844.04550234897,0.6081824608491079,1.513135798666151
ID1325466,1325466,15,19663.333984375,36.48077126606714,183.71135835241802,0.0,0.24,8,0.5,1,,23226.428571428572,15708.0,4447.0,65535.0,487755.0,18212.802452042983,0.7215739275691038,1.0690322568170536
ID1325467,1325467,0,1916.3717041015625,116.01070925063301,186.97424886377684,0.0,0.24,8,0.5,1,,6061.476190476191,5676.0,4760.0,8348.0,127291.0,1062.6997515313353,0.2897368229846104,2.562715611049492
ID1325444,1325444,29,3998.484375,221.23755170114097,45.560588371273475,0.0,0.24,8,0.5,1,,10212.57142857143,10176.0,4515.0,15514.0,214464.0,2992.9747170904834,0.36015922091902514,1.807036158024144
ID1325445,1325445,23,1866.7354736328125,88.96689448295795,57.18562553037574,0.0,0.24,8,0.5,1,,7875.190476190476,8105.0,5767.0,9179.0,165379.0,924.0683751242448,0.22887213072728335,3.1744842212526354
ID1325446,1325446,35,2254.559814453125,120.49657359066786,57.383974627783395,0.0,0.24,8,0.5,1,,7594.476190476191,7389.0,4834.0,10342.0,159484.0,1549.198328783233,0.2596381809049749,2.0208940366075394
ID1325447,1325447,24,22986.84765625,8.594519572721545,75.70738517989378,0.0,0.24,8,0.5,1,,26977.95238095238,20667.0,6771.0,65535.0,566537.0,19627.6865867483,0.8057321941140597,1.2266120888829033
ID1325440,1325440,21,15271.48046875,1.9241245749290041,28.50921161402372,0.0,0.24,8,0.5,1,,20338.85714285714,18356.0,5532.0,54010.0,427116.0,12724.276554231732,0.6527362981180281,1.262576322691524
ID1325441,1325441,22,6854.32958984375,109.23004157579301,33.47196223088601,0.0,0.24,8,0.5,1,,13320.142857142857,13622.0,3617.0,23750.0,279723.0,5702.235862236095,0.46092152494356603,1.473987509312575
ID1325442,1325442,27,3458.8271484375,133.87639661599442,38.568983671335545,0.0,0.24,8,0.5,1,,8836.619047619048,8890.0,3311.0,14972.0,185569.0,3084.2214653975557,0.31255848150509313,1.3645303463701417
ID1325443,1325443,28,2385.382080078125,93.85476181301247,44.710002168030435,0.0,0.24,8,0.5,1,,6852.428571428572,7260.0,3247.0,9929.0,143901.0,2057.3797552087603,0.2922909385587069,1.5066594627675816
ID1325452,1325452,10,7705.48828125,112.64367157126631,129.70730278363501,0.0,0.24,8,0.5,1,,18129.380952380954,17849.0,11505.0,27076.0,380717.0,4696.396272421978,0.4442148794877982,2.3747042110782215
ID1325453,1325453,11,5167.1064453125,92.6704637772441,134.01240097213096,0.0,0.24,8,0.5,1,,12508.285714285714,12852.0,5519.0,19867.0,262674.0,4199.837284263012,0.3818279378759612,1.6459212669169923
ID1325454,1325454,36,1486.3116455078125,91.16375742937025,135.02839325382104,0.0,0.24,8,0.5,1,,5660.380952380952,5713.0,2801.0,8583.0,118868.0,1653.7912648272898,0.20261434428199046,1.1532906513517691
ID1325455,1325455,4,22016.728515625,54.938389602785996,141.87389716554733,0.0,0.24,8,0.5,1,,37923.95238095238,32362.0,13369.0,65535.0,796403.0,15580.67748679816,0.5480862887888611,1.723498952537472
ID1325448,1325448,25,2749.81884765625,54.34559026245422,76.64532280943492,0.0,0.24,8,0.5,1,,7831.952380952381,7714.0,4607.0,10675.0,164471.0,1700.2610821926871,0.32403113896659164,2.2546179896760163
ID1325449,1325449,26,15116.3212890625,82.75113382190922,79.00182564614725,0.0,0.24,8,0.5,1,,29239.47619047619,26656.0,16264.0,47572.0,614029.0,9357.58035829267,0.5193616013361834,2.136213766225899
ID1325450,1325450,8,6985.33642578125,104.0363927471706,83.94989622892706,0.0,0.24,8,0.5,1,,16886.809523809523,16483.0,10725.0,25267.0,354623.0,4217.752181186653,0.39486955374351185,2.266817703498474
ID1325451,1325451,9,7498.146484375,78.3350875259545,93.01154459440805,0.0,0.24,8,0.5,1,,13950.809523809523,12997.0,7246.0,25719.0,292967.0,5373.897613641774,0.5096768213722934,1.7528748642722538
ID1325438,1325438,31,4011.508056640625,194.37418198793037,7.713537870207328,0.0,0.24,8,0.5,1,,31242.619047619046,32505.0,22400.0,36636.0,656095.0,4218.302330039782,0.1138123174996425,1.5136204145052452
ID1325439,1325439,20,7176.58740234375,193.965587485068,8.761608562896923,0.0,0.24,8,0.5,1,,37014.95238095238,37941.0,25836.0,43123.0,777314.0,4555.7088743267,0.2001784831796303,2.7103338240553088
ID1325472,1325472,32,11496.17578125,126.144,224.037,0.0,0.24,8,0.5,1,,10753.52380952381,5972.0,2724.0,63269.0,225824.0,14663.737670249859,0.7245323951007053,0.6162012364378349
ID1325508,1325508,32,6978.95361328125,126.144,224.037,0.0,0.27,9,0.5,1,,7246.619047619048,4614.0,2260.0,39023.0,152179.0,8931.670389553068,0.6478556163473842,0.6379575929067635
ID1325504,1325504,34,5358.2919921875,199.86123768981503,200.23047363453378,0.0,0.27,9,0.5,1,,12996.52380952381,14185.0,5172.0,19925.0,272927.0,4458.046843843698,0.38189919390970284,1.6113317069550952
ID1325505,1325505,37,2682.830078125,199.12202163755003,200.84074249929068,0.0,0.27,9,0.5,1,,9954.238095238095,10341.0,4871.0,14191.0,209039.0,2651.669472327988,0.2020583565206328,1.262030630197701
ID1325506,1325506,2,13046.5322265625,83.85402465166052,212.03334232683716,0.0,0.27,9,0.5,1,,17197.809523809523,12341.0,3197.0,44991.0,361154.0,10865.064254844734,0.6492822483358056,1.2462620653631713
ID1325507,1325507,3,24728.845703125,138.11005949135145,221.90557603610074,0.0,0.27,9,0.5,1,,28875.809523809523,19517.0,4084.0,65535.0,606392.0,21673.07891283342,0.8168828786499608,1.198054053812824
ID1325492,1325492,4,22070.23046875,54.958340934075174,141.87839789253835,0.0,0.27,9,0.5,1,,38208.80952380953,33614.0,14858.0,65535.0,802385.0,15091.726765413718,0.5513426570373814,1.7995686921482124
ID1325493,1325493,5,4159.91796875,135.62769539142204,147.1335041189941,0.0,0.27,9,0.5,1,,16303.57142857143,16595.0,11194.0,20708.0,342375.0,2934.3837440155735,0.2301946951355292,2.0793006974145616
ID1325494,1325494,6,4522.416015625,135.34380292984224,147.8562616609164,0.0,0.27,9,0.5,1,,16465.571428571428,16327.0,10634.0,22021.0,345777.0,3287.410250811854,0.22789898344239037,1.8592279777896696
ID1325495,1325495,7,21532.951171875,46.58886513176148,156.69793417057707,0.0,0.27,9,0.5,1,,37886.52380952381,35843.0,7769.0,65535.0,795617.0,17258.195478146165,0.5535277754508491,1.5643710382196314
ID1325488,1325488,10,7012.06982421875,112.6510676262232,129.74790773811668,0.0,0.27,9,0.5,1,,17911.095238095237,17612.0,11912.0,25886.0,376133.0,3989.507023490019,0.40328695138779747,2.5804805399463393
ID1325489,1325489,38,1611.926513671875,111.72488250679332,130.50578583787075,0.0,0.27,9,0.5,1,,9160.619047619048,9445.0,6068.0,13336.0,192373.0,2193.950557241217,0.11680006966466625,0.8733647352693633
ID1325490,1325490,11,5548.8134765625,92.58519427055595,133.8734742178023,0.0,0.27,9,0.5,1,,12976.42857142857,13530.0,4174.0,19987.0,272505.0,4946.897295997043,0.40209170506692493,1.5045304305831377
ID1325491,1325491,36,1649.700439453125,91.14510883151017,134.89284713065288,0.0,0.27,9,0.5,1,,6171.9047619047615,5946.0,3550.0,8650.0,129610.0,1574.2229799098316,0.19636372160212628,1.2870072198845537
ID1325500,1325500,12,4711.71533203125,202.92094105765588,173.99454300850437,0.0,0.27,9,0.5,1,,12618.285714285714,13434.0,5919.0,18490.0,264984.0,3915.337535166759,0.35081653036446975,1.6739590400026614
ID1325501,1325501,14,11865.064453125,82.42793928224904,182.52125587818148,0.0,0.27,9,0.5,1,,17559.904761904763,14921.0,6432.0,39353.0,368758.0,10200.992524773077,0.6015497064527366,1.2931259274786049
ID1325502,1325502,15,22989.103515625,36.852931875717935,183.75070590830606,0.0,0.27,9,0.5,1,,27695.04761904762,17937.0,7946.0,65535.0,581596.0,18372.535038682578,0.7914592253848003,1.3319399504204745
ID1325503,1325503,1,10049.939453125,15.324783031363136,190.65806189577614,0.0,0.27,9,0.5,1,,17639.809523809523,16742.0,5996.0,32450.0,370436.0,7120.056015362854,0.5568126884625657,1.7722020610000924
ID1325496,1325496,17,3752.619140625,110.41408509665682,159.71625230207698,0.0,0.27,9,0.5,1,,8976.47619047619,8660.0,5167.0,13496.0,188506.0,2298.497544463505,0.39046473974795404,2.1933789760271103
ID1325497,1325497,16,2760.951171875,118.1940632629087,160.67343446195054,0.0,0.27,9,0.5,1,,7791.238095238095,7410.0,4709.0,11472.0,163616.0,1952.1398747211203,0.31645165980967116,1.9187924500891331
ID1325498,1325498,18,5365.1220703125,168.47878637266078,166.54221018729388,0.0,0.27,9,0.5,1,,14521.52380952381,15627.0,7336.0,20473.0,304952.0,4041.7778714205415,0.34956765111713806,1.8612569039511697
ID1325499,1325499,19,4840.83837890625,169.43455783877334,166.76938405816077,0.0,0.27,9,0.5,1,,11949.809523809523,12408.0,4088.0,19950.0,250946.0,4645.650348649235,0.3142884963742992,1.2302184534032257
ID1325476,1325476,21,11705.021484375,2.150670172679213,28.74468225044914,0.0,0.27,9,0.5,1,,17622.571428571428,15890.0,5283.0,38555.0,370074.0,9132.090935658867,0.6050879560124919,1.4549521826612346
ID1325477,1325477,22,9535.79296875,109.05355600391803,33.45009179741976,0.0,0.27,9,0.5,1,,16660.85714285714,15179.0,4747.0,33035.0,349878.0,7490.072591675694,0.5167368815619783,1.5156555776733938
ID1325478,1325478,27,2280.005859375,133.8016536722408,38.66188935380235,0.0,0.27,9,0.5,1,,7440.476190476191,7384.0,4176.0,10915.0,156250.0,1785.4112584793347,0.2628251861258103,1.7346673472680298
ID1325479,1325479,28,2685.95751953125,93.71928591973892,44.76252226886696,0.0,0.27,9,0.5,1,,7549.238095238095,7334.0,4317.0,10841.0,158534.0,2121.096742366126,0.30781275499579414,1.6753813812427878
ID1325473,1325473,39,1453.108642578125,193.82220642310543,5.824675699518263,0.0,0.27,9,0.5,1,,13363.619047619048,13646.0,10360.0,15360.0,280636.0,1531.9938797590046,0.0861825803513797,1.3842473846154366
ID1325474,1325474,31,4090.174072265625,194.45086817897067,7.6926643845553295,0.0,0.27,9,0.5,1,,31305.904761904763,33313.0,22575.0,37030.0,657424.0,4236.745601340278,0.11566819715691669,1.5321552769824798
ID1325475,1325475,20,7222.052734375,193.97097188306967,8.757637196441825,0.0,0.27,9,0.5,1,,36995.28571428572,38213.0,25658.0,42801.0,776901.0,4612.742569696005,0.20123295261977414,2.6871321529216248
ID1325484,1325484,25,2745.75634765625,54.33558750989449,76.62343050283185,0.0,0.27,9,0.5,1,,7831.761904761905,7918.0,4375.0,10817.0,164467.0,1802.3423066876587,0.3208089491084838,2.1108562867640317
ID1325485,1325485,26,20917.435546875,82.66927643701582,79.13715934530347,0.0,0.27,9,0.5,1,,35331.52380952381,34388.0,12110.0,65535.0,741962.0,16833.71495427865,0.5495818206650253,1.4887790230694553
ID1325486,1325486,8,4393.884765625,104.34401434512246,83.86306038121236,0.0,0.27,9,0.5,1,,12951.142857142857,12599.0,8622.0,17735.0,271974.0,2492.5524926411135,0.3320697052514032,2.5905744718342345
ID1325487,1325487,9,7241.19580078125,78.33262565085396,92.97640056676771,0.0,0.27,9,0.5,1,,13751.904761904761,13469.0,6496.0,25793.0,288790.0,5519.819561405626,0.4991055960803665,1.6589304714221644
ID1325480,1325480,29,3620.75244140625,221.55104151436186,45.63210328603001,0.0,0.27,9,0.5,1,,10292.190476190477,10107.0,5840.0,13951.0,216136.0,2337.772585583286,0.3511460632142628,2.28834263850435
ID1325481,1325481,23,1872.1529541015625,89.0040640666986,57.17387546901615,0.0,0.27,9,0.5,1,,7863.9047619047615,8108.0,5890.0,9368.0,165142.0,944.4437465917123,0.22627102787758577,3.0728023589589872
ID1325482,1325482,35,2991.37109375,120.40735549533906,57.597344860128544,0.0,0.27,9,0.5,1,,8762.904761904761,8998.0,3844.0,12329.0,184021.0,2451.541737453432,0.29551006554992315,1.6306857739822227
ID1325483,1325483,24,22799.236328125,8.499856743746092,75.6220127786034,0.0,0.27,9,0.5,1,,26948.190476190477,20312.0,6035.0,65535.0,565912.0,19111.77816065017,0.7942178953758582,1.2483115612552504
ID1325572,1325572,33,1700.0545654296875,201.72631687136192,174.66633387263852,0.0,0.3,10,0.5,1,,6804.523809523809,7126.0,3402.0,9746.0,142895.0,2054.5445144617242,0.1753511355050737,0.9882188410648418
ID1325573,1325573,14,11306.109375,82.2471544508254,182.50102075429004,0.0,0.3,10,0.5,1,,17405.380952380954,16188.0,6623.0,35289.0,365513.0,9242.812556122679,0.6025219930792527,1.4160490229300438
ID1325574,1325574,15,22225.892578125,37.30146157375296,183.8778947792883,0.0,0.3,10,0.5,1,,26449.571428571428,19648.0,6235.0,65535.0,555441.0,20218.551564272424,0.7758561481973026,1.1430678710223914
ID1325575,1325575,1,17536.8671875,15.130837678005982,190.7987012568661,0.0,0.3,10,0.5,1,,24812.761904761905,20475.0,9964.0,53718.0,521068.0,12342.025842238225,0.7109610915160478,1.6707995625705552
ID1325568,1325568,16,3079.963623046875,118.24648015477256,160.7572335510604,0.0,0.3,10,0.5,1,,8077.809523809524,7976.0,5307.0,12210.0,169634.0,2125.1921000005536,0.33174797122320887,1.8937020217796094
ID1325569,1325569,18,4505.03759765625,168.33357981937147,166.5057596776051,0.0,0.3,10,0.5,1,,13873.761904761905,13693.0,9132.0,18027.0,291349.0,2599.554536930547,0.31446333742072563,2.5535645555844284
ID1325570,1325570,19,4303.44677734375,169.3962807500421,166.76316027476818,0.0,0.3,10,0.5,1,,12483.142857142857,12705.0,7246.0,17955.0,262146.0,3044.4488053786404,0.3113062846040233,1.9468343772158823
ID1325571,1325571,12,3108.960205078125,202.9362765716027,173.86651392947195,0.0,0.3,10,0.5,1,,9461.238095238095,9443.0,3770.0,13289.0,198686.0,2927.711032611687,0.2974981882448411,1.4819287489583084
ID1325580,1325580,32,3233.304931640625,126.144,224.037,0.0,0.3,10,0.5,1,,4400.238095238095,3522.0,1815.0,17577.0,92405.0,3902.886110364507,0.5004566355409554,0.7520787145511064
ID1325576,1325576,34,4301.73291015625,199.78527416899408,200.05393267841896,0.0,0.3,10,0.5,1,,11952.380952380952,12791.0,5845.0,16391.0,251000.0,2909.461126672609,0.36101005838944333,2.179364292271763
ID1325577,1325577,37,2479.685302734375,198.85822865426337,200.83358544167226,0.0,0.3,10,0.5,1,,8436.142857142857,8818.0,5038.0,12527.0,177159.0,2198.6485232004293,0.20890375766587133,1.3260888917409102
ID1325578,1325578,2,16596.205078125,83.69484042988822,211.90847480834924,0.0,0.3,10,0.5,1,,21140.52380952381,15788.0,8228.0,54913.0,443951.0,14107.491001659535,0.7288500256648094,1.2635045502127114
ID1325579,1325579,3,19672.759765625,138.23743734002412,222.06283137495885,0.0,0.3,10,0.5,1,,27662.190476190477,25060.0,10826.0,61882.0,580906.0,13566.78884857816,0.7284068481527833,1.718571238043036
ID1325556,1325556,26,26971.693359375,82.59651098958973,79.20202603880715,0.0,0.3,10,0.5,1,,42331.76190476191,42465.0,14252.0,65535.0,888967.0,18678.016334463256,0.6720234994792862,1.821829258111197
ID1325557,1325557,8,6650.15869140625,104.28463240928338,83.71175004024127,0.0,0.3,10,0.5,1,,16110.761904761905,15518.0,10307.0,24268.0,338326.0,3999.1574100647995,0.38508898559164695,2.240066945919336
ID1325558,1325558,9,6849.08837890625,78.38541390201503,92.97723273461509,0.0,0.3,10,0.5,1,,13206.52380952381,11634.0,7087.0,23182.0,277337.0,4903.808148970019,0.48380470354615995,1.756217846793221
ID1325559,1325559,10,4965.9970703125,113.2902052572123,130.0021741392565,0.0,0.3,10,0.5,1,,13665.380952380952,12619.0,7800.0,19997.0,286973.0,3407.0893512819775,0.3439709203683931,2.053052580299349
ID1325552,1325552,23,1859.79736328125,88.96305928579868,57.18311500859231,0.0,0.3,10,0.5,1,,7828.666666666667,7854.0,5743.0,9267.0,164402.0,890.0952945237566,0.22828515266549163,3.269337505465145
ID1325553,1325553,35,2900.619140625,120.32553711031386,57.770399848213884,0.0,0.3,10,0.5,1,,8645.714285714286,8680.0,4265.0,12275.0,181560.0,2307.6395763389296,0.29028565978348997,1.685786640952222
ID1325554,1325554,24,22449.107421875,8.4746807983333,75.6888905778591,0.0,0.3,10,0.5,1,,26530.714285714286,21903.0,6097.0,65535.0,557145.0,19887.618070404653,0.7854669100446287,1.1737409463264286
ID1325555,1325555,25,2662.414306640625,54.356884062498736,76.62438075856838,0.0,0.3,10,0.5,1,,7732.285714285715,7601.0,4592.0,10352.0,162378.0,1666.7996623126949,0.31996249559592793,2.2490130158396275
ID1325564,1325564,5,4250.34375,135.60510695082965,147.16040107432195,0.0,0.3,10,0.5,1,,16409.85714285714,16598.0,10693.0,20786.0,344607.0,3084.613886464792,0.23398612472285807,2.017501261121314
ID1325565,1325565,6,4580.2392578125,135.33429090006652,147.8213541391193,0.0,0.3,10,0.5,1,,16487.809523809523,16673.0,9871.0,21834.0,346244.0,3549.0794245698085,0.22753555267428136,1.7222350548648608
ID1325566,1325566,7,26860.388671875,46.55586752266455,156.80171384926183,0.0,0.3,10,0.5,1,,46819.09523809524,49394.0,14494.0,65535.0,983201.0,17817.51021300328,0.6382129927505128,2.047393270168034
ID1325567,1325567,17,3774.302734375,110.33184359834792,160.11279320387047,0.0,0.3,10,0.5,1,,8864.333333333334,8792.0,6113.0,13023.0,186151.0,2112.043970501877,0.4103828177746918,2.4424477376377975
ID1325560,1325560,38,1595.35546875,111.90895581616263,130.89699671625934,0.0,0.3,10,0.5,1,,7606.0,7508.0,5253.0,10100.0,159726.0,1404.1668704253068,0.16277236007852985,1.5165389022214522
ID1325561,1325561,11,8060.4248046875,92.53838843863704,133.75617787377323,0.0,0.3,10,0.5,1,,16300.0,15959.0,3686.0,27592.0,342300.0,7212.373409634307,0.4646704993866663,1.4339848511879414
ID1325562,1325562,36,1799.0343017578125,91.47509748499972,134.62184083783734,0.0,0.3,10,0.5,1,,7752.9047619047615,7521.0,2854.0,11837.0,162811.0,2676.9912384010877,0.16174977958355757,0.8064521307548234
ID1325563,1325563,4,21970.57421875,54.958986058116444,141.89085963888314,0.0,0.3,10,0.5,1,,38136.47619047619,33456.0,15041.0,65535.0,800866.0,14858.856095336032,0.5511264387084612,1.8238504552272004
ID1325548,1325548,22,18709.330078125,109.05703859297226,33.16355678310456,0.0,0.3,10,0.5,1,,26968.190476190477,23434.0,11348.0,55737.0,566332.0,12903.450742414014,0.7453367105821471,1.7850452229850804
ID1325549,1325549,27,1749.417236328125,133.52259488245562,39.17136358359859,0.0,0.3,10,0.5,1,,6314.285714285715,6230.0,4091.0,8254.0,132600.0,1060.0256668051554,0.24198089149249377,2.3211542510310097
ID1325550,1325550,28,2568.039306640625,93.61304435896413,44.89882204230069,0.0,0.3,10,0.5,1,,7303.142857142857,7601.0,4064.0,10883.0,153366.0,2064.258735859298,0.2895017511601799,1.5885647422252474
ID1325551,1325551,29,3909.471923828125,221.85317065949974,45.41716507995364,0.0,0.3,10,0.5,1,,10808.666666666666,10195.0,6604.0,14945.0,226982.0,2550.99698810746,0.36018441374868193,2.243981618780357
ID1325544,1325544,39,1453.025390625,193.75721586671148,5.8387663753562125,0.0,0.3,10,0.5,1,,13292.809523809523,13444.0,10400.0,15242.0,279149.0,1509.4264016190928,0.08323454255828976,1.3533680884462431
ID1325545,1325545,31,3859.19921875,194.40397805881534,7.695936897193679,0.0,0.3,10,0.5,1,,31105.52380952381,32640.0,22611.0,36994.0,653216.0,4126.172119762427,0.11114553973167011,1.5081386375505308
ID1325546,1325546,20,7260.33447265625,193.99490639539164,8.75216366604829,0.0,0.3,10,0.5,1,,37101.42857142857,38534.0,25764.0,42654.0,779130.0,4556.228644080854,0.20211176957995736,2.7381792379755594
ID1325547,1325547,21,8772.2734375,2.212965021531861,28.792357339743948,0.0,0.3,10,0.5,1,,15903.238095238095,12441.0,8140.0,27236.0,333968.0,5873.046227510575,0.5634114351184145,1.9516615700830948
ID1325524,1325524,11,6674.49267578125,92.64892437853419,133.6641818751977,0.0,0.32999999999999996,11,0.5,1,,15418.42857142857,15799.0,7646.0,23296.0,323787.0,4368.601636352628,0.4403577415196007,2.15805708876549
ID1325525,1325525,36,1779.2755126953125,91.542,134.466,0.0,0.32999999999999996,11,0.5,1,,7622.619047619048,7834.0,3930.0,11575.0,160075.0,2027.626999134468,0.16167931637028998,1.0464400509345921
ID1325526,1325526,4,21934.546875,54.936684765508474,141.87461803821364,0.0,0.32999999999999996,11,0.5,1,,37793.142857142855,32698.0,13143.0,65535.0,793656.0,15542.718791401057,0.5490864771153824,1.7237770746807646
ID1325527,1325527,5,4065.72900390625,135.61960502927946,147.09856300995122,0.0,0.32999999999999996,11,0.5,1,,16265.52380952381,16684.0,10451.0,20593.0,341576.0,2997.7366064924317,0.2279520338686851,2.0144971013069215
ID1325520,1325520,8,8195.5263671875,104.45014523452306,83.86595661931437,0.0,0.32999999999999996,11,0.5,1,,18462.47619047619,15970.0,13313.0,27545.0,387712.0,4329.129411545093,0.44006261848973555,2.6064684779990652
ID1325521,1325521,9,6943.77685546875,78.3153276229482,92.92968752576029,0.0,0.32999999999999996,11,0.5,1,,13624.809523809523,12778.0,7411.0,23685.0,286121.0,4795.76123904274,0.5068133229646293,1.9111353840716194
ID1325522,1325522,10,3963.721435546875,113.63027828451506,130.2204395007946,0.0,0.32999999999999996,11,0.5,1,,10992.285714285714,11829.0,4406.0,16883.0,230838.0,3771.6105332186294,0.28301674017779793,1.2857927285396964
ID1325523,1325523,38,1695.6881103515625,111.95214748159461,131.1548878125973,0.0,0.32999999999999996,11,0.5,1,,7539.952380952381,7528.0,5768.0,9413.0,158339.0,1138.6710884267889,0.19469520701300036,2.158233571927625
ID1325532,1325532,18,4393.84130859375,168.27526993758394,166.62139302951732,0.0,0.32999999999999996,11,0.5,1,,13462.857142857143,13945.0,7140.0,17687.0,282720.0,3025.9194682891725,0.3219905350347593,2.1673279289696414
ID1325533,1325533,19,4646.501953125,169.36883486474665,166.83961321480152,0.0,0.32999999999999996,11,0.5,1,,12528.904761904761,12305.0,7103.0,18709.0,263107.0,3045.1275983899573,0.322774973852776,2.007943522242499
ID1325534,1325534,33,1609.5697021484375,201.9292086982313,173.724104287323,0.0,0.32999999999999996,11,0.5,1,,7765.380952380952,7767.0,4993.0,10582.0,163073.0,1706.4118927208187,0.10290931194556907,0.8492269413748399
ID1325535,1325535,12,2330.950439453125,203.08588882294336,173.76644013318847,0.0,0.32999999999999996,11,0.5,1,,8389.619047619048,8489.0,5831.0,11005.0,176182.0,1635.9750754883303,0.24256615495003644,2.002194378953417
ID1325528,1325528,6,4647.0244140625,135.32969702262926,147.83789915882204,0.0,0.32999999999999996,11,0.5,1,,16476.095238095237,16599.0,9967.0,22133.0,345998.0,3444.8277737030903,0.23088448192832442,1.7942965548817111
ID1325529,1325529,7,28026.693359375,46.579483214568356,156.846576865974,0.0,0.32999999999999996,11,0.5,1,,48715.42857142857,53369.0,16994.0,65535.0,1023024.0,17390.154607051165,0.6709121685985356,2.2495990877497625
ID1325530,1325530,17,4046.428466796875,110.30398873058635,160.23840974872616,0.0,0.32999999999999996,11,0.5,1,,9306.238095238095,9184.0,5760.0,14007.0,195431.0,2483.3182016157716,0.4190862932910597,2.213433278221563
ID1325531,1325531,16,2931.47900390625,118.0964464032734,160.658903221917,0.0,0.32999999999999996,11,0.5,1,,8004.809523809524,8057.0,5025.0,11549.0,168101.0,2055.0274358034158,0.32541144066778943,1.9126939147852577
ID1325509,1325509,31,3943.701416015625,194.38870758626683,7.69966351427956,0.0,0.32999999999999996,11,0.5,1,,31256.571428571428,32648.0,22540.0,37313.0,656388.0,4216.607683570154,0.11272442864496046,1.5018914950805018
ID1325510,1325510,20,7298.310546875,193.9692539586827,8.754091874619304,0.0,0.32999999999999996,11,0.5,1,,37160.28571428572,38120.0,25622.0,43157.0,780366.0,4718.881585109518,0.2036151672298255,2.6643571124902308
ID1325511,1325511,21,5454.80908203125,2.4966766480698936,29.012724121525597,0.0,0.32999999999999996,11,0.5,1,,11881.0,11266.0,5401.0,18689.0,249501.0,4289.321333264739,0.44831330644546863,1.7148001690444687
ID1325516,1325516,35,2288.929931640625,120.70730350508528,58.18397157909917,0.0,0.32999999999999996,11,0.5,1,,7179.809523809524,7458.0,3106.0,9744.0,150776.0,2017.9279625161948,0.2701112405412731,1.513345738019502
ID1325517,1325517,24,23573.591796875,8.579129372523735,75.60806771097589,0.0,0.32999999999999996,11,0.5,1,,27702.04761904762,17157.0,9339.0,65535.0,581743.0,19541.676799794306,0.8086450329314768,1.2676069865386879
ID1325518,1325518,25,2753.822265625,54.30486001735338,76.65769648750272,0.0,0.32999999999999996,11,0.5,1,,7796.047619047619,7692.0,4572.0,10642.0,163717.0,1755.365075310275,0.3222388820945255,2.1647365187175382
ID1325519,1325519,26,27605.849609375,82.3059342265271,79.19583092380154,0.0,0.32999999999999996,11,0.5,1,,44595.52380952381,49067.0,14058.0,65535.0,936506.0,20095.136527575643,0.7153457886987047,1.8509498329586547
ID1325512,1325512,22,13054.783203125,109.37289218939115,32.753682774359085,0.0,0.32999999999999996,11,0.5,1,,21676.04761904762,20862.0,7574.0,43410.0,455197.0,10017.169642549688,0.6147831074272732,1.6476797021210035
ID1325513,1325513,28,2746.8544921875,93.7358810463921,44.8260158015779,0.0,0.32999999999999996,11,0.5,1,,7340.142857142857,7851.0,3045.0,11372.0,154143.0,2429.2438800111095,0.2997852916902508,1.3938052432707466
ID1325514,1325514,29,3345.354248046875,221.80757590481593,45.14087114872296,0.0,0.32999999999999996,11,0.5,1,,9982.47619047619,10249.0,5659.0,13304.0,209632.0,2062.47449969806,0.3332537778864924,2.419590939068286
ID1325515,1325515,23,1872.0775146484375,88.9686146817675,57.200828971523066,0.0,0.32999999999999996,11,0.5,1,,7822.857142857143,7851.0,5843.0,9196.0,164280.0,903.6204560386117,0.22780395837675665,3.212488474948646
ID1325540,1325540,37,2164.155029296875,198.71446608477055,200.8192350980399,0.0,0.32999999999999996,11,0.5,1,,7314.0952380952385,7612.0,3709.0,10588.0,153596.0,2119.642444016488,0.21999476083384162,1.244464098061459
ID1325541,1325541,2,13799.275390625,83.89878363330433,211.76765961590536,0.0,0.32999999999999996,11,0.5,1,,18212.47619047619,13037.0,6350.0,45528.0,382462.0,10808.61832807065,0.6660404017396175,1.3472365497764498
ID1325542,1325542,3,21781.97265625,138.52149376555755,222.13152508428385,0.0,0.32999999999999996,11,0.5,1,,28251.04761904762,27270.0,4734.0,65535.0,593272.0,18386.75572110586,0.7554109147104848,1.3224032495234603
ID1325543,1325543,32,2859.099853515625,126.144,224.037,0.0,0.32999999999999996,11,0.5,1,,4157.0,3547.0,1652.0,13679.0,87297.0,3224.6389875457376,0.48756836165108536,0.845059917844861
ID1325536,1325536,14,20148.54296875,82.10646577416287,182.66896337182882,0.0,0.32999999999999996,11,0.5,1,,23305.809523809523,14311.0,6293.0,65535.0,489422.0,17066.96085604888,0.725790649277366,1.1485800087938731
ID1325537,1325537,15,22640.150390625,37.29692153844312,183.99914809559738,0.0,0.32999999999999996,11,0.5,1,,26295.428571428572,18117.0,5791.0,65535.0,552204.0,19429.788062589432,0.7822738312560242,1.1880276751085317
ID1325538,1325538,1,20254.4609375,15.472575385139201,190.72105076572424,0.0,0.32999999999999996,11,0.5,1,,25131.714285714286,18994.0,5430.0,65535.0,527766.0,17035.500304196696,0.7330492461373592,1.2480140209234225
ID1325539,1325539,34,3461.85302734375,199.78497510310743,199.90880142807055,0.0,0.32999999999999996,11,0.5,1,,10736.761904761905,10798.0,7079.0,14505.0,225472.0,2129.144591256355,0.3320643283979758,2.5141731766524527
ID1325588,1325588,23,1873.9385986328125,88.94487790673249,57.199224856732265,0.0,0.36,12,0.5,1,,7867.238095238095,7888.0,5865.0,9166.0,165212.0,898.2966049563976,0.22912695566098168,3.2652164284006973
ID1325589,1325589,35,1677.1785888671875,120.94574581093029,57.803696888696,0.0,0.36,12,0.5,1,,6219.142857142857,6267.0,3943.0,7940.0,130602.0,1070.9087396092295,0.23883109883232323,2.2391688479419876
ID1325590,1325590,24,22187.87890625,8.444009107962886,75.62985486189942,0.0,0.36,12,0.5,1,,26142.619047619046,18632.0,4019.0,65535.0,548995.0,20603.18818162905,0.7845608206676472,1.1156807078251583
ID1325591,1325591,25,2787.51318359375,54.323887894936114,76.58946691643821,0.0,0.36,12,0.5,1,,7889.333333333333,8277.0,3912.0,10808.0,165676.0,1914.241816838545,0.32459044883192356,2.0198895372213994
ID1325584,1325584,22,7331.8857421875,109.95243486476191,32.98695295976153,0.0,0.36,12,0.5,1,,13966.095238095239,12784.0,3853.0,25401.0,293288.0,6055.853481589212,0.46666168784393564,1.4675801731783045
ID1325585,1325585,27,1711.3515625,133.58323626516295,39.173843577199285,0.0,0.36,12,0.5,1,,6109.476190476191,5963.0,3933.0,8069.0,128299.0,1016.8423485992122,0.242741922379005,2.3471680521317797
ID1325586,1325586,28,2568.08154296875,93.74977200927138,44.82546110279936,0.0,0.36,12,0.5,1,,7040.571428571428,7134.0,3067.0,10655.0,147852.0,2219.0854551239922,0.29339925360571634,1.4394290936556366
ID1325587,1325587,29,3083.13427734375,222.05317185740427,44.90750851480537,0.0,0.36,12,0.5,1,,9398.809523809523,9850.0,5121.0,13055.0,197375.0,2101.4729029670502,0.30863606456350845,2.1096326454362604
ID1325596,1325596,11,9583.9697265625,92.51680165249108,133.510579139453,0.0,0.36,12,0.5,1,,19317.809523809523,17318.0,9332.0,31389.0,405674.0,6725.140151841058,0.49598823713737744,1.9047138244456776
ID1325597,1325597,36,2327.871337890625,91.52004034188586,134.30579186725987,0.0,0.36,12,0.5,1,,9072.190476190477,8788.0,4490.0,14576.0,190516.0,2856.792390410049,0.15501015773961535,0.8523889867187018
ID1325598,1325598,4,22054.98046875,54.94596769068412,141.86070121386865,0.0,0.36,12,0.5,1,,38045.142857142855,33924.0,13247.0,65535.0,798948.0,15634.12923154249,0.5501166128676809,1.7272130353144757
ID1325599,1325599,5,4029.012451171875,135.561,147.168,0.0,0.36,12,0.5,1,,16162.619047619048,16287.0,10721.0,20260.0,339415.0,2947.7162087994575,0.22641453816843543,2.0245247127122425
ID1325592,1325592,26,24657.861328125,82.15304124345931,79.09960715827019,0.0,0.36,12,0.5,1,,43038.0,50202.0,18965.0,65535.0,903798.0,16586.765266320013,0.6698176130183867,2.0816509252269864
ID1325593,1325593,8,6136.14501953125,104.4956325218014,83.67896726969383,0.0,0.36,12,0.5,1,,15608.714285714286,14853.0,10680.0,22305.0,327783.0,3320.1790635876428,0.38093288814663395,2.5936508764803707
ID1325594,1325594,9,6865.06005859375,78.27744174936181,92.88985671644335,0.0,0.36,12,0.5,1,,13139.190476190477,13075.0,5625.0,24050.0,275923.0,5201.440633315425,0.47267487557143884,1.6215509504200833
ID1325595,1325595,10,3113.960205078125,113.50303493246128,130.49857934105054,0.0,0.36,12,0.5,1,,10328.47619047619,10307.0,6091.0,14122.0,216898.0,2346.928580486582,0.2474211314455539,1.7457822213007965
ID1325581,1325581,31,3880.259033203125,194.3770572349729,7.696261632709225,0.0,0.36,12,0.5,1,,31123.0,32612.0,22255.0,36565.0,653583.0,4084.499565430262,0.11177682566026423,1.5321692747402391
ID1325582,1325582,20,7226.6259765625,193.96859866856045,8.756975187893682,0.0,0.36,12,0.5,1,,36918.90476190476,38068.0,25763.0,43081.0,775297.0,4593.9545372670145,0.2020849224297878,2.7020343980900634
ID1325583,1325583,21,4604.46630859375,2.6927546842513057,29.223226323700523,0.0,0.36,12,0.5,1,,10696.380952380952,10895.0,5072.0,16258.0,224624.0,3761.6953023363076,0.42252679514448027,1.689184325457775
ID1325604,1325604,18,4335.759765625,168.29173905252512,166.6029467586038,0.0,0.36,12,0.5,1,,13372.0,14083.0,6929.0,17983.0,280812.0,3181.387700359703,0.3183912407528127,2.030142711591338
ID1325605,1325605,19,4460.31640625,169.39678321688248,166.80315843483538,0.0,0.36,12,0.5,1,,11019.380952380952,11479.0,3565.0,18044.0,231407.0,4463.803775662529,0.32808581217968213,1.2196730022194766
ID1325606,1325606,12,1755.1485595703125,203.08407255511503,174.4917798806838,0.0,0.36,12,0.5,1,,6862.047619047619,6832.0,4230.0,8970.0,144103.0,1382.324038573824,0.2118073851038739,1.7353271694730596
ID1325607,1325607,14,17339.146484375,81.77178323102416,183.0437979702609,0.0,0.36,12,0.5,1,,22140.904761904763,16157.0,8103.0,56478.0,464959.0,14998.613922308827,0.7019658572111607,1.2176974004105803
ID1325600,1325600,6,4559.9189453125,135.33176263014343,147.84869309088467,0.0,0.36,12,0.5,1,,16342.666666666666,16184.0,9935.0,21983.0,343196.0,3379.899796345054,0.2264667434361514,1.7856558131766866
ID1325601,1325601,7,27910.01953125,46.43886581102272,156.67452932038674,0.0,0.36,12,0.5,1,,49342.80952380953,51072.0,22136.0,65535.0,1036199.0,15372.792032090487,0.6826881361645565,2.6044728873288934
ID1325602,1325602,17,5747.25341796875,110.41686887661564,159.97734713305502,0.0,0.36,12,0.5,1,,10932.142857142857,9427.0,5523.0,19644.0,229575.0,4282.788207298072,0.470916836255385,1.634424239147458
ID1325603,1325603,16,1853.3895263671875,117.98028973082931,160.75686524864915,0.0,0.36,12,0.5,1,,6303.380952380952,6112.0,4559.0,8325.0,132371.0,1205.2136937568573,0.25587420280537604,2.131178647013646
ID1325612,1325612,2,15311.70703125,83.65523934559187,211.69682150265368,0.0,0.36,12,0.5,1,,19867.190476190477,13569.0,7147.0,50623.0,417211.0,12832.813244254152,0.6933899547717782,1.2678420265454666
ID1325613,1325613,3,25188.36328125,138.54662127973415,222.11941002568815,0.0,0.36,12,0.5,1,,29524.85714285714,21761.0,5199.0,65535.0,620022.0,21211.67551440884,0.8202266982552865,1.2544439087229136
ID1325614,1325614,32,2561.3125,126.144,224.037,0.0,0.36,12,0.5,1,,3878.0,2779.0,1819.0,12407.0,81438.0,2853.7958231099856,0.47326799983004286,0.8730523528412613
ID1325608,1325608,15,19603.0390625,37.64279879347747,184.0722985894773,0.0,0.36,12,0.5,1,,24376.333333333332,18406.0,5071.0,63126.0,511903.0,17233.977794848564,0.742760921645114,1.2056578550289914
ID1325609,1325609,1,20623.1875,15.681969230288926,190.8389425720901,0.0,0.36,12,0.5,1,,23923.0,18865.0,3040.0,65535.0,502383.0,20034.351968556406,0.7498597242607252,1.0234040449266721
ID1325610,1325610,34,3574.718017578125,199.75708942555946,199.96459256156143,0.0,0.36,12,0.5,1,,10543.857142857143,10626.0,6713.0,14765.0,221421.0,2356.7955848082006,0.3319322238829166,2.2298460618556963
ID1325611,1325611,37,2150.2265625,198.6748155231197,200.85443501527305,0.0,0.36,12,0.5,1,,7482.523809523809,7756.0,4394.0,10535.0,157133.0,1820.5202723135935,0.2169298458313014,1.4653330627160384
ID1325652,1325652,31,3853.243408203125,194.32367062188672,7.751143904483372,0.0,0.39,13,0.5,1,,31682.809523809523,32923.0,22400.0,37110.0,665339.0,4514.848309955139,0.10669725568287236,1.3531157053312324
ID1325653,1325653,20,7192.12841796875,193.96066356179338,8.754364368966836,0.0,0.39,13,0.5,1,,36921.0,38262.0,25371.0,43086.0,775341.0,4681.8564053161645,0.20211986385951713,2.6518355291283906
ID1325654,1325654,21,5100.8251953125,2.478306500320889,29.26911986754347,0.0,0.39,13,0.5,1,,11165.190476190477,12114.0,4781.0,17572.0,234469.0,4148.986522261161,0.4402815766322497,1.6452701394568507
ID1325655,1325655,22,4963.5341796875,109.92251637582132,33.186200557615244,0.0,0.39,13,0.5,1,,10840.047619047618,11553.0,2670.0,17966.0,227641.0,4709.7449344544175,0.40283546722400443,1.321857870259058
ID1325660,1325660,35,1521.2275390625,120.69846999540628,57.64367947187144,0.0,0.39,13,0.5,1,,5871.714285714285,5879.0,4047.0,7337.0,123306.0,936.7922471315154,0.22930020150868832,2.3382885674076657
ID1325661,1325661,24,22921.107421875,8.543074763082513,75.62749840313957,0.0,0.39,13,0.5,1,,26259.428571428572,17561.0,5164.0,65535.0,551448.0,20014.465822428112,0.7986359222588473,1.1651365903572406
ID1325662,1325662,25,2807.44189453125,54.28922355732354,76.58846719144145,0.0,0.39,13,0.5,1,,7954.190476190476,8658.0,3956.0,10855.0,167038.0,2011.6285347709606,0.32533151066888233,1.9412425454025133
ID1325663,1325663,26,25879.740234375,81.89641044340776,79.1108464870817,0.0,0.39,13,0.5,1,,43805.71428571428,45048.0,12332.0,65535.0,919920.0,19069.236248845566,0.6752156940914723,1.8518220785536035
ID1325656,1325656,27,2155.56689453125,133.58180414199938,39.099012258575165,0.0,0.39,13,0.5,1,,7096.523809523809,6740.0,4820.0,9831.0,149027.0,1421.038480092908,0.27750686307125966,2.1696031755564564
ID1325657,1325657,28,2437.431640625,93.71923682543543,44.89749132030221,0.0,0.39,13,0.5,1,,6842.333333333333,6697.0,3437.0,10032.0,143689.0,1898.9408714684437,0.28763323155041964,1.6097916310807134
ID1325658,1325658,29,3922.04296875,221.98312795430778,45.31504173392437,0.0,0.39,13,0.5,1,,10124.952380952382,10889.0,3654.0,15799.0,212624.0,3306.1340032761905,0.3474448749491563,1.5793465489137954
ID1325659,1325659,23,1906.9466552734375,88.97259558375657,57.173913063053746,0.0,0.39,13,0.5,1,,7875.9047619047615,7899.0,5578.0,9259.0,165394.0,961.6520631060853,0.23174238772218803,3.0817547512601884
ID1325684,1325684,2,14566.8359375,83.7346081345534,211.76916202132566,0.0,0.39,13,0.5,1,,18930.285714285714,13755.0,4687.0,48077.0,397536.0,12510.970774255917,0.6757902436739447,1.2203612661901047
ID1325685,1325685,3,22612.298828125,138.57424454921915,222.17353057337945,0.0,0.39,13,0.5,1,,28851.04761904762,23906.0,5086.0,65535.0,605872.0,18770.106183706554,0.7733873462400682,1.3406589462336824
ID1325686,1325686,32,8180.02685546875,126.144,224.037,0.0,0.39,13,0.5,1,,8371.285714285714,4640.0,2338.0,44010.0,175797.0,10013.381377650896,0.6841009025688498,0.6791934012990198
ID1325680,1325680,15,19504.99609375,37.63279783638312,184.38384741679297,0.0,0.39,13,0.5,1,,23337.285714285714,17942.0,6615.0,65535.0,490083.0,16155.357631890598,0.7288371962517786,1.2179801019382097
ID1325681,1325681,1,12977.833984375,15.974168756516553,190.4731531395941,0.0,0.39,13,0.5,1,,19248.0,17129.0,4918.0,39209.0,404208.0,10104.297422384201,0.6644835354891564,1.520947436593929
ID1325682,1325682,34,2518.12939453125,199.76374840325602,199.825712697454,0.0,0.39,13,0.5,1,,8572.047619047618,9096.0,4913.0,11587.0,180013.0,1976.2539431001896,0.2664611747291665,1.8252143684901743
ID1325683,1325683,37,1713.5919189453125,198.4417456626263,200.91001220294146,0.0,0.39,13,0.5,1,,6403.761904761905,6506.0,4077.0,8798.0,134479.0,1286.796056287161,0.19686342835003268,1.637102598836134
ID1325668,1325668,36,2258.852783203125,91.75928722377952,134.42021389883593,0.0,0.39,13,0.5,1,,9116.095238095239,8867.0,3456.0,14913.0,191438.0,3349.1940956708063,0.15220584170815474,0.7191173728214404
ID1325669,1325669,4,21904.16015625,54.924570065388316,141.86628769259022,0.0,0.39,13,0.5,1,,37709.09523809524,33294.0,12341.0,65535.0,791891.0,15958.422891704437,0.5456913451393353,1.6684393694949373
ID1325670,1325670,5,3916.753662109375,135.561,147.168,0.0,0.39,13,0.5,1,,16125.809523809523,16349.0,10321.0,20420.0,338642.0,2990.6753521411783,0.2238594267420272,1.9725412764102057
ID1325671,1325671,6,4706.8466796875,135.33251678222186,147.8240434551836,0.0,0.39,13,0.5,1,,16442.714285714286,16634.0,10206.0,22317.0,345297.0,3469.008765380352,0.23262661760222622,1.7890643970475806
ID1325664,1325664,8,4672.51953125,104.46711466308098,83.71025617521673,0.0,0.39,13,0.5,1,,13998.285714285714,13316.0,10541.0,17987.0,293964.0,2032.6507113337782,0.36156351791530944,3.6575375194310484
ID1325665,1325665,9,7205.91357421875,78.17510893832272,92.77722800194178,0.0,0.39,13,0.5,1,,13344.238095238095,11944.0,6738.0,24937.0,280229.0,5185.272103802865,0.48995436720903307,1.692524219725604
ID1325666,1325666,10,1853.3363037109375,113.71036625173817,130.7749523549029,0.0,0.39,13,0.5,1,,8002.761904761905,7986.0,5669.0,9869.0,168058.0,1092.1031958913914,0.2036670715358464,2.4798228237645628
ID1325667,1325667,11,10475.140625,92.65389113336292,133.6748100345399,0.0,0.39,13,0.5,1,,19995.571428571428,18876.0,9120.0,33782.0,419907.0,7149.309222375464,0.5155257186041282,1.9027720323695523
ID1325676,1325676,19,4733.1259765625,169.30991310485194,166.87674551093397,0.0,0.39,13,0.5,1,,11995.285714285714,11916.0,5996.0,18524.0,251901.0,3174.1552599527504,0.3358574717941971,1.9002350179724334
ID1325677,1325677,33,1559.276123046875,201.85930258792723,174.1239258185869,0.0,0.39,13,0.5,1,,7379.571428571428,7567.0,5500.0,9278.0,154971.0,1277.3685674631488,0.1209500658919338,1.2467080212099293
ID1325678,1325678,12,2246.85986328125,203.01197142308104,174.50887071030525,0.0,0.39,13,0.5,1,,7574.142857142857,8080.0,4000.0,10202.0,159057.0,1845.6958656754446,0.2511504875968417,1.6475091093986378
ID1325679,1325679,14,9028.861328125,81.98774811986651,182.87874894873767,0.0,0.39,13,0.5,1,,14646.285714285714,12384.0,6750.0,30789.0,307572.0,6896.492087596833,0.5386309350790501,1.4869148126833869
ID1325672,1325672,7,27850.44140625,46.47041766443738,156.4217290342666,0.0,0.39,13,0.5,1,,49549.23809523809,48702.0,28325.0,65535.0,1040534.0,14386.90452427054,0.6778106658960279,2.7826915077575642
ID1325673,1325673,17,6078.78076171875,110.36601317133194,159.92431226903165,0.0,0.39,13,0.5,1,,11265.666666666666,9975.0,6237.0,20653.0,236579.0,4093.468118030643,0.4848970804683552,1.7974163849617133
ID1325674,1325674,16,1799.5455322265625,118.02162487900092,160.58891897991495,0.0,0.39,13,0.5,1,,6077.714285714285,6133.0,3714.0,8001.0,127632.0,1264.768838280622,0.2524704898912407,1.9373239149568429
ID1325675,1325675,18,4139.384765625,168.15985903175326,166.71838322058338,0.0,0.39,13,0.5,1,,13339.095238095239,13430.0,8794.0,17059.0,280121.0,2244.7615219608947,0.3031406263036107,2.7646427464271115
ID1325648,1325648,37,1803.6441650390625,198.4562005023278,200.86051710612747,0.0,0.42,14,0.5,1,,6519.714285714285,6793.0,3797.0,9057.0,136914.0,1470.3699242999069,0.20550792341374888,1.511786457006223
ID1325649,1325649,2,8540.6025390625,83.74141582191125,211.87588817870102,0.0,0.42,14,0.5,1,,13428.333333333334,13218.0,2723.0,29745.0,281995.0,7732.690478309172,0.5434803650721313,1.2229374132786766
ID1325650,1325650,3,22818.6796875,138.37971189646316,222.18263840003843,0.0,0.42,14,0.5,1,,30273.380952380954,24254.0,6453.0,65535.0,635741.0,17760.98039094743,0.7920345224387748,1.5066824397717244
ID1325651,1325651,32,13208.55859375,126.144,224.037,0.0,0.42,14,0.5,1,,12747.47619047619,9663.0,3158.0,63336.0,267697.0,15125.957161842842,0.7694525791491927,0.7329498673780879
ID1325636,1325636,6,4625.9267578125,135.3353551986933,147.84212669124443,0.0,0.42,14,0.5,1,,16381.47619047619,16076.0,10024.0,21912.0,344011.0,3398.855198725706,0.23036001679926082,1.8047841158359859
ID1325637,1325637,7,22292.21875,46.0878275739217,156.36038203561034,0.0,0.42,14,0.5,1,,42936.76190476191,39416.0,27458.0,65535.0,901672.0,12269.436172476557,0.5764660032014003,2.5593151607460363
ID1325638,1325638,17,9614.521484375,109.98299742984847,160.24744683941998,0.0,0.42,14,0.5,1,,14688.47619047619,11044.0,7232.0,32362.0,308458.0,7394.247782019802,0.580032879484386,1.4584758005889078
ID1325639,1325639,16,1957.4876708984375,117.79816685784895,160.51042113340353,0.0,0.42,14,0.5,1,,6473.9047619047615,6566.0,4558.0,8690.0,135952.0,1164.6507160845222,0.2681485612674573,2.350747276360389
ID1325632,1325632,10,1969.341552734375,113.93848606332733,130.52174644680076,0.0,0.42,14,0.5,1,,7915.142857142857,7986.0,5127.0,9984.0,166218.0,1371.686527079503,0.21149512558650987,2.0147101377190415
ID1325633,1325633,11,13772.578125,92.3587574412116,133.85291853273512,0.0,0.42,14,0.5,1,,23320.904761904763,21920.0,8987.0,44068.0,489739.0,9912.807810629449,0.5666377171082715,1.7018277693148187
ID1325634,1325634,4,22066.052734375,54.92243022264468,141.89240943741453,0.0,0.42,14,0.5,1,,37760.52380952381,32241.0,13087.0,65535.0,792971.0,15871.893231807755,0.5487188083536478,1.6858407465983194
ID1325635,1325635,5,3907.32763671875,135.62690824676196,147.11650992108346,0.0,0.42,14,0.5,1,,16042.095238095239,16205.0,10655.0,20298.0,336884.0,2924.496690112025,0.22282231504061834,1.9991034948515405
ID1325644,1325644,14,7575.8251953125,81.84719851845271,182.63431817989445,0.0,0.42,14,0.5,1,,13094.380952380952,10317.0,6970.0,25446.0,274982.0,5415.333862987493,0.5127692597904656,1.6392267077790463
ID1325645,1325645,15,16701.697265625,37.44998687100687,184.10292964461115,0.0,0.42,14,0.5,1,,22853.095238095237,17000.0,9739.0,51497.0,479915.0,12961.400973292826,0.7126219845934858,1.4673062948428832
ID1325646,1325646,1,14865.671875,15.676467674782952,189.87793801976616,0.0,0.42,14,0.5,1,,20946.571428571428,16371.0,5225.0,48307.0,439878.0,11878.12517854324,0.6929812667321004,1.4436582162389586
ID1325647,1325647,34,2766.740966796875,199.70960286950972,199.80643736463162,0.0,0.42,14,0.5,1,,8769.0,9193.0,4515.0,12438.0,184149.0,2303.9779512833884,0.28077333307709307,1.6687271352463091
ID1325640,1325640,18,5117.037109375,168.41184479905957,166.60529896223196,0.0,0.42,14,0.5,1,,15048.57142857143,15441.0,9436.0,19844.0,316020.0,2735.044543904698,0.3431455718888744,2.8113581794344586
ID1325641,1325641,19,4710.1044921875,169.4169249222315,166.78435281751226,0.0,0.42,14,0.5,1,,11634.190476190477,11528.0,3794.0,18762.0,244318.0,4661.067716940482,0.3170400983231617,1.2016996907656676
ID1325642,1325642,33,1537.4559326171875,202.14289768211773,174.07974643952434,0.0,0.42,14,0.5,1,,7729.0952380952385,7868.0,5733.0,9861.0,162311.0,1321.9561227499914,0.11227666967361123,1.180370394161175
ID1325643,1325643,12,2470.4052734375,203.2606099816187,174.48119962906694,0.0,0.42,14,0.5,1,,8017.476190476191,8325.0,4227.0,11145.0,168367.0,2024.7286390785216,0.25488724650740047,1.6085858676691582
ID1325620,1325620,27,2382.4921875,134.1555785011229,39.10852631368225,0.0,0.42,14,0.5,1,,7860.190476190476,7466.0,5962.0,10534.0,165064.0,1343.4589170885583,0.2879092550552526,2.6158271168276497
ID1325621,1325621,28,2158.21484375,93.71816000468732,44.96333736378775,0.0,0.42,14,0.5,1,,6551.142857142857,6477.0,4034.0,9555.0,137574.0,1517.9424325617322,0.272603289693131,1.8489697890002026
ID1325622,1325622,29,4128.74755859375,221.80826410051918,45.51056857517546,0.0,0.42,14,0.5,1,,10936.809523809523,11393.0,4672.0,15466.0,229673.0,2771.899955248162,0.35948925383676666,2.086667376673852
ID1325623,1325623,40,3901.05712890625,204.57887680512098,50.22599653725505,0.0,0.42,14,0.5,1,,9964.42857142857,9041.0,5100.0,15786.0,209253.0,2694.0606817855564,0.33589504314695157,1.8599714452343141
ID1325616,1325616,20,7255.57421875,193.9838337284458,8.755299635768274,0.0,0.42,14,0.5,1,,37005.71428571428,38249.0,25620.0,42906.0,777120.0,4600.962857303426,0.2018918387454782,2.702112565229145
ID1325617,1325617,41,1537.1077880859375,216.8579891467086,25.85742282557144,0.0,0.42,14,0.5,1,,5859.285714285715,5719.0,4396.0,7016.0,123045.0,694.3045544180985,0.26068801678253467,3.4901018488254802
ID1325618,1325618,21,3494.130615234375,2.2154552212319394,28.89998676880223,0.0,0.42,14,0.5,1,,9584.761904761905,10141.0,5344.0,13199.0,201280.0,2660.248388868263,0.36672133332809176,1.9335051687460212
ID1325619,1325619,22,3907.22314453125,109.96639456401562,32.81259958811246,0.0,0.42,14,0.5,1,,10163.047619047618,9962.0,5414.0,14214.0,213424.0,2543.2782678305275,0.37564908304119926,2.182401974644765
ID1325628,1325628,26,25713.978515625,81.81048404227563,79.29434571625043,0.0,0.42,14,0.5,1,,44915.666666666664,43193.0,15667.0,65535.0,943229.0,17556.63765740278,0.6716985789021425,2.055904589145812
ID1325629,1325629,8,3109.77099609375,104.55863943481357,83.80144853362556,0.0,0.42,14,0.5,1,,10676.57142857143,11321.0,6351.0,14014.0,224208.0,2154.530240480012,0.2823287352224341,2.182051114647871
ID1325630,1325630,,1541.15478515625,103.47275443348691,84.53448355626026,0.0,0.42,14,0.5,1,,6031.476190476191,5942.0,3430.0,9411.0,126661.0,1639.3558679874122,0.21074921729610835,1.2808319348920343
ID1325631,1325631,9,6981.62548828125,78.1949131641146,92.84330132783748,0.0,0.42,14,0.5,1,,13066.52380952381,11834.0,7660.0,24399.0,274397.0,4733.646296662306,0.4830274617384346,1.7981126047975435
ID1325624,1325624,23,1840.6099853515625,88.97617074258378,57.17564254536235,0.0,0.42,14,0.5,1,,7824.047619047619,7824.0,5654.0,9284.0,164305.0,882.1256416288144,0.22758584620901948,3.2887011579109475
ID1325625,1325625,35,1782.8238525390625,120.63502349676452,57.36846080261578,0.0,0.42,14,0.5,1,,6183.0952380952385,6436.0,3416.0,8207.0,129845.0,1311.3930343250227,0.24466476027494022,1.8536258898551017
ID1325626,1325626,24,22285.23828125,8.439475245285367,75.53505590575071,0.0,0.42,14,0.5,1,,25860.809523809523,19049.0,4594.0,65535.0,543077.0,19817.645759824874,0.7840233466965549,1.1469606329268842
ID1325627,1325627,25,2864.132080078125,54.25721958569635,76.56653943597205,0.0,0.42,14,0.5,1,,8037.666666666667,8898.0,3588.0,11135.0,168791.0,2232.860482281267,0.32861988940903364,1.7807030197634708
ID1325615,1325615,31,4021.230712890625,194.32169385425982,7.7298735659400055,0.0,0.42,14,0.5,1,,31946.190476190477,33312.0,22223.0,37820.0,670870.0,4599.885722700594,0.11089361688034895,1.3865518263636718
ID1325716,1325716,14,6126.69970703125,81.7747044176019,182.53802013415248,0.0,0.44999999999999996,15,0.5,1,,12321.285714285714,11776.0,7099.0,20877.0,258747.0,4338.098894018636,0.4680307678628997,1.8110307402074795
ID1325717,1325717,15,20646.91015625,37.24380105076209,184.01267685992613,0.0,0.44999999999999996,15,0.5,1,,24320.04761904762,16251.0,6866.0,65535.0,510721.0,17534.60941816552,0.7388715499833223,1.1786904443394395
ID1325718,1325718,1,22522.259765625,15.378181527684161,190.07070166455466,0.0,0.44999999999999996,15,0.5,1,,26683.95238095238,17003.0,9314.0,65535.0,560363.0,18578.161053979995,0.7913490941302528,1.2690107768458623
ID1325719,1325719,34,2389.643310546875,199.6175014389373,199.7705675663603,0.0,0.44999999999999996,15,0.5,1,,8717.47619047619,8679.0,6071.0,10962.0,183067.0,1580.5536883968102,0.27389645660805734,2.3717220824149
ID1325712,1325712,19,5011.08056640625,169.3873859817937,166.97112870355969,0.0,0.44999999999999996,15,0.5,1,,13783.666666666666,13667.0,7709.0,20598.0,289457.0,3657.2937307978605,0.33182324124950024,1.877998010670806
ID1325713,1325713,33,1505.513427734375,202.40119258912696,174.01760060767833,0.0,0.44999999999999996,15,0.5,1,,8532.142857142857,8002.0,6178.0,12118.0,179175.0,1800.4360106850309,0.07957228569006017,0.6985870482100249
ID1325714,1325714,12,2785.27978515625,203.35916252667818,174.35187659650424,0.0,0.44999999999999996,15,0.5,1,,8706.809523809523,8937.0,3352.0,12696.0,182843.0,2777.0832652091585,0.2706954385356897,1.3357943572891315
ID1325715,1325715,42,1599.124755859375,202.16686812374678,175.03629743209297,0.0,0.44999999999999996,15,0.5,1,,7133.714285714285,7150.0,4589.0,9586.0,149808.0,1457.696166656726,0.1670418287243752,1.400933462718482
ID1325720,1325720,2,6274.99755859375,83.3993390744794,212.2785649027001,0.0,0.44999999999999996,15,0.5,1,,10985.142857142857,10482.0,3738.0,20531.0,230688.0,4765.206241976461,0.5106343655401113,1.5584923751179893
ID1325721,1325721,3,23833.404296875,137.91686173905862,222.09931778466748,0.0,0.44999999999999996,15,0.5,1,,29226.428571428572,25866.0,7568.0,65535.0,613755.0,18441.776559137215,0.7939588250863435,1.4027765517257522
ID1325722,1325722,32,17366.759765625,126.144,224.037,0.0,0.44999999999999996,15,0.5,1,,17550.380952380954,12447.0,4390.0,65535.0,368558.0,17158.40759358569,0.8104363120275467,0.9157463644416203
ID1325700,1325700,26,23690.12890625,81.84381401930557,79.40769187216391,0.0,0.44999999999999996,15,0.5,1,,41602.23809523809,39615.0,15400.0,65535.0,873647.0,17461.47700197427,0.6361940957787007,1.8527658092877506
ID1325701,1325701,8,2295.936279296875,104.54727235645376,83.81795856909122,0.0,0.44999999999999996,15,0.5,1,,9293.142857142857,9637.0,6774.0,11321.0,195156.0,1385.8925746865912,0.24793857174769893,2.6644889771177818
ID1325702,1325702,9,6324.8359375,78.193851296641,92.78540562692973,0.0,0.44999999999999996,15,0.5,1,,12525.904761904761,11582.0,7069.0,22184.0,263044.0,4326.310979399907,0.4632427964840032,1.8332160342624522
ID1325703,1325703,10,1550.409423828125,113.93084234104231,130.93879376730436,0.0,0.44999999999999996,15,0.5,1,,6477.142857142857,6493.0,4315.0,8016.0,136020.0,1083.6689663229397,0.19600025892560108,1.9590350510131285
ID1325696,1325696,23,1831.7359619140625,88.9596858105458,57.18026080116941,0.0,0.44999999999999996,15,0.5,1,,7763.476190476191,7828.0,5732.0,9087.0,163033.0,907.0008610275748,0.22493846765491782,3.1436050711521646
ID1325697,1325697,35,1945.211181640625,120.46265941477755,57.39112221621872,0.0,0.44999999999999996,15,0.5,1,,6623.571428571428,6599.0,3671.0,8787.0,139095.0,1400.8581859499045,0.25057427207853217,1.8947636094813625
ID1325698,1325698,24,22397.427734375,8.408165642010081,75.5001505933857,0.0,0.44999999999999996,15,0.5,1,,27377.428571428572,22036.0,7624.0,65535.0,574926.0,18651.807069481038,0.803741234423082,1.3081084516517185
ID1325699,1325699,25,2787.05322265625,54.21335219522299,76.61382083998247,0.0,0.44999999999999996,15,0.5,1,,7899.047619047619,8190.0,3575.0,10984.0,165880.0,2138.908447694536,0.32266351526958065,1.8018267027949566
ID1325708,1325708,7,21538.15625,45.88044519524482,156.49795186628944,0.0,0.44999999999999996,15,0.5,1,,42256.71428571428,40365.0,25449.0,65535.0,887391.0,13069.064064204664,0.5596426372414176,2.32042175725223
ID1325709,1325709,17,6851.77880859375,110.22005632072228,160.12521659023244,0.0,0.44999999999999996,15,0.5,1,,11999.761904761905,10499.0,5560.0,23529.0,251995.0,4976.833540563336,0.501108531704571,1.6097899550598906
ID1325710,1325710,16,1713.7386474609375,117.85075951922003,160.5347708269887,0.0,0.44999999999999996,15,0.5,1,,5838.428571428572,5508.0,3772.0,7998.0,122607.0,1156.1451713097529,0.24393121550302413,1.9805445278876004
ID1325711,1325711,18,5435.56591796875,168.430706031313,166.84040763359772,0.0,0.44999999999999996,15,0.5,1,,15590.238095238095,15874.0,9307.0,20854.0,327395.0,3026.4554664617467,0.35870267970332886,2.7199357473617116
ID1325704,1325704,11,13699.8427734375,92.3287563270956,134.18195050171744,0.0,0.44999999999999996,15,0.5,1,,23175.809523809523,23019.0,4771.0,44857.0,486692.0,11354.616627693986,0.5477655966857222,1.444714382064847
ID1325705,1325705,4,22077.224609375,54.9355957716834,141.88657415004852,0.0,0.44999999999999996,15,0.5,1,,37960.90476190476,32505.0,13322.0,65535.0,797179.0,15619.202981921842,0.548320918479806,1.721398875296967
ID1325706,1325706,5,4056.1259765625,135.60906090879257,147.0933362491699,0.0,0.44999999999999996,15,0.5,1,,16119.333333333334,16573.0,10310.0,20181.0,338506.0,2992.842450469676,0.22698752382891918,1.9927602747427273
ID1325707,1325707,6,4552.23193359375,135.31919363761142,147.8458307926985,0.0,0.44999999999999996,15,0.5,1,,16416.428571428572,16301.0,9856.0,21724.0,344745.0,3403.9798555724237,0.23003291856384195,1.803827281548573
ID1325687,1325687,31,3969.997802734375,194.35375704448418,7.756130210832355,0.0,0.44999999999999996,15,0.5,1,,31810.809523809523,33245.0,22330.0,37713.0,668027.0,4637.313496185562,0.10785180488665796,1.3356233659307877
ID1325692,1325692,27,2040.2427978515625,134.13902253344594,39.0905233829223,0.0,0.44999999999999996,15,0.5,1,,7178.0,7140.0,5159.0,9372.0,150738.0,1250.485745620477,0.25661358293857417,2.3444047619970716
ID1325693,1325693,28,2397.4326171875,93.68325977674563,44.91520966940683,0.0,0.44999999999999996,15,0.5,1,,6813.666666666667,6712.0,3417.0,9877.0,143087.0,1911.0838373376853,0.28880242576085025,1.597885410778323
ID1325694,1325694,29,4015.42822265625,222.02560919131014,45.640593247423006,0.0,0.44999999999999996,15,0.5,1,,11382.714285714286,11278.0,7179.0,15467.0,239037.0,2241.9333875665698,0.3478850332018526,2.6208129119761128
ID1325695,1325695,40,3463.492919921875,204.44256569584988,50.45597496241427,0.0,0.44999999999999996,15,0.5,1,,9927.666666666666,9733.0,6317.0,13866.0,208481.0,2094.862318467095,0.32003717202207577,2.2979255853056477
ID1325688,1325688,20,7210.0029296875,193.95876079476736,8.75214737055923,0.0,0.44999999999999996,15,0.5,1,,37100.47619047619,38261.0,25410.0,43331.0,779110.0,4639.8367494885815,0.20270296565671403,2.6953086186336845
ID1325689,1325689,41,2446.806640625,216.76300120606487,26.239893791766093,0.0,0.44999999999999996,15,0.5,1,,7326.761904761905,7277.0,5786.0,9711.0,153862.0,1258.2239826343282,0.31653397103943476,2.800092457570957
ID1325690,1325690,21,2872.96435546875,2.3856421983092293,28.926539845259622,0.0,0.44999999999999996,15,0.5,1,,8509.285714285714,8782.0,4554.0,11035.0,178695.0,2046.8464071067262,0.3377668070448969,2.0992994853465357
ID1325691,1325691,22,6374.904296875,109.883151179614,32.66228284852185,0.0,0.44999999999999996,15,0.5,1,,12777.809523809523,11464.0,4560.0,22824.0,268334.0,5004.971504604672,0.45153599553579044,1.588361542785557
ID1325780,1325780,7,20555.365234375,45.947968198837415,156.65196693525678,0.0,0.48,16,0.5,1,,40536.0,37819.0,25989.0,65535.0,851256.0,12306.523859319495,0.5466528237493053,2.3283820680187333
ID1325781,1325781,17,4688.7275390625,110.46300414216161,159.9343589690968,0.0,0.48,16,0.5,1,,9727.333333333334,9541.0,4772.0,16659.0,204274.0,3298.8391493574422,0.43315749222382083,1.7824385500338078
ID1325782,1325782,18,5920.0400390625,168.530481081376,166.65225664154687,0.0,0.48,16,0.5,1,,16598.619047619046,15638.0,12675.0,22213.0,348571.0,2931.1955491947397,0.38180610901896533,3.1293412530604234
ID1325783,1325783,19,5228.31689453125,169.42096204528082,166.8284557187029,0.0,0.48,16,0.5,1,,12474.42857142857,12414.0,4322.0,21068.0,261963.0,4960.198630815389,0.3136011961846081,1.20078640817762
ID1325776,1325776,11,15390.0673828125,92.3997940325601,133.82975505869274,0.0,0.48,16,0.5,1,,25175.0,23828.0,9578.0,50143.0,528675.0,10670.175696772758,0.5859661105741574,1.7434379716269064
ID1325777,1325777,4,22007.703125,54.955848629722475,141.8869625863467,0.0,0.48,16,0.5,1,,38210.80952380953,33531.0,14867.0,65535.0,802427.0,14935.566278581631,0.5497485508157993,1.8150867862552982
ID1325778,1325778,5,3970.038330078125,135.61222803789084,147.09034962610775,0.0,0.48,16,0.5,1,,16082.52380952381,16910.0,10276.0,20346.0,337733.0,2939.123077025656,0.2247925492370488,2.008564592790063
ID1325779,1325779,6,4540.51708984375,135.33094972173254,147.82645180943615,0.0,0.48,16,0.5,1,,16280.952380952382,16146.0,9742.0,21649.0,341900.0,3348.718642648117,0.22768352550280258,1.8033346244083923
ID1325788,1325788,15,15243.4326171875,37.39888651038888,183.92910401077157,0.0,0.48,16,0.5,1,,19656.761904761905,15108.0,6107.0,51461.0,412792.0,12686.113766259397,0.6676180869648047,1.2406373975440494
ID1325789,1325789,1,21721.013671875,15.505898398221294,190.20131172450675,0.0,0.48,16,0.5,1,,26037.714285714286,19602.0,2873.0,65535.0,546792.0,20190.75618232972,0.7767213383477721,1.1275250169525894
ID1325790,1325790,34,1490.25048828125,199.52013781582988,200.1645800739265,0.0,0.48,16,0.5,1,,5893.142857142857,6152.0,3520.0,7539.0,123756.0,1231.0507822878096,0.21272553522216656,1.6794152755255327
ID1325791,1325791,2,6465.927734375,83.15555278665975,212.82601548301204,0.0,0.48,16,0.5,1,,11760.238095238095,10758.0,6848.0,21037.0,246965.0,4387.095758070046,0.5134146103991527,1.8187763454438688
ID1325784,1325784,33,1512.44921875,202.4995864199741,174.041368379663,0.0,0.48,16,0.5,1,,8736.52380952381,8354.0,6544.0,12363.0,183467.0,1563.0788725796156,0.09751168883874799,0.9931967537846139
ID1325785,1325785,12,2663.88623046875,203.42156642963013,174.46072513414578,0.0,0.48,16,0.5,1,,8401.761904761905,8988.0,3543.0,12180.0,176437.0,2638.5607232876396,0.24622510313444035,1.2582562757304059
ID1325786,1325786,42,1546.748779296875,202.19992297762224,175.1255995715778,0.0,0.48,16,0.5,1,,6309.142857142857,6370.0,3264.0,9087.0,132492.0,1819.306908845077,0.17117234684659377,1.0136947183265614
ID1325787,1325787,14,6276.2158203125,81.90820262462535,182.62164633991003,0.0,0.48,16,0.5,1,,11814.333333333334,9717.0,7657.0,21529.0,248101.0,4055.5074076289557,0.4728100732066984,1.870397836392204
ID1325764,1325764,27,3410.393798828125,134.09806516088153,39.11140549642107,0.0,0.48,16,0.5,1,,9270.666666666666,9167.0,6369.0,13270.0,194684.0,2198.1007332088616,0.3410550732287921,2.14521720389412
ID1325765,1325765,28,2360.985107421875,93.70142968207824,44.82054088916281,0.0,0.48,16,0.5,1,,6735.571428571428,7425.0,2862.0,9763.0,141447.0,2162.9828379214796,0.28341561839692136,1.3753328858725877
ID1325766,1325766,29,3669.73974609375,221.70116990912877,45.87862319744479,0.0,0.48,16,0.5,1,,10500.0,9808.0,6715.0,14480.0,220500.0,2344.9365023386026,0.36240247212879656,2.382176500731676
ID1325767,1325767,40,2138.062255859375,204.340095589187,50.72677547802278,0.0,0.48,16,0.5,1,,7597.142857142857,7516.0,5942.0,9522.0,159540.0,1052.5378513723049,0.27841694020745084,3.1438781489571515
ID1325760,1325760,41,3242.17578125,216.8390784994735,26.39216191451012,0.0,0.48,16,0.5,1,,8419.380952380952,8235.0,4884.0,12304.0,176807.0,2173.011860901603,0.3633274879883639,2.0651239543882984
ID1325761,1325761,21,2597.61669921875,2.6333633054703927,29.186372633833482,0.0,0.48,16,0.5,1,,7971.666666666667,8442.0,4447.0,11392.0,167405.0,2204.224088729032,0.31996236646795656,1.753318167654764
ID1325762,1325762,,2830.69921875,2.361547940718187,29.598131754945584,0.0,0.48,16,0.5,1,,7916.761904761905,8081.0,3394.0,11526.0,166252.0,2629.3659864074057,0.3137631593736706,1.4381739204511452
ID1325763,1325763,22,3619.41064453125,109.87211656680665,32.86881707672534,0.0,0.48,16,0.5,1,,9045.761904761905,8740.0,3740.0,14143.0,189961.0,2995.0431700521767,0.35328444136403836,1.57691209486522
ID1325772,1325772,26,25315.990234375,81.77881027694256,79.38378365616751,0.0,0.48,16,0.5,1,,44159.42857142857,43129.0,14791.0,65535.0,927348.0,18649.24156519891,0.6263739230674734,1.8239189389177313
ID1325773,1325773,8,1902.606201171875,104.7786753193925,83.66680147032255,0.0,0.48,16,0.5,1,,9229.333333333334,9456.0,7069.0,10249.0,193816.0,891.6896507941165,0.2357153909778697,3.948717694119972
ID1325774,1325774,9,6459.388671875,78.19412494243169,92.78423422231492,0.0,0.48,16,0.5,1,,12608.190476190477,11741.0,7164.0,22651.0,264772.0,4471.941688115438,0.4682145128252704,1.7982165207855711
ID1325775,1325775,10,1487.3822021484375,113.7931681111412,130.8533948916832,0.0,0.48,16,0.5,1,,6382.761904761905,6972.0,3526.0,8174.0,134038.0,1484.1425101640982,0.1898704665693766,1.3725265927673025
ID1325768,1325768,23,1902.0350341796875,88.96585567707885,57.16926412947728,0.0,0.48,16,0.5,1,,7831.714285714285,8052.0,5747.0,9422.0,164466.0,926.8938527607755,0.2293398918238537,3.1525679622948424
ID1325769,1325769,35,2495.87060546875,119.99758184653707,57.580913582590625,0.0,0.48,16,0.5,1,,7585.285714285715,8062.0,3349.0,10646.0,159291.0,2040.182495338521,0.2775080537320691,1.6152690342908538
ID1325770,1325770,24,22249.09375,8.439894985774224,75.55956270947104,0.0,0.48,16,0.5,1,,25676.095238095237,17865.0,4353.0,65535.0,539198.0,19904.016722523025,0.7832021026956371,1.133160749193449
ID1325771,1325771,25,2806.30859375,54.25029016293532,76.61883551489585,0.0,0.48,16,0.5,1,,7891.571428571428,8289.0,3867.0,10581.0,165723.0,1982.4730659312515,0.32745288774365966,1.9638843075691583
ID1325758,1325758,31,4080.460205078125,194.3934234822286,7.691899388967473,0.0,0.48,16,0.5,1,,31511.04761904762,32976.0,23217.0,37101.0,661732.0,4097.335054351675,0.11777847880842235,1.6206959824044995
ID1325759,1325759,20,7292.8330078125,193.94339958590166,8.75150344443724,0.0,0.48,16,0.5,1,,37096.42857142857,38296.0,25338.0,43154.0,779025.0,4807.690709388746,0.20381453657001522,2.6127698009386777
ID1325792,1325792,3,23264.05078125,137.86214436712075,222.37113925238862,0.0,0.48,16,0.5,1,,27334.04761904762,23184.0,3279.0,65535.0,574015.0,21733.799611379945,0.8011204068351526,1.1188022513148221
ID1325793,1325793,32,13613.458984375,126.144,224.037,0.0,0.48,16,0.5,1,,14154.761904761905,9735.0,3099.0,53183.0,297250.0,14271.878446458131,0.7867559630736045,0.8734262279599952
ID1325828,1325828,2,9708.7685546875,83.2553887277325,212.89592929548076,0.0,0.51,17,0.5,1,,14475.285714285714,12526.0,5653.0,32266.0,303981.0,7382.474538681845,0.5864897122889596,1.449700606953912
ID1325829,1325829,3,22157.84765625,138.20315183041083,222.4160732627071,0.0,0.51,17,0.5,1,,26459.333333333332,19479.0,8109.0,65535.0,555646.0,18519.711148755356,0.7893738199514537,1.2605391081927062
ID1325830,1325830,32,13943.58984375,126.144,224.037,0.0,0.51,17,0.5,1,,16384.47619047619,16036.0,5520.0,46530.0,344074.0,11637.692179375805,0.7875104812679707,1.2405190478950667
ID1325824,1325824,14,4680.19482421875,81.89271007862511,182.77943501845564,0.0,0.51,17,0.5,1,,10174.285714285714,9482.0,6493.0,16342.0,213660.0,2992.9389092137703,0.4200557505001148,2.011118274685916
ID1325825,1325825,15,13310.55859375,37.331678179017665,183.82849804646762,0.0,0.51,17,0.5,1,,19930.0,18011.0,6639.0,40296.0,418530.0,10650.271400297741,0.6496924824567423,1.4739456359950345
ID1325826,1325826,1,19651.603515625,15.951053959009007,190.1208775823712,0.0,0.51,17,0.5,1,,23776.333333333332,17389.0,6702.0,63595.0,499303.0,15818.207029664689,0.7465165542004482,1.2849444634111926
ID1325827,1325827,34,1613.5330810546875,199.50552003291045,199.58649633174238,0.0,0.51,17,0.5,1,,6276.666666666667,6260.0,3748.0,8385.0,131810.0,1397.5078652134066,0.22115752606121067,1.6268025066881782
ID1325812,1325812,11,12730.0166015625,92.37396905193276,133.9665910282669,0.0,0.51,17,0.5,1,,23056.85714285714,22002.0,9437.0,40382.0,484194.0,8681.579155232728,0.5405981672828956,1.8638740730709955
ID1325813,1325813,4,22065.802734375,54.942686201136674,141.88718324722998,0.0,0.51,17,0.5,1,,38036.28571428572,33173.0,14241.0,65535.0,798762.0,15358.301898787042,0.5489411747235274,1.7553987274564373
ID1325814,1325814,5,3854.112548828125,135.62545634936325,147.12770163577846,0.0,0.51,17,0.5,1,,15929.095238095239,16017.0,10693.0,20036.0,334511.0,2853.364030486855,0.22027936624262529,2.0154799066044644
ID1325815,1325815,6,4483.6640625,135.33762260224302,147.8442105579235,0.0,0.51,17,0.5,1,,16220.714285714286,15855.0,10285.0,21650.0,340635.0,3321.8589395526283,0.2256701265649827,1.7981224161676235
ID1325808,1325808,,1719.15625,104.56476366526864,83.48581104562614,0.0,0.51,17,0.5,1,,8584.666666666666,8988.0,6297.0,9809.0,180278.0,1097.072346444542,0.19937068861188426,2.601513250118468
ID1325809,1325809,8,1706.4967041015625,104.58456250674222,83.79458115582484,0.0,0.51,17,0.5,1,,8576.333333333334,8793.0,6649.0,9809.0,180103.0,979.2515679504083,0.21235440802828207,3.0680967943503776
ID1325810,1325810,9,6245.64306640625,78.2422590330403,92.78329578488628,0.0,0.51,17,0.5,1,,12267.857142857143,12056.0,7008.0,22579.0,257625.0,4539.167492896845,0.4527334103420418,1.684531428443072
ID1325811,1325811,10,1532.94482421875,113.73522639470315,130.8569364383493,0.0,0.51,17,0.5,1,,6614.190476190476,6830.0,4179.0,8178.0,138898.0,1201.4574740309213,0.19157021130910826,1.7701359837848816
ID1325820,1325820,19,5266.99755859375,169.40852613733273,166.81034656310723,0.0,0.51,17,0.5,1,,12668.285714285714,12383.0,4253.0,21363.0,266034.0,5208.880380109118,0.3112964328001554,1.1547200997644045
ID1325821,1325821,33,1677.67724609375,202.38550421150586,174.17935432598733,0.0,0.51,17,0.5,1,,8827.57142857143,8810.0,5717.0,13487.0,185379.0,2034.8118972383804,0.10333987953700902,0.8126538608335953
ID1325822,1325822,12,2782.721435546875,203.23808065150382,174.57394351803805,0.0,0.51,17,0.5,1,,9068.761904761905,9213.0,4688.0,13138.0,190444.0,2252.675873372863,0.2529034824823267,1.6252361776010134
ID1325823,1325823,42,1781.099609375,202.11238147781629,175.1793566252424,0.0,0.51,17,0.5,1,,7236.761904761905,7428.0,3742.0,9868.0,151972.0,1849.454106074598,0.17582008633465582,1.1701952613850908
ID1325816,1325816,7,19852.05078125,46.41940071797211,157.13454288516184,0.0,0.51,17,0.5,1,,39358.76190476191,38283.0,13661.0,65535.0,826534.0,13920.061791905817,0.5213347990317516,1.937859010338962
ID1325817,1325817,17,5409.439453125,110.54283804995825,160.11389260815133,0.0,0.51,17,0.5,1,,10390.52380952381,9648.0,5897.0,18817.0,218201.0,3624.409091411283,0.46788844976989324,1.8275930489888867
ID1325818,1325818,16,1854.18017578125,117.83270252741119,161.39291387513168,0.0,0.51,17,0.5,1,,5891.619047619048,5801.0,3769.0,8951.0,123724.0,1470.4723892746329,0.2213356387505442,1.4521921913519442
ID1325819,1325819,18,6309.439453125,168.55878108534986,166.6487952801484,0.0,0.51,17,0.5,1,,17049.52380952381,15934.0,12707.0,22844.0,358040.0,3198.055497002008,0.39504962413539446,3.0193833088647977
ID1325796,1325796,41,2578.7451171875,216.62744224209206,26.51848013799522,0.0,0.51,17,0.5,1,,7426.666666666667,7191.0,4907.0,9971.0,155960.0,1392.6327345475308,0.3259666777732925,2.6219712432958873
ID1325797,1325797,21,3824.668701171875,2.399223877584619,29.057044296198395,0.0,0.51,17,0.5,1,,9552.761904761905,10391.0,3752.0,14411.0,200608.0,3442.955008488521,0.37765416870241225,1.5211837375182655
ID1325798,1325798,22,3084.556640625,109.99972923959605,32.65363300883455,0.0,0.51,17,0.5,1,,8914.285714285714,9062.0,5738.0,12418.0,187200.0,2109.802577087656,0.33389624895121334,2.115262234841937
ID1325799,1325799,27,4341.34423828125,134.47384196715103,39.02381976625427,0.0,0.51,17,0.5,1,,10656.47619047619,9965.0,7163.0,16307.0,223786.0,2562.817621662681,0.3749099136278339,2.2676634186919467
ID1325794,1325794,31,4014.26513671875,194.39115087650418,7.710900433838517,0.0,0.51,17,0.5,1,,31470.238095238095,32933.0,22753.0,36851.0,660875.0,4072.4846089919342,0.11693468814669368,1.6180284574742734
ID1325795,1325795,20,7269.80859375,193.96807250087033,8.750508556398353,0.0,0.51,17,0.5,1,,36936.57142857143,38156.0,25232.0,43439.0,775668.0,4738.66987214164,0.20361110478177127,2.6372141455798754
ID1325804,1325804,35,2270.72265625,120.09261219742285,58.02129898014759,0.0,0.51,17,0.5,1,,7321.285714285715,7465.0,4155.0,9871.0,153747.0,1695.14076533063,0.2655381550140658,1.8124384763205288
ID1325805,1325805,24,22026.853515625,8.635167974843624,75.57412119272894,0.0,0.51,17,0.5,1,,26778.238095238095,20825.0,8700.0,65535.0,562343.0,18234.434408296744,0.802970310604573,1.3080688688168045
ID1325806,1325806,25,2701.94921875,54.29596913044361,76.66145116196361,0.0,0.51,17,0.5,1,,7697.285714285715,7530.0,4507.0,10605.0,161643.0,1715.3331205004217,0.31774971625438414,2.1640703251135562
ID1325807,1325807,26,27838.162109375,81.72023256530079,79.34488046461554,0.0,0.51,17,0.5,1,,46062.57142857143,47756.0,16076.0,65535.0,967314.0,17602.269900701525,0.6701605587819238,2.1000524397226075
ID1325800,1325800,28,2576.69873046875,93.67463137537983,44.8198678870801,0.0,0.51,17,0.5,1,,7073.190476190476,7308.0,2688.0,10696.0,148537.0,2463.871904524414,0.29887975077293777,1.321158033590763
ID1325801,1325801,29,4243.76123046875,221.5994077869726,45.72328528575158,0.0,0.51,17,0.5,1,,11363.619047619048,11214.0,6109.0,16198.0,238636.0,2688.4867765378813,0.3577437705132129,2.2273733450058413
ID1325802,1325802,40,1502.421630859375,204.80429860588117,50.62561198808621,0.0,0.51,17,0.5,1,,6101.571428571428,6224.0,4211.0,7858.0,128133.0,946.980811391053,0.21555693403692053,2.2851631343183834
ID1325803,1325803,23,1862.6500244140625,88.95894912823344,57.18932827776054,0.0,0.51,17,0.5,1,,7817.9047619047615,7957.0,5729.0,9152.0,164176.0,920.194702482138,0.22711712385081095,3.1448830927832203
ID1325844,1325844,24,20935.82421875,8.880298414138391,75.65742776991843,0.0,0.54,18,0.5,1,,24395.14285714286,19213.0,3279.0,65535.0,512298.0,21886.658596701585,0.7656126337834382,0.9666462297824665
ID1325845,1325845,25,2639.002685546875,54.3248830025826,76.68301889918081,0.0,0.54,18,0.5,1,,7614.714285714285,7363.0,4869.0,10464.0,159909.0,1631.2770194806626,0.3152698987580347,2.2378115782357666
ID1325846,1325846,26,26188.56640625,81.93289812052228,79.65223778146175,0.0,0.54,18,0.5,1,,44747.95238095238,44568.0,18064.0,65535.0,939707.0,16921.002096436816,0.6336435860251375,2.051468320347481
ID1325847,1325847,8,2370.03759765625,104.3102911601913,83.80636278666083,0.0,0.54,18,0.5,1,,9978.857142857143,10063.0,8128.0,11243.0,209556.0,1038.4606052091858,0.26261848006597605,3.9973660262451176
ID1325840,1325840,29,4074.314208984375,221.4053935240292,46.29886695438585,0.0,0.54,18,0.5,1,,10592.952380952382,9728.0,5868.0,15226.0,222452.0,2904.124471784749,0.37761328863123167,1.9996396288701521
ID1325841,1325841,40,2839.154052734375,204.77565802875617,50.76715974354473,0.0,0.54,18,0.5,1,,8787.714285714286,8748.0,6359.0,11456.0,184542.0,1447.8069672044385,0.3127989121468742,2.892426205211618
ID1325842,1325842,23,1916.8768310546875,88.98129550492935,57.17557783788975,0.0,0.54,18,0.5,1,,7916.333333333333,7960.0,5838.0,9489.0,166243.0,931.3680976570613,0.23238124175319586,3.20544772995353
ID1325843,1325843,35,3028.86328125,120.06511113716175,57.844580920703166,0.0,0.54,18,0.5,1,,8918.809523809523,9125.0,4867.0,12807.0,187295.0,2384.375675497626,0.2966045157743125,1.7113247483139549
ID1325852,1325852,4,22121.509765625,54.94581727955549,141.8838195281875,0.0,0.54,18,0.5,1,,38125.666666666664,33652.0,14306.0,65535.0,800639.0,15410.591427110556,0.549095672739057,1.753872086492568
ID1325853,1325853,5,3942.255859375,135.62616053362999,147.10869004164712,0.0,0.54,18,0.5,1,,15996.285714285714,16016.0,10780.0,20225.0,335922.0,2973.2862819253905,0.22214269301470588,1.9557914267788603
ID1325854,1325854,6,4590.56640625,135.34506176759245,147.84540241293243,0.0,0.54,18,0.5,1,,16288.761904761905,15818.0,10186.0,21875.0,342064.0,3384.318290361619,0.22877378138380255,1.7921781753565587
ID1325855,1325855,7,27651.892578125,46.49950907592217,157.19707067644617,0.0,0.54,18,0.5,1,,48836.380952380954,52554.0,24942.0,65535.0,1025564.0,15557.999580525095,0.6910674531801276,2.565542548909249
ID1325848,1325848,9,5909.60302734375,78.22846647172325,92.82602287531893,0.0,0.54,18,0.5,1,,11941.57142857143,11398.0,7141.0,21222.0,250773.0,3963.8619119670225,0.44754004940339737,1.8628345187050788
ID1325849,1325849,10,1518.5826416015625,113.90422154651951,131.2064115998383,0.0,0.54,18,0.5,1,,6482.619047619048,6428.0,4675.0,8077.0,136135.0,975.5746243209934,0.19643124145066357,2.181940069310508
ID1325850,1325850,11,9784.1181640625,92.91499165972508,134.38404086459624,0.0,0.54,18,0.5,1,,19304.809523809523,17217.0,7720.0,32429.0,405401.0,6856.3304370417245,0.48868481729224933,1.8485443041029403
ID1325851,1325851,43,2237.9990234375,91.96397938760653,135.12285210015617,0.0,0.54,18,0.5,1,,9157.714285714286,8639.0,4265.0,14557.0,192312.0,2900.092707877752,0.1573689293057432,0.8587215759297394
ID1325831,1325831,,1462.3431396484375,193.76900217443935,5.843547625893901,0.0,0.54,18,0.5,1,,13311.42857142857,13593.0,10199.0,15487.0,279540.0,1605.4776725768743,0.08448898574487976,1.2918894229971523
ID1325836,1325836,21,2231.804931640625,1.9730373050215693,29.247470837488173,0.0,0.54,18,0.5,1,,6808.047619047619,7453.0,2637.0,9719.0,142969.0,2096.4003786536214,0.27444641252869023,1.3986670055761898
ID1325837,1325837,22,2496.003173828125,109.74065252952077,32.59005972840764,0.0,0.54,18,0.5,1,,7075.857142857143,7036.0,3119.0,10274.0,148593.0,2110.4271673221583,0.30095739542824457,1.5512458350019487
ID1325838,1325838,27,9006.61328125,134.6623139169746,39.15322210907624,0.0,0.54,18,0.5,1,,16000.619047619048,14698.0,7482.0,30713.0,336013.0,6703.606771553583,0.5064022864621993,1.604770535201496
ID1325839,1325839,28,2830.079345703125,93.71011606523759,44.754917512229405,0.0,0.54,18,0.5,1,,7751.809523809524,7421.0,4175.0,11374.0,162788.0,2277.2577943449355,0.3127395888155102,1.6219040916262586
ID1325832,1325832,31,3913.414794921875,194.32261322846023,7.7423221356549865,0.0,0.54,18,0.5,1,,31784.14285714286,32798.0,22505.0,37712.0,667467.0,4566.234852542237,0.10759272371891829,1.3523374125459076
ID1325833,1325833,20,7246.31689453125,193.97717958672715,8.742944259945185,0.0,0.54,18,0.5,1,,36995.619047619046,38615.0,25197.0,43156.0,776908.0,4792.869667289008,0.2027896812983616,2.6028002160488444
ID1325834,1325834,41,3151.8857421875,217.0124346571684,26.52319587152368,0.0,0.54,18,0.5,1,,8248.761904761905,7636.0,5285.0,12183.0,173224.0,1710.6195633384386,0.3523932951821809,2.51298535156026
ID1325835,1325835,44,2076.21875,2.409,28.47,0.0,0.54,18,0.5,1,,7246.0952380952385,7575.0,4439.0,9421.0,152168.0,1568.3882460909324,0.2707208290650065,1.9685750531685229
ID1325860,1325860,33,1828.850830078125,202.58258837090267,174.29924744978513,0.0,0.54,18,0.5,1,,9513.47619047619,9014.0,6520.0,14782.0,199783.0,1924.5802300514163,0.1220931439912234,1.075710925230987
ID1325861,1325861,12,2695.671142578125,203.32384768689806,174.6671204939195,0.0,0.54,18,0.5,1,,9368.57142857143,9014.0,4760.0,13615.0,196740.0,2315.9080847785945,0.2405521114995518,1.5688311729089326
ID1325862,1325862,42,1821.2984619140625,202.2796585691744,175.2152088915054,0.0,0.54,18,0.5,1,,7878.0,8374.0,3741.0,10511.0,165438.0,1846.097072203951,0.18022937208504666,1.3033185891500805
ID1325863,1325863,14,3309.325439453125,81.97054286343601,182.9473629793563,0.0,0.54,18,0.5,1,,8541.190476190477,8684.0,4710.0,12388.0,179365.0,2120.8232274059906,0.36419025352936674,2.150291351811252
ID1325856,1325856,17,4547.15087890625,110.59569125226626,160.02992688275492,0.0,0.54,18,0.5,1,,9717.380952380952,9052.0,6149.0,15419.0,204065.0,2699.056214238423,0.4390047604528897,2.1967179237058754
ID1325857,1325857,16,1656.3521728515625,117.55811140639496,161.46505022337325,0.0,0.54,18,0.5,1,,5867.142857142857,5786.0,3422.0,7712.0,123210.0,1250.5611254838482,0.23112142046039452,1.7615340587092683
ID1325858,1325858,18,4836.4208984375,168.2685420818216,166.6754029417709,0.0,0.54,18,0.5,1,,14007.52380952381,14131.0,6994.0,18811.0,294158.0,3426.2973545658233,0.3373792490871848,2.0626716568207257
ID1325859,1325859,19,4870.05224609375,169.33787960247028,166.80107038400345,0.0,0.54,18,0.5,1,,12603.857142857143,12106.0,6349.0,19595.0,264681.0,3511.274772582093,0.32111790154859543,1.7449845704459543
ID1325868,1325868,2,9299.5068359375,83.18822318944012,212.54007179486635,0.0,0.54,18,0.5,1,,14394.761904761905,12127.0,6307.0,32272.0,302290.0,7621.397600865355,0.5861997684431304,1.3960070868692902
ID1325869,1325869,3,17865.669921875,138.1697437323312,222.6832466651968,0.0,0.54,18,0.5,1,,22797.04761904762,16174.0,8236.0,58819.0,478738.0,14168.153011159184,0.7160869247052883,1.3428324425067648
ID1325870,1325870,32,13848.7783203125,125.925,224.037,0.0,0.54,18,0.5,1,,17581.714285714286,13766.0,5579.0,46313.0,369216.0,11400.32255746677,0.7885134585395296,1.3598498959536311
ID1325864,1325864,15,17685.748046875,36.97974867390014,183.690495314869,0.0,0.54,18,0.5,1,,22545.666666666668,16229.0,7278.0,56502.0,473459.0,14294.251845876135,0.7100261040843393,1.3097946845760042
ID1325865,1325865,1,21443.130859375,15.728331237363436,189.9510862237081,0.0,0.54,18,0.5,1,,25848.904761904763,18500.0,4598.0,65535.0,542827.0,18000.03898580434,0.7738302239955095,1.252945942635054
ID1325866,1325866,34,1694.3099365234375,199.48290760601554,199.4959216228242,0.0,0.54,18,0.5,1,,6629.571428571428,6594.0,3637.0,8742.0,139221.0,1588.1681136274135,0.23085588709968707,1.5658592582373931
ID1325867,1325867,45,1665.566162109375,199.4424189491508,199.90206186712547,0.0,0.54,18,0.5,1,,6236.476190476191,6386.0,3086.0,8463.0,130966.0,1725.3209446084986,0.22949954184434768,1.3494376451273886
ID1325724,1325724,20,7219.400390625,193.9768872057446,8.750699603770974,0.0,0.57,19,0.5,1,,36915.71428571428,38140.0,25054.0,42975.0,775230.0,4717.082542661907,0.20206407636689602,2.631051126644532
ID1325725,1325725,41,2178.837890625,217.1441621505779,26.384828036750974,0.0,0.57,19,0.5,1,,6859.666666666667,7085.0,4232.0,9055.0,144053.0,1363.8648515646018,0.2902827683754482,2.2630702201055755
ID1325726,1325726,44,4302.63818359375,1.9776202777308065,28.428456646897782,0.0,0.57,19,0.5,1,,10206.809523809523,11115.0,4376.0,16226.0,214343.0,3795.3873269937494,0.3866032469277694,1.4996060610517947
ID1325727,1325727,22,1882.11767578125,109.82178655352078,32.6237906418312,0.0,0.57,19,0.5,1,,6107.952380952381,6045.0,3603.0,8658.0,128267.0,1528.7380572285913,0.2577007511466273,1.6373100405204277
ID1325723,1325723,31,4016.793701171875,194.3133810964738,7.749697190534845,0.0,0.57,19,0.5,1,,31831.47619047619,32871.0,22327.0,37821.0,668461.0,4716.143059948962,0.10944021734644135,1.3315971179071115
ID1325748,1325748,12,2596.430908203125,203.45267572029323,174.46449470531013,0.0,0.57,19,0.5,1,,8392.619047619048,8805.0,3800.0,12036.0,176245.0,2406.3784921784536,0.24410634917199797,1.368627108244822
ID1325749,1325749,42,1531.041259765625,202.20835914061476,175.15662268994896,0.0,0.57,19,0.5,1,,6257.952380952381,6424.0,3771.0,8705.0,131417.0,1658.8104013476186,0.17359666828332987,1.1160612197727504
ID1325750,1325750,14,2897.24609375,81.82780846967587,183.13970368046714,0.0,0.57,19,0.5,1,,7728.142857142857,7752.0,5263.0,11040.0,162291.0,1754.0067926240847,0.35318304958336855,2.2999435112324376
ID1325751,1325751,15,16167.9111328125,36.88643910013139,183.97754274715842,0.0,0.57,19,0.5,1,,21930.714285714286,18268.0,7410.0,53665.0,460545.0,13172.906118783574,0.6868702144831114,1.3557955060369364
ID1325744,1325744,17,5444.611328125,110.77648583845401,160.09323903228878,0.0,0.57,19,0.5,1,,10293.47619047619,9055.0,6008.0,18982.0,216163.0,3574.4111209966827,0.4711890662105861,1.8446512605162617
ID1325745,1325745,16,1586.450927734375,117.13603709077768,161.3633335553575,0.0,0.57,19,0.5,1,,5297.666666666667,5211.0,3558.0,7564.0,111251.0,1037.2456475364615,0.2362928450944107,1.9523704188183246
ID1325746,1325746,18,4211.05615234375,168.21595221789872,166.29068477682088,0.0,0.57,19,0.5,1,,12818.238095238095,13621.0,7548.0,16725.0,269183.0,2693.528539012756,0.3186424805311953,2.299923337786597
ID1325747,1325747,19,4431.6201171875,169.35565707812592,166.61275200333276,0.0,0.57,19,0.5,1,,11914.761904761905,11926.0,6376.0,17658.0,250210.0,2956.8655009107515,0.3241742103299454,1.9729547735482162
ID1325756,1325756,3,23879.900390625,138.00926067852598,222.56325217454776,0.0,0.57,19,0.5,1,,27465.95238095238,19328.0,6614.0,65535.0,576785.0,20292.78580056516,0.7959724117225351,1.1997239853563404
ID1325757,1325757,32,14647.294921875,125.925,224.037,0.0,0.57,19,0.5,1,,19008.04761904762,18183.0,7624.0,42897.0,399169.0,10750.252636455529,0.7836730430596363,1.5537047580666217
ID1325752,1325752,1,20958.736328125,15.535672949068104,190.61906653639542,0.0,0.57,19,0.5,1,,25242.761904761905,20236.0,4823.0,65535.0,530098.0,17831.942342057868,0.7686424372620068,1.2304175937819006
ID1325753,1325753,34,1534.79736328125,199.51844310011487,200.01529595913223,0.0,0.57,19,0.5,1,,6167.809523809524,6627.0,3443.0,7854.0,129524.0,1303.883837580926,0.22017922973383525,1.707162124876587
ID1325754,1325754,45,1505.8392333984375,199.50189247065146,200.07316519677968,0.0,0.57,19,0.5,1,,5832.476190476191,6158.0,3290.0,7854.0,122482.0,1397.5108450043463,0.21509555827095864,1.4775724755759025
ID1325755,1325755,2,9531.2607421875,83.01943213620824,212.48833989634818,0.0,0.57,19,0.5,1,,13465.47619047619,10898.0,3597.0,34874.0,282775.0,8187.408183418289,0.5599031811764371,1.1806483392710145
ID1325732,1325732,23,1906.5687255859375,88.97820268059161,57.182278871996466,0.0,0.57,19,0.5,1,,7868.0952380952385,7959.0,5887.0,9344.0,165230.0,906.0147297236347,0.22968284316248003,3.244141489657582
ID1325733,1325733,35,2572.913818359375,119.91849162094877,58.01866179006275,0.0,0.57,19,0.5,1,,7919.333333333333,8481.0,3359.0,10963.0,166306.0,2247.1802850090453,0.2800619327176454,1.5420689833659302
ID1325734,1325734,24,22318.130859375,8.955047175058933,75.60759370258583,0.0,0.57,19,0.5,1,,24818.190476190477,16328.0,4462.0,65535.0,521182.0,19895.21033469877,0.7814850654721026,1.0944352463358147
ID1325735,1325735,25,2615.62109375,54.2556110650871,76.68220286712909,0.0,0.57,19,0.5,1,,7629.619047619048,7499.0,4422.0,10323.0,160222.0,1639.7941174486045,0.3149145455838325,2.2286338191361135
ID1325728,1325728,27,9588.234375,134.55943939619283,38.79472002511942,0.0,0.57,19,0.5,1,,16831.52380952381,15750.0,8668.0,31402.0,353462.0,6838.194751680064,0.5429092307291582,1.7322031121834063
ID1325729,1325729,28,3215.632568359375,93.76714557726041,44.66402324124679,0.0,0.57,19,0.5,1,,8184.666666666667,7509.0,4065.0,12908.0,171878.0,2636.0515801731444,0.32863188090255074,1.5359678017420468
ID1325730,1325730,29,3433.071044921875,221.28830133017127,46.49636936380964,0.0,0.57,19,0.5,1,,9533.42857142857,8893.0,5869.0,14092.0,200202.0,2379.278978418222,0.3496276590719823,2.0759914355392843
ID1325731,1325731,40,2534.496337890625,204.81283413460525,50.88724760681756,0.0,0.57,19,0.5,1,,8075.142857142857,7886.0,4687.0,10815.0,169578.0,1717.568580456521,0.2779720825795903,2.045247813350747
ID1325740,1325740,4,21879.1640625,54.94548804828583,141.8639168162565,0.0,0.57,19,0.5,1,,38044.95238095238,33966.0,13071.0,65535.0,798944.0,15377.938150077827,0.5474373480828453,1.750452294390211
ID1325741,1325741,5,4000.78564453125,135.63417367915642,147.08352699567052,0.0,0.57,19,0.5,1,,16079.238095238095,16389.0,10644.0,20150.0,337664.0,2908.7309931439504,0.22485144374689134,2.0295706104339644
ID1325742,1325742,6,4485.98583984375,135.3408159787722,147.86928156728362,0.0,0.57,19,0.5,1,,16299.666666666666,15808.0,10395.0,21575.0,342293.0,3300.137077961056,0.22618744382663825,1.8221677968865546
ID1325743,1325743,7,26930.37109375,46.82007693887535,157.11762349826233,0.0,0.57,19,0.5,1,,48843.19047619047,55348.0,10725.0,65535.0,1025707.0,18399.27099811035,0.7095918412752754,2.2036853328726664
ID1325736,1325736,26,28094.021484375,82.13040351271111,79.50217352058088,0.0,0.57,19,0.5,1,,47266.19047619047,47916.0,21741.0,65535.0,992590.0,16760.58670398816,0.6677434091834277,2.2582486355404003
ID1325737,1325737,9,5972.35791015625,78.17542617571317,92.81188040457955,0.0,0.57,19,0.5,1,,12246.809523809523,11220.0,7270.0,20506.0,257183.0,3796.253042396511,0.45928098977434595,2.030660639051126
ID1325738,1325738,11,4699.08203125,93.17524633327399,134.19772937989492,0.0,0.57,19,0.5,1,,13644.714285714286,13069.0,9934.0,17924.0,286539.0,2471.251892115758,0.36709924000531857,2.9652469680771327
ID1325739,1325739,43,1501.2816162109375,91.83757197701814,135.16949493543754,0.0,0.57,19,0.5,1,,6458.761904761905,6016.0,4529.0,8606.0,135634.0,1382.9010414618215,0.17359189844398815,1.3816578757280298
ID1325892,1325892,18,3522.028564453125,168.18476179559715,166.05293602093462,0.0,0.6,20,0.5,1,,11542.714285714286,12201.0,7778.0,14789.0,242397.0,2080.6293072735743,0.29837837072091783,2.549818665469494
ID1325893,1325893,19,3894.054443359375,169.41917600350982,166.51229195188898,0.0,0.6,20,0.5,1,,10064.42857142857,9653.0,3874.0,15284.0,211353.0,3579.774484118079,0.33066385868153764,1.3972747706929525
ID1325894,1325894,12,1708.0670166015625,203.68350926180455,174.43942929272504,0.0,0.6,20,0.5,1,,6595.238095238095,6991.0,3442.0,8798.0,138500.0,1590.695662430809,0.21171063185137845,1.4488289899861242
ID1325895,1325895,14,2113.51318359375,81.88162149847946,183.1280738435072,0.0,0.6,20,0.5,1,,6476.476190476191,6279.0,4635.0,8603.0,136006.0,1172.3621718158436,0.30294801673488275,2.5689047200552806
ID1325888,1325888,6,4645.48193359375,135.33561716618092,147.82462990109872,0.0,0.6,20,0.5,1,,16439.380952380954,16556.0,10106.0,22243.0,345227.0,3516.504450106532,0.22985852380051278,1.7474700523563071
ID1325889,1325889,7,24102.978515625,46.51319574277955,157.1266838876075,0.0,0.6,20,0.5,1,,46570.380952380954,44431.0,14541.0,65535.0,977978.0,17060.172951867135,0.6332548432804338,2.1168053374836924
ID1325890,1325890,17,5952.76318359375,110.87222263220153,160.40030932785308,0.0,0.6,20,0.5,1,,10856.190476190477,9417.0,5420.0,20699.0,227980.0,4543.050281683526,0.48184822560518503,1.5540552194570858
ID1325891,1325891,16,1465.3819580078125,117.24086171106774,161.20733920910635,0.0,0.6,20,0.5,1,,5019.047619047619,4913.0,3343.0,7120.0,105400.0,1018.5759901053272,0.23440314733969353,1.8713899608102933
ID1325900,1325900,32,13799.3837890625,125.925,224.037,0.0,0.6,20,0.5,1,,24034.0,21553.0,15809.0,38762.0,504714.0,7192.585056848477,0.7353291154693699,2.83185462558611
ID1325896,1325896,15,19955.806640625,37.241769824187955,184.04137904784318,0.0,0.6,20,0.5,1,,23457.52380952381,17440.0,4788.0,65535.0,492608.0,17873.159775537864,0.7275591825780607,1.1054681023493247
ID1325897,1325897,1,18153.51953125,15.687307300294759,190.94967601018465,0.0,0.6,20,0.5,1,,22906.619047619046,17859.0,3345.0,57410.0,481039.0,15500.603422048416,0.7353602656125794,1.252428362614223
ID1325898,1325898,2,7484.1552734375,82.75575854072858,212.49523002633035,0.0,0.6,20,0.5,1,,12018.42857142857,10562.0,3186.0,25633.0,252387.0,6137.210079274039,0.525909273154247,1.3498602512934619
ID1325899,1325899,3,24038.3671875,137.91706184447307,222.6093112756307,0.0,0.6,20,0.5,1,,27779.47619047619,21508.0,3135.0,65535.0,583369.0,22033.299141569896,0.8129110081404269,1.1306834512943904
ID1325876,1325876,27,16641.53125,134.40757326900123,38.70990196025305,0.0,0.6,20,0.5,1,,22580.14285714286,17332.0,7277.0,51750.0,474183.0,13029.214313555956,0.686798042816874,1.4112514905192628
ID1325877,1325877,28,3247.39013671875,93.7736946787228,44.647701624793726,0.0,0.6,20,0.5,1,,8156.190476190476,7380.0,3741.0,13049.0,171280.0,2722.792805540804,0.32828371211444807,1.480680132850514
ID1325878,1325878,29,4379.2099609375,220.94407936937512,46.85391298321451,0.0,0.6,20,0.5,1,,10377.190476190477,11152.0,3918.0,15905.0,217921.0,3235.95572619663,0.38623921630007463,1.7870034851180239
ID1325879,1325879,23,1872.410400390625,88.97222487006105,57.16553552777054,0.0,0.6,20,0.5,1,,7839.619047619048,7930.0,5573.0,9148.0,164632.0,935.0855295741923,0.22864732383484282,3.1204160447793567
ID1325872,1325872,20,7253.5390625,193.97570715124735,8.739420993507665,0.0,0.6,20,0.5,1,,36900.57142857143,38119.0,25481.0,43333.0,774912.0,4835.743516476329,0.2027169950405877,2.5723291605040326
ID1325873,1325873,41,3178.77001953125,216.99563490640992,26.451484783736525,0.0,0.6,20,0.5,1,,8341.761904761905,7962.0,5647.0,12076.0,175177.0,1800.2925013664283,0.35641756130759994,2.4350641303611766
ID1325874,1325874,44,8824.4150390625,2.0193832319772573,28.13959275826329,0.0,0.6,20,0.5,1,,15784.619047619048,13342.0,7950.0,28998.0,331477.0,6632.67496924273,0.553891961733511,1.696600644347751
ID1325875,1325875,22,2746.54150390625,110.22306118731476,32.42389323482638,0.0,0.6,20,0.5,1,,7877.190476190476,7839.0,4131.0,10994.0,165421.0,2097.8965565310323,0.3203711050575995,1.8221100363728893
ID1325884,1325884,9,5623.8642578125,78.16292063005366,92.81510086973297,0.0,0.6,20,0.5,1,,11859.238095238095,10991.0,6905.0,19433.0,249044.0,3601.5371010828403,0.4478689262966106,2.0371385868259853
ID1325885,1325885,11,4175.275390625,93.60782620291904,134.60937387906293,0.0,0.6,20,0.5,1,,11231.238095238095,10693.0,6588.0,17009.0,235856.0,3152.1003617391675,0.3315280073691767,1.7743018708441434
ID1325886,1325886,4,22109.763671875,54.941183388920216,141.8842548895213,0.0,0.6,20,0.5,1,,38070.52380952381,33469.0,13964.0,65535.0,799481.0,15434.421850587885,0.5487387656930076,1.7478974741377167
ID1325887,1325887,5,4098.7666015625,135.6143481734958,147.09396671302898,0.0,0.6,20,0.5,1,,16238.333333333334,16796.0,10089.0,20411.0,341005.0,3127.9024814295817,0.2285906137593826,1.9318323922207516
ID1325880,1325880,35,2087.789794921875,120.05887163632485,58.107103289948,0.0,0.6,20,0.5,1,,7463.714285714285,7721.0,4875.0,9668.0,156738.0,1450.9154400879859,0.24929161535610522,2.052989583964763
ID1325881,1325881,24,21093.947265625,8.966457865236569,75.63761208966702,0.0,0.6,20,0.5,1,,23942.904761904763,16527.0,4100.0,65535.0,502801.0,19657.78666306246,0.7676032879017308,1.0578503685891714
ID1325882,1325882,25,2450.014404296875,54.27171987876547,76.72691887632584,0.0,0.6,20,0.5,1,,7350.761904761905,7133.0,4862.0,9868.0,154366.0,1505.6171460488188,0.3049691997633622,2.2819363077087944
ID1325883,1325883,26,24372.52734375,82.24416075392726,79.61410744908689,0.0,0.6,20,0.5,1,,42188.71428571428,44776.0,9801.0,65535.0,885963.0,19895.227797496704,0.6441502369614259,1.6615868304056332
ID1325871,1325871,31,3813.384765625,194.37760012434302,7.707137296973695,0.0,0.6,20,0.5,1,,31227.52380952381,32362.0,22717.0,36781.0,655778.0,4038.283368202975,0.11228810738892149,1.561303098609769
ID1325956,1325956,2,7057.54638671875,82.83542574294532,212.67718399496184,0.0,0.63,21,0.5,1,,11564.52380952381,9254.0,3396.0,24782.0,242855.0,5418.438203200694,0.5135836220184709,1.4483995182545655
ID1325957,1325957,3,24160.34375,138.1971594674877,222.61085765738164,0.0,0.63,21,0.5,1,,28674.809523809523,23526.0,3637.0,65535.0,602171.0,21776.527970774052,0.8156320958158713,1.183064317810269
ID1325958,1325958,32,12643.19140625,125.925,224.037,0.0,0.63,21,0.5,1,,19862.238095238095,17446.0,10381.0,33562.0,417107.0,7397.653431357553,0.7232736790475935,2.2537856216229537
ID1325952,1325952,19,3912.566162109375,169.44391195152087,166.39226407947578,0.0,0.63,21,0.5,1,,10120.380952380952,9810.0,3513.0,15010.0,212528.0,3548.671363710515,0.3304348227188232,1.4166197089690005
ID1325953,1325953,14,2152.227783203125,81.86922457562895,183.18872017686203,0.0,0.63,21,0.5,1,,6727.476190476191,6759.0,4654.0,8821.0,141277.0,1239.5940310862914,0.3118814007287095,2.5804627242945473
ID1325954,1325954,15,15361.041015625,37.403000365224315,184.00791086059323,0.0,0.63,21,0.5,1,,21956.285714285714,18028.0,5442.0,45547.0,461082.0,11961.396123123992,0.6860876532186886,1.4938481440266416
ID1325955,1325955,1,21522.5859375,15.646320487961036,191.20282596303878,0.0,0.63,21,0.5,1,,25773.571428571428,18456.0,8766.0,65535.0,541245.0,18616.841798681722,0.7893176164242213,1.2214141531653633
ID1325940,1325940,25,2433.005859375,54.28952780337028,76.71244846328042,0.0,0.63,21,0.5,1,,7335.9047619047615,7124.0,4829.0,9840.0,154054.0,1528.4269660262444,0.29944218155181407,2.2120503423685705
ID1325941,1325941,26,26964.078125,82.28606443251317,79.94027566341079,0.0,0.63,21,0.5,1,,45104.90476190476,44273.0,15146.0,65535.0,947203.0,18132.041793203443,0.6644996568566506,1.9861777181091034
ID1325942,1325942,,1487.523193359375,104.20737302287559,83.22260494627797,0.0,0.63,21,0.5,1,,7731.952380952381,7617.0,6829.0,8820.0,162371.0,702.510104994261,0.1768921937141412,3.3085566594583375
ID1325943,1325943,9,6007.68994140625,78.15974387062965,92.8015955833622,0.0,0.63,21,0.5,1,,12255.952380952382,11005.0,6599.0,20537.0,257375.0,3952.955963278499,0.46139361612195723,1.9577600395626797
ID1325936,1325936,29,4349.82470703125,220.49003355357243,46.64341787319879,0.0,0.63,21,0.5,1,,10246.42857142857,10450.0,4724.0,15475.0,215175.0,2872.3262449002646,0.39549642575402716,2.0220066548034317
ID1325937,1325937,23,1870.58837890625,88.9877230661757,57.160605485219705,0.0,0.63,21,0.5,1,,7801.333333333333,7943.0,5420.0,9303.0,163828.0,933.2561991936261,0.2299947375954891,3.1261700124580054
ID1325938,1325938,35,1646.5924072265625,120.10754276869872,58.47514274924001,0.0,0.63,21,0.5,1,,6150.761904761905,6097.0,3865.0,7981.0,129166.0,1089.699311955454,0.2343933263951268,2.1436008082108664
ID1325939,1325939,24,20432.29296875,9.080120749429893,75.6542606999249,0.0,0.63,21,0.5,1,,24442.14285714286,18141.0,5892.0,65535.0,513285.0,20458.04587267737,0.7701563736462848,1.0396146872859946
ID1325948,1325948,6,4612.18505859375,135.33468174571388,147.81849879386655,0.0,0.63,21,0.5,1,,16385.95238095238,16305.0,10061.0,21946.0,344105.0,3450.120077275434,0.2300220620560527,1.7763316947942314
ID1325949,1325949,7,25976.861328125,46.63959465911244,157.18049044126084,0.0,0.63,21,0.5,1,,49777.23809523809,49679.0,23978.0,65535.0,1045322.0,15482.908547507352,0.6880159842545701,2.6207778910868944
ID1325950,1325950,17,7870.4375,110.76916053316654,160.3823904386721,0.0,0.63,21,0.5,1,,12494.761904761905,10352.0,5637.0,27328.0,262390.0,6284.980667470361,0.5375717039137966,1.390128851567336
ID1325951,1325951,18,3753.841064453125,168.24182253485313,165.8232052873591,0.0,0.63,21,0.5,1,,11414.57142857143,12192.0,6534.0,15207.0,239706.0,2442.2559974627675,0.3162295402296236,2.2457904161070945
ID1325944,1325944,11,5549.533203125,93.62981678130129,134.59343843936816,0.0,0.63,21,0.5,1,,12738.857142857143,11913.0,3240.0,20144.0,267516.0,5639.901340322491,0.389724616186726,1.2668291380031336
ID1325945,1325945,,1681.0035400390625,92.25182851521575,135.58837231152086,0.0,0.63,21,0.5,1,,6477.809523809524,6068.0,4062.0,8901.0,136034.0,1551.542349375215,0.18807041510936112,1.3218215772288302
ID1325946,1325946,4,22088.55859375,54.96057103861816,141.87533838635613,0.0,0.63,21,0.5,1,,38325.666666666664,33539.0,14719.0,65535.0,804839.0,15188.15539271749,0.5490768695261243,1.7888538567299974
ID1325947,1325947,5,4005.169189453125,135.61541794237863,147.0411980767804,0.0,0.63,21,0.5,1,,15495.809523809523,15661.0,11421.0,20147.0,325412.0,2854.3991244927124,0.21711890020415311,1.9368419793457752
ID1325932,1325932,44,10772.578125,2.0676145876191847,28.372154609028755,0.0,0.63,21,0.5,1,,18253.904761904763,16399.0,8147.0,32270.0,383332.0,7706.603693617325,0.6054977430462465,1.7865927980758693
ID1325933,1325933,22,4619.44921875,110.3988914778724,32.42720671938185,0.0,0.63,21,0.5,1,,10663.904761904761,10451.0,4990.0,16455.0,223942.0,3448.691518601829,0.40442826351732725,1.7808766607455058
ID1325934,1325934,27,15651.5390625,134.61585317364492,38.87082643583265,0.0,0.63,21,0.5,1,,22834.380952380954,20834.0,9038.0,48946.0,479522.0,12984.790697104789,0.6619060561342961,1.4007936635731768
ID1325935,1325935,28,3215.79052734375,93.81482752922294,44.61847385641729,0.0,0.63,21,0.5,1,,8132.0952380952385,7407.0,3702.0,12836.0,170774.0,2779.663215297168,0.32393303311264765,1.431625716906486
ID1325929,1325929,31,3891.831298828125,194.32783821454652,7.741591997261866,0.0,0.63,21,0.5,1,,31765.0,32833.0,22790.0,37569.0,667065.0,4537.458506697334,0.10864377424013053,1.3720786627163049
ID1325930,1325930,20,7185.24755859375,193.95478271470088,8.754111506749126,0.0,0.63,21,0.5,1,,36894.666666666664,38118.0,25086.0,43154.0,774788.0,4732.522164061499,0.20205587384105236,2.62088373194907
ID1325931,1325931,41,3234.856689453125,216.8028501046474,26.430977739895315,0.0,0.63,21,0.5,1,,8414.761904761905,8231.0,5694.0,11947.0,176710.0,1829.7855586041198,0.36887792243056367,2.478503726564675
ID1325908,1325908,29,6135.0615234375,220.5132708303931,46.58406564370341,0.0,0.6599999999999999,22,0.5,1,,11859.619047619048,11012.0,2938.0,23151.0,249052.0,5404.631379439216,0.41229959525739823,1.2812112102815465
ID1325909,1325909,23,1862.9813232421875,88.98539924427756,57.16755138103046,0.0,0.6599999999999999,22,0.5,1,,7836.380952380952,7959.0,5783.0,9324.0,164564.0,899.1290494801331,0.22825900470361438,3.2393768126725084
ID1325910,1325910,24,19611.318359375,9.063514508944019,75.81880811518644,0.0,0.6599999999999999,22,0.5,1,,23254.95238095238,15162.0,6762.0,65535.0,488354.0,18084.29928273747,0.7452678678049864,1.098231936002607
ID1325911,1325911,25,2283.875732421875,54.263752423382705,76.79538302605422,0.0,0.6599999999999999,22,0.5,1,,6907.952380952381,7440.0,3417.0,9315.0,145067.0,1725.3471672736036,0.3038495111226009,1.8660956869079786
ID1325904,1325904,44,15158.296875,2.221765339548999,28.521194898451014,0.0,0.6599999999999999,22,0.5,1,,21468.52380952381,17134.0,9505.0,47938.0,450839.0,11421.550387837231,0.6857065061147747,1.5291969594524182
ID1325905,1325905,22,2665.965087890625,110.52167604292903,32.41589486892467,0.0,0.6599999999999999,22,0.5,1,,7743.857142857143,8243.0,3469.0,10736.0,162621.0,2223.7856076005683,0.30604307718059587,1.631997434289947
ID1325906,1325906,27,18140.69921875,134.79754785610822,38.72331903026491,0.0,0.6599999999999999,22,0.5,1,,24989.095238095237,20047.0,6114.0,54947.0,524771.0,15092.122431602394,0.6969907139206686,1.3601215897176668
ID1325907,1325907,28,3315.136962890625,93.73871752913043,44.6748194207767,0.0,0.6599999999999999,22,0.5,1,,8312.57142857143,7892.0,3921.0,13298.0,174564.0,2770.3634882706015,0.33222091194554104,1.496509060166122
ID1325916,1325916,5,4202.75537109375,135.58910925945088,147.110824591154,0.0,0.6599999999999999,22,0.5,1,,16270.190476190477,17144.0,9969.0,20670.0,341674.0,3161.4261911208305,0.23289836536378852,1.9443692745821717
ID1325917,1325917,6,4627.48193359375,135.316867699836,147.82129760486032,0.0,0.6599999999999999,22,0.5,1,,16429.47619047619,16708.0,9399.0,21651.0,345019.0,3609.9570166284198,0.23062313526218112,1.7058053757560505
ID1325918,1325918,7,23429.712890625,46.74853922447803,157.09968278619226,0.0,0.6599999999999999,22,0.5,1,,43632.380952380954,43909.0,18146.0,65535.0,916280.0,16007.421680196314,0.5778459420455441,1.996480133522768
ID1325919,1325919,17,5531.19091796875,110.4946635361438,160.19471683134097,0.0,0.6599999999999999,22,0.5,1,,10551.714285714286,11069.0,5135.0,18963.0,221586.0,4507.142056146635,0.47471493875026877,1.507219802432046
ID1325912,1325912,26,25585.23828125,82.26628479285957,79.9262131102753,0.0,0.6599999999999999,22,0.5,1,,43128.76190476191,49069.0,10770.0,65535.0,905704.0,19340.748418571504,0.675366559964336,1.7978498635230233
ID1325913,1325913,9,5939.28076171875,78.16721795864507,92.80410372353947,0.0,0.6599999999999999,22,0.5,1,,12073.047619047618,10901.0,6652.0,20679.0,253534.0,3948.5812955565507,0.4548843232886336,1.9119579256868366
ID1325914,1325914,11,4090.48828125,93.71222776761878,135.1134185850084,0.0,0.6599999999999999,22,0.5,1,,11148.0,11419.0,5087.0,15903.0,234108.0,3312.460188440006,0.33999285124581274,1.7078258881119093
ID1325915,1325915,4,21983.068359375,54.94819764274561,141.88538806775114,0.0,0.6599999999999999,22,0.5,1,,38029.42857142857,34099.0,14412.0,65535.0,798618.0,15208.450264808142,0.545827571814833,1.7658721371218797
ID1325901,1325901,31,3891.73876953125,194.37893608297546,7.704345066245182,0.0,0.6599999999999999,22,0.5,1,,31220.904761904763,32647.0,22466.0,36602.0,655639.0,4094.801007433229,0.11316959468903391,1.5502834249581858
ID1325902,1325902,20,7168.04248046875,193.97694649442954,8.747235236444213,0.0,0.6599999999999999,22,0.5,1,,36866.0,38117.0,25122.0,43154.0,774186.0,4714.928960228352,0.2031227422522417,2.6401553113197327
ID1325903,1325903,41,2675.436279296875,216.81620535982165,26.482010081123097,0.0,0.6599999999999999,22,0.5,1,,7570.238095238095,7238.0,5370.0,10166.0,158975.0,1400.225978360704,0.33353273982309484,2.704432785227912
ID1325924,1325924,15,11505.4951171875,37.63101218180849,184.60033767532417,0.0,0.6599999999999999,22,0.5,1,,18172.85714285714,16557.0,7045.0,34479.0,381630.0,8226.689202137846,0.6262972751838256,1.7014089218756052
ID1325925,1325925,1,12161.4091796875,15.708084041087128,191.1230432510075,0.0,0.6599999999999999,22,0.5,1,,17054.571428571428,13074.0,4031.0,42449.0,358146.0,10193.542267393746,0.6275985785246722,1.2902691909077997
ID1325926,1325926,2,6675.54541015625,82.87339106322524,212.70315174633106,0.0,0.6599999999999999,22,0.5,1,,11276.52380952381,10271.0,2482.0,23551.0,236807.0,5567.7693165130995,0.49943042357107464,1.3491886518476215
ID1325927,1325927,3,24019.990234375,138.0023573855716,222.35977376518684,0.0,0.6599999999999999,22,0.5,1,,26875.47619047619,18055.0,4198.0,65535.0,564385.0,21277.33940749888,0.8044624595583345,1.1262291747133126
ID1325920,1325920,16,1617.491455078125,117.62200436937947,161.04658895733783,0.0,0.6599999999999999,22,0.5,1,,5612.571428571428,5530.0,3377.0,7560.0,117864.0,1193.6504333944913,0.23991745477671617,1.8196329330028524
ID1325921,1325921,18,4443.36865234375,168.38976174141652,165.9609296556688,0.0,0.6599999999999999,22,0.5,1,,13137.809523809523,13113.0,9405.0,17551.0,275894.0,2205.7802388054806,0.32332760855450776,2.910490136836713
ID1325922,1325922,19,4275.1748046875,169.48569411272408,166.44821504282498,0.0,0.6599999999999999,22,0.5,1,,11021.809523809523,11184.0,4858.0,16905.0,231458.0,3309.0888416458033,0.3232649954900852,1.6273700746910558
ID1325923,1325923,14,2010.9801025390625,82.18539562522346,183.16312368765233,0.0,0.6599999999999999,22,0.5,1,,6314.857142857143,6276.0,3873.0,8431.0,132612.0,1353.8301328347766,0.289551212145988,2.094672557723132
ID1325928,1325928,32,13949.1640625,125.925,224.037,0.0,0.6599999999999999,22,0.5,1,,19369.619047619046,15586.0,7940.0,42112.0,406762.0,9865.568201964803,0.7736388800374351,1.7127818763317475
ID1325972,1325972,11,3429.139404296875,93.80870936199396,135.36203525306072,0.0,0.69,23,0.5,1,,9785.52380952381,9980.0,5993.0,14337.0,205496.0,2706.4157592477845,0.3065590322607902,1.6966983591690084
ID1325973,1325973,4,21585.994140625,54.96259621408654,141.87824262630332,0.0,0.69,23,0.5,1,,37961.90476190476,32791.0,14763.0,65535.0,797200.0,14632.692390345537,0.5441659255568035,1.8284838422259908
ID1325974,1325974,5,4338.55322265625,135.5700981532001,147.14034832851723,0.0,0.69,23,0.5,1,,16379.095238095239,16896.0,9904.0,21014.0,343961.0,3209.2130017305158,0.23843747221146938,1.9652680129822928
ID1325975,1325975,6,4612.7275390625,135.30465963278874,147.81613850990306,0.0,0.69,23,0.5,1,,16531.095238095237,17344.0,9557.0,21837.0,347153.0,3662.537902940554,0.2308795762549606,1.6932436159436572
ID1325968,1325968,24,19002.431640625,8.961847334661108,75.93914950473533,0.0,0.69,23,0.5,1,,21604.14285714286,13961.0,5324.0,65535.0,453687.0,17285.29230671473,0.713387213762549,1.0407828021176961
ID1325969,1325969,25,2260.568359375,54.302589293018215,76.75210338559678,0.0,0.69,23,0.5,1,,7113.238095238095,7229.0,4674.0,9293.0,149378.0,1416.022807187861,0.2913309894388252,2.2666068839530418
ID1325970,1325970,26,28611.857421875,82.33144726169303,79.7349869485245,0.0,0.69,23,0.5,1,,44708.57142857143,49102.0,18741.0,65535.0,938880.0,18413.670515601792,0.7100468205639497,2.016319761608784
ID1325971,1325971,9,5989.990234375,78.11800806489875,92.65124855614941,0.0,0.69,23,0.5,1,,12620.52380952381,11763.0,7311.0,19168.0,265031.0,3689.971227788201,0.4765870666249204,2.2078399564297593
ID1325980,1325980,19,4287.0927734375,169.4791281139446,166.5370214515874,0.0,0.69,23,0.5,1,,11169.666666666666,11482.0,5454.0,17355.0,234563.0,3504.072749435053,0.3148063917741866,1.5264368055421915
ID1325981,1325981,14,2622.93798828125,82.46349524812425,182.71361042468308,0.0,0.69,23,0.5,1,,7477.761904761905,7431.0,5158.0,10089.0,157033.0,1632.2211218080074,0.33496974074344604,2.2990943296075943
ID1325982,1325982,15,17612.275390625,37.434256132070594,184.8810177988675,0.0,0.69,23,0.5,1,,22133.428571428572,17627.0,6835.0,57827.0,464802.0,14076.956235534117,0.7071333697763914,1.3025782107554935
ID1325983,1325983,1,11251.0390625,15.705271933732975,190.50161875597593,0.0,0.69,23,0.5,1,,15274.952380952382,11678.0,3997.0,38515.0,320774.0,9668.343443818028,0.6050249315914,1.1911028938468209
ID1325976,1325976,7,27257.7421875,46.82374584692306,157.29009068837053,0.0,0.69,23,0.5,1,,48219.380952380954,46585.0,17481.0,65535.0,1012607.0,16419.586460919745,0.667938247595448,2.352045703855256
ID1325977,1325977,17,7094.7392578125,110.3836556657608,160.53074721362523,0.0,0.69,23,0.5,1,,12293.666666666666,9525.0,7460.0,23946.0,258167.0,4727.422684014339,0.5167194839285005,1.7718892212812776
ID1325978,1325978,16,2163.151611328125,118.02305739880525,160.95755656084984,0.0,0.69,23,0.5,1,,7133.571428571428,6800.0,4944.0,9584.0,149805.0,1394.4424538656506,0.28257113087865376,2.2541496396451954
ID1325979,1325979,18,4457.79296875,168.40404923929398,166.11135740269336,0.0,0.69,23,0.5,1,,12776.285714285714,13772.0,7484.0,17553.0,268302.0,3169.8389571531416,0.32690863625897165,1.9860161947827484
ID1325959,1325959,31,3954.607177734375,194.3342381039442,7.739920800777446,0.0,0.69,23,0.5,1,,31802.238095238095,32682.0,22720.0,38141.0,667847.0,4618.109698835248,0.10798547566464807,1.3423158356355387
ID1325964,1325964,27,19609.27734375,134.6795700455733,38.68919032145267,0.0,0.69,23,0.5,1,,24562.428571428572,18700.0,6000.0,64882.0,515811.0,16667.3264069899,0.7055102606306827,1.2192263992850096
ID1325965,1325965,28,2589.0654296875,93.7596345551913,44.750287793952296,0.0,0.69,23,0.5,1,,7388.333333333333,7864.0,4126.0,10769.0,155155.0,2057.3705872626188,0.2972778988986684,1.64586251197086
ID1325966,1325966,29,7125.51708984375,220.41939393164793,46.78324582601564,0.0,0.69,23,0.5,1,,13917.0,13571.0,4189.0,26438.0,292257.0,5742.962310515367,0.4727291714530379,1.5557118876582603
ID1325967,1325967,23,1890.943115234375,88.96241741395532,57.17504423355107,0.0,0.69,23,0.5,1,,7867.571428571428,8034.0,5516.0,9233.0,165219.0,966.9197780285898,0.23060286500348776,3.0494886641655343
ID1325960,1325960,20,7209.83837890625,193.97187421726488,8.744626102598929,0.0,0.69,23,0.5,1,,36939.52380952381,38107.0,25337.0,43476.0,775730.0,4809.629368454991,0.20192825601762487,2.5806447672583364
ID1325961,1325961,41,2010.671875,216.95791667848584,26.419167973473098,0.0,0.69,23,0.5,1,,6738.714285714285,6833.0,5320.0,8601.0,141513.0,999.5540076882861,0.29418033349096956,3.06492332321559
ID1325962,1325962,44,15157.5751953125,2.373602010031416,28.63817408052748,0.0,0.69,23,0.5,1,,20888.380952380954,18520.0,6032.0,48835.0,438656.0,11568.393550861721,0.6840813765699613,1.4669199481812538
ID1325963,1325963,22,2296.711669921875,110.45189092418684,33.24625827297389,0.0,0.69,23,0.5,1,,6742.857142857143,6632.0,3367.0,9823.0,141600.0,1974.2017699747482,0.2800178129151485,1.4943490890392062
ID1325984,1325984,2,5579.3623046875,82.74411326611659,212.40717084864497,0.0,0.69,23,0.5,1,,10479.857142857143,9917.0,5699.0,18888.0,220077.0,3650.9639725107436,0.486516845843924,1.8789094821853884
ID1325985,1325985,3,23391.7890625,138.0038417884169,222.32653312854418,0.0,0.69,23,0.5,1,,25961.333333333332,15987.0,4910.0,65535.0,545188.0,20282.69342403354,0.7854019050330842,1.1261268652735965
ID1325986,1325986,32,19512.333984375,126.144,224.037,0.0,0.69,23,0.5,1,,26303.761904761905,19496.0,12000.0,53669.0,552379.0,12595.797024820471,0.8049468138838167,1.8626230944216164
ID1326004,1326004,7,26661.681640625,46.67526129518472,157.46885297825116,0.0,0.72,24,0.5,1,,47557.95238095238,42154.0,28475.0,65535.0,998717.0,13930.225247555009,0.6569209586459642,2.707112667088891
ID1326005,1326005,17,8059.77392578125,110.05839885712408,160.5644125386413,0.0,0.72,24,0.5,1,,13029.809523809523,11814.0,5435.0,27015.0,273626.0,6596.213456363034,0.5452273358785719,1.3939866059292039
ID1326006,1326006,16,2717.3828125,118.65899413731181,161.07560798391566,0.0,0.72,24,0.5,1,,8430.52380952381,8427.0,6199.0,11076.0,177041.0,1306.5783795489508,0.34712430986755793,3.325266394997842
ID1326007,1326007,18,3922.798583984375,168.2976936224249,166.01220503094706,0.0,0.72,24,0.5,1,,11898.0,12094.0,6160.0,16398.0,249858.0,2776.9001602506346,0.32227740761402424,2.088579344266379
ID1326000,1326000,11,4072.711669921875,93.38987402855396,135.4448840410077,0.0,0.72,24,0.5,1,,11172.142857142857,11142.0,6795.0,16788.0,234615.0,3174.1821353809282,0.33446537402527915,1.7643245898089843
ID1326001,1326001,4,21759.4140625,54.9545120409768,141.88207067564278,0.0,0.72,24,0.5,1,,38027.666666666664,33581.0,14369.0,65535.0,798581.0,14908.622925452684,0.5459874358658662,1.8016433888047365
ID1326002,1326002,5,4035.403564453125,135.59978178504852,147.08992471674637,0.0,0.72,24,0.5,1,,16138.666666666666,16982.0,10419.0,20455.0,338912.0,3016.66634438304,0.2290744521071056,1.9942005619877683
ID1326003,1326003,6,4602.12744140625,135.3151216793501,147.82633177173463,0.0,0.72,24,0.5,1,,16310.285714285714,16637.0,9748.0,21726.0,342516.0,3591.0687287053856,0.22971160972335683,1.6968658887996204
ID1326012,1326012,2,5584.37158203125,82.53759738352933,212.60956211451153,0.0,0.72,24,0.5,1,,10848.619047619048,10140.0,5747.0,17901.0,227821.0,3664.186723901915,0.48232882967319185,1.926750693332278
ID1326013,1326013,3,18708.15625,137.79062614902168,222.38801016519523,0.0,0.72,24,0.5,1,,23787.809523809523,21402.0,5004.0,62623.0,499544.0,16145.570567864881,0.7294130591982997,1.2428131827561488
ID1326014,1326014,32,20713.6015625,126.144,224.037,0.0,0.72,24,0.5,1,,24921.52380952381,21006.0,6530.0,65535.0,523352.0,16830.332565398247,0.8151434931788399,1.329949022032884
ID1326008,1326008,19,4123.27685546875,169.46067434530974,166.49787657936574,0.0,0.72,24,0.5,1,,10564.761904761905,10028.0,4752.0,15980.0,221860.0,3364.25036084953,0.3259438242286309,1.5438995256670682
ID1326009,1326009,14,3186.50537109375,82.98916428803756,182.66017340131629,0.0,0.72,24,0.5,1,,8328.52380952381,8120.0,5905.0,11855.0,174899.0,1739.1043562433972,0.3619770522911847,2.545561730002793
ID1326010,1326010,15,9470.7548828125,37.585363212604065,185.1927225280342,0.0,0.72,24,0.5,1,,15742.857142857143,15399.0,6401.0,28328.0,330600.0,7020.725555708002,0.5914597185036264,1.666713968596857
ID1326011,1326011,1,8207.2841796875,16.07313780537602,190.45763511732682,0.0,0.72,24,0.5,1,,12636.238095238095,10839.0,5164.0,28657.0,265361.0,6917.448900460067,0.5446977235062341,1.2882907545679807
ID1325988,1325988,31,3902.72900390625,194.37359292008648,7.700251616911338,0.0,0.72,24,0.5,1,,31165.285714285714,32470.0,22221.0,36601.0,654471.0,4101.941456711164,0.11237088637034473,1.5350263801456372
ID1325989,1325989,20,7292.5458984375,193.96946442783235,8.757803495963522,0.0,0.72,24,0.5,1,,36949.42857142857,37988.0,25444.0,43085.0,775938.0,4672.968655698736,0.20330231015530278,2.6718521186272755
ID1325990,1325990,41,1468.604248046875,217.10560987153636,26.33633845796657,0.0,0.72,24,0.5,1,,5719.714285714285,5990.0,3688.0,6855.0,120114.0,863.9460135249855,0.24643367780490155,2.617873214775983
ID1325991,1325991,44,15176.9375,2.011123133887478,28.638330339933503,0.0,0.72,24,0.5,1,,21540.0,19429.0,6418.0,46831.0,452340.0,11362.883080451018,0.6915519532452825,1.5499819045216883
ID1325987,1325987,,1456.5343017578125,193.79387309590106,5.82559924627311,0.0,0.72,24,0.5,1,,13334.761904761905,13220.0,10602.0,15415.0,280030.0,1511.2059722209249,0.08496327820792854,1.3819992955051088
ID1325996,1325996,24,18600.03125,9.085948433298213,75.93509755083278,0.0,0.72,24,0.5,1,,22449.619047619046,13667.0,5602.0,65535.0,471442.0,17978.537272192614,0.7297877992568781,1.0536306253329293
ID1325997,1325997,25,2618.245361328125,54.27403405050894,76.6842228451026,0.0,0.72,24,0.5,1,,7584.476190476191,7435.0,4434.0,10113.0,159274.0,1662.74969911432,0.31453893600399113,2.1828790319838385
ID1325998,1325998,26,29500.576171875,82.11915535853663,79.66555406334169,0.0,0.72,24,0.5,1,,43564.90476190476,42320.0,16500.0,65535.0,914863.0,19698.444420574844,0.7320956967492759,1.8695229658400758
ID1325999,1325999,9,6402.982421875,78.07509618115145,92.59269941872097,0.0,0.72,24,0.5,1,,13045.095238095239,12780.0,6238.0,22510.0,273947.0,4438.9457408799435,0.4914217168557852,1.9366506925705862
ID1325992,1325992,27,17192.572265625,134.57718805431327,38.87859380841067,0.0,0.72,24,0.5,1,,23928.95238095238,22753.0,5301.0,51951.0,502508.0,15311.211573471872,0.6799434115737989,1.265092381804391
ID1325993,1325993,28,2449.028076171875,93.70287748410331,44.77414757124253,0.0,0.72,24,0.5,1,,7154.190476190476,7050.0,4153.0,10056.0,150238.0,1913.3665518934845,0.2940848661749416,1.6994259063946504
ID1325994,1325994,29,9597.14453125,220.57750891291403,46.83456055476303,0.0,0.72,24,0.5,1,,17099.285714285714,16478.0,5932.0,31825.0,359085.0,6563.286852963666,0.5625759016036945,1.875972991584345
ID1325995,1325995,23,1842.4991455078125,88.98339694965352,57.182846289448804,0.0,0.72,24,0.5,1,,7759.714285714285,7991.0,5749.0,9110.0,162954.0,942.0626381964813,0.22160194383049542,2.9884073554629884
ID1326044,1326044,20,7230.53466796875,193.9523241715739,8.76141105463546,0.0,0.75,25,0.5,1,,37070.95238095238,38321.0,25194.0,43511.0,778490.0,4652.295975926193,0.20226788277064958,2.6811560126153697
ID1326045,1326045,41,1613.6322021484375,217.59767282608703,26.575628157464212,0.0,0.75,25,0.5,1,,6082.952380952381,6123.0,4894.0,7343.0,127742.0,807.1709531561747,0.2531386253799891,3.044655700878246
ID1326046,1326046,44,14464.2109375,2.1896661860513524,28.38948617179111,0.0,0.75,25,0.5,1,,20399.809523809523,18927.0,4367.0,47211.0,428396.0,11950.527338235112,0.6578582365823638,1.3547337912212167
ID1326047,1326047,27,25044.58203125,134.51214635312803,38.77506498116886,0.0,0.75,25,0.5,1,,28188.666666666668,15713.0,7793.0,65535.0,591962.0,21273.845908376166,0.7882972416967997,1.1681774560187825
ID1326042,1326042,,1560.4263916015625,127.34714819944287,2.1894241698657146,0.0,0.75,25,0.5,1,,4784.761904761905,4505.0,3088.0,6695.0,100480.0,1067.4238101504905,0.2941755170296845,2.0378245364144734
ID1326043,1326043,31,3996.3017578125,194.34421203166937,7.727243269030352,0.0,0.75,25,0.5,1,,31865.619047619046,33187.0,22046.0,37536.0,669178.0,4692.700187271614,0.10890552856176683,1.3337822256848033
ID1326068,1326068,2,6001.421875,82.39541773436342,213.3099561941461,0.0,0.75,25,0.5,1,,11453.666666666666,10261.0,5808.0,19853.0,240527.0,3780.6125076941344,0.49281086626024706,2.000266475538033
ID1326069,1326069,3,21209.79296875,137.82226510307157,222.74498994481226,0.0,0.75,25,0.5,1,,25336.95238095238,18658.0,7356.0,65535.0,532076.0,17836.09097721861,0.7618099331680072,1.2284918193467023
ID1326070,1326070,32,19375.443359375,126.144,224.037,0.0,0.75,25,0.5,1,,25569.0,23426.0,7238.0,56282.0,536949.0,14161.573076462939,0.7934190799337173,1.59754498160953
ID1326064,1326064,19,4270.5078125,169.4945790542921,166.43628916361067,0.0,0.75,25,0.5,1,,10962.619047619048,11147.0,4830.0,16982.0,230215.0,3255.833095786553,0.319482754108805,1.6305190833822454
ID1326065,1326065,14,3067.998779296875,83.16129903069613,182.64465619817634,0.0,0.75,25,0.5,1,,8043.714285714285,8152.0,6073.0,11550.0,168918.0,1680.9565474115368,0.361176566388616,2.539424151509772
ID1326066,1326066,15,6551.90576171875,37.858469422569975,185.05382018527067,0.0,0.75,25,0.5,1,,12261.714285714286,10275.0,7444.0,20865.0,257496.0,3935.3755620379757,0.5188692359006658,2.12878861869755
ID1326067,1326067,1,8356.0947265625,16.186674075423728,190.33627336239198,0.0,0.75,25,0.5,1,,12797.619047619048,11535.0,4599.0,27806.0,268750.0,6336.910954685969,0.5587130379916175,1.447785448505853
ID1326052,1326052,25,2528.83154296875,54.28960314274428,76.69306881544969,0.0,0.75,25,0.5,1,,7492.333333333333,7383.0,4777.0,10162.0,157339.0,1572.5130948050428,0.3065404577723865,2.2357217666424805
ID1326053,1326053,26,29547.3359375,82.13703372062734,79.59129136560001,0.0,0.75,25,0.5,1,,45121.857142857145,52820.0,15898.0,65535.0,947559.0,19603.92160075559,0.7549536397948111,1.9802892952157733
ID1326054,1326054,46,1605.1961669921875,104.72165587426719,83.3264698171166,0.0,0.75,25,0.5,1,,8001.190476190476,7936.0,5275.0,9913.0,168025.0,1371.1236493857004,0.17316738473586119,1.7227176398725035
ID1326055,1326055,9,6811.1220703125,78.05409009982898,92.65497888891022,0.0,0.75,25,0.5,1,,12961.190476190477,12417.0,6285.0,23729.0,272185.0,5076.948577827508,0.4712495513932307,1.6354479636241617
ID1326048,1326048,28,2544.244873046875,93.55095757917297,44.91876837204544,0.0,0.75,25,0.5,1,,7190.380952380952,7121.0,4222.0,10706.0,150998.0,2023.344322555864,0.2920003336998703,1.606322796393916
ID1326049,1326049,29,10033.470703125,220.82224038189304,46.61891506272112,0.0,0.75,25,0.5,1,,18398.14285714286,17662.0,9391.0,30710.0,386361.0,6035.707690782534,0.5786247395150603,2.2345695546544793
ID1326050,1326050,23,1858.70849609375,88.9785680571977,57.1787126169695,0.0,0.75,25,0.5,1,,7835.476190476191,7910.0,5740.0,9095.0,164545.0,916.1888789462367,0.22712736678350892,3.1658490195782085
ID1326051,1326051,24,19695.388671875,8.965053664129563,75.92528011526015,0.0,0.75,25,0.5,1,,21991.761904761905,14933.0,5022.0,65535.0,461827.0,18581.89952320473,0.724219593178941,0.9942088104330254
ID1326060,1326060,7,21429.689453125,46.7330534128262,157.46106437471582,0.0,0.75,25,0.5,1,,41351.52380952381,38427.0,26270.0,65535.0,868382.0,12383.460350883544,0.5554908059936559,2.3850029605731518
ID1326061,1326061,17,14138.50390625,110.0553123761001,160.39763511025555,0.0,0.75,25,0.5,1,,17850.428571428572,15518.0,3745.0,49027.0,374859.0,14021.062126570258,0.6647722905040468,1.0167537891510638
ID1326062,1326062,16,4449.36962890625,118.8089177524894,161.0588585230579,0.0,0.75,25,0.5,1,,10042.380952380952,10339.0,5071.0,16511.0,210890.0,3547.051852964522,0.4006059320943413,1.6195731378857947
ID1326063,1326063,18,4256.060546875,168.39629507303738,165.9357439141393,0.0,0.75,25,0.5,1,,13044.619047619048,12919.0,9104.0,16844.0,273937.0,2027.782569118062,0.3170579632452271,3.0972323562248194
ID1326056,1326056,11,2621.927001953125,93.25993799028673,135.67961477918143,0.0,0.75,25,0.5,1,,7584.428571428572,7888.0,3199.0,11262.0,159273.0,2450.17076081298,0.2823283372336312,1.3630498496806454
ID1326057,1326057,4,21927.53125,54.96379590830642,141.879515595368,0.0,0.75,25,0.5,1,,38225.09523809524,33457.0,15379.0,65535.0,802727.0,14878.66825997798,0.5476038748104822,1.8181144361319839
ID1326058,1326058,5,4451.78076171875,135.56899868439734,147.1597893163187,0.0,0.75,25,0.5,1,,16452.14285714286,17193.0,9840.0,21340.0,345495.0,3327.7113349224614,0.23926409641423527,1.9090639993635334
ID1326059,1326059,6,4592.2900390625,135.31701119208736,147.8066244140657,0.0,0.75,25,0.5,1,,16581.95238095238,17347.0,9671.0,21946.0,348221.0,3641.2327922860204,0.2303377071753695,1.7051316635053255
ID1326036,1326036,14,2855.991943359375,83.13581422729587,182.14352578464386,0.0,0.78,26,0.5,1,,8125.047619047619,7837.0,5770.0,10729.0,170626.0,1513.0285349652358,0.348514952387588,2.7757122437022845
ID1326037,1326037,15,9691.5947265625,37.864133730752144,185.06796384152503,0.0,0.78,26,0.5,1,,14959.714285714286,11798.0,7481.0,31333.0,314154.0,6852.9150450217685,0.5870478380608849,1.6149587057948012
ID1326038,1326038,1,7187.35888671875,16.267473789542034,190.15367815799607,0.0,0.78,26,0.5,1,,11566.761904761905,9039.0,4515.0,24063.0,242902.0,5618.644186142791,0.5352469817102747,1.4354439397957277
ID1326039,1326039,2,5354.46533203125,82.52487224161598,213.81037593202902,0.0,0.78,26,0.5,1,,10597.47619047619,9881.0,5233.0,17751.0,222547.0,3567.852443964683,0.47623106594540093,1.9164122670045804
ID1326032,1326032,17,12389.8759765625,110.0358066215752,160.25240326692077,0.0,0.78,26,0.5,1,,17051.761904761905,13351.0,6493.0,41302.0,358087.0,10871.511812552852,0.6437362443090144,1.2285282399970743
ID1326033,1326033,16,5170.43310546875,118.77677923490518,161.14609862911283,0.0,0.78,26,0.5,1,,11435.285714285714,10595.0,7108.0,17854.0,240141.0,3060.6985173789517,0.45070516408918265,2.32150615644843
ID1326034,1326034,18,4637.921875,168.54983813638682,165.71474488620655,0.0,0.78,26,0.5,1,,13469.238095238095,12769.0,9796.0,17975.0,282854.0,2236.5590067056555,0.3314465360696993,2.9983506248358256
ID1326035,1326035,19,3963.84814453125,169.5962283123956,166.3268520369084,0.0,0.78,26,0.5,1,,11549.42857142857,11227.0,7322.0,16872.0,242538.0,2682.7366171771055,0.3058768107833364,2.016771982188067
ID1326040,1326040,3,13765.224609375,137.71520766642354,222.78387610568822,0.0,0.78,26,0.5,1,,18427.714285714286,13303.0,4396.0,47522.0,386982.0,11678.770822063669,0.6378818048913696,1.2290285897181772
ID1326041,1326041,32,18108.6328125,125.925,224.037,0.0,0.78,26,0.5,1,,28323.95238095238,24710.0,13232.0,45461.0,594803.0,11078.354433200766,0.7870414060459165,2.252016465253181
ID1326020,1326020,29,8265.7958984375,220.8415212380182,46.53263156849291,0.0,0.78,26,0.5,1,,17289.428571428572,15478.0,11070.0,28601.0,363078.0,5029.645848083427,0.5355947381618826,2.397910203228351
ID1326021,1326021,23,1823.833984375,88.99092403175366,57.17254602030617,0.0,0.78,26,0.5,1,,7799.047619047619,7850.0,5650.0,9253.0,163780.0,947.9829890979307,0.22377958580608853,3.008765113050734
ID1326022,1326022,24,20052.263671875,8.936748371104587,75.93302994617514,0.0,0.78,26,0.5,1,,22175.333333333332,16119.0,4199.0,65535.0,465682.0,18984.094203657267,0.7271204979705553,0.9835445164820599
ID1326023,1326023,25,2672.25439453125,54.29868076398019,76.65368982575231,0.0,0.78,26,0.5,1,,7678.952380952381,7749.0,4233.0,10641.0,161258.0,1716.1200854308092,0.3148307752980926,2.1428492229059466
ID1326016,1326016,20,7346.03759765625,193.95126454870368,8.763557431944403,0.0,0.78,26,0.5,1,,37112.28571428572,38248.0,25267.0,43546.0,779358.0,4690.08251678856,0.20451397403445806,2.6870661624743746
ID1326017,1326017,44,13492.568359375,2.2553991802836344,28.496598720136515,0.0,0.78,26,0.5,1,,19966.190476190477,16049.0,9127.0,42312.0,419290.0,10280.565289024955,0.6488177769922168,1.5284748232480623
ID1326018,1326018,27,23135.1796875,134.56621768263952,38.636204606931365,0.0,0.78,26,0.5,1,,28209.0,25831.0,5319.0,65535.0,592389.0,20808.853579666516,0.8017429276292982,1.2064569893767112
ID1326019,1326019,28,2349.72216796875,93.51599637120803,44.95808451741267,0.0,0.78,26,0.5,1,,6942.857142857143,7056.0,4191.0,10001.0,145800.0,1784.1370262878993,0.28511127471515035,1.72668722813908
ID1326028,1326028,4,22034.052734375,54.9471771660691,141.88516822968924,0.0,0.78,26,0.5,1,,38027.619047619046,33433.0,14002.0,65535.0,798580.0,15438.397819968854,0.5449712965040565,1.7377212660509034
ID1326029,1326029,5,4282.42041015625,135.59474869419583,147.0962845576543,0.0,0.78,26,0.5,1,,16386.85714285714,17082.0,10094.0,21041.0,344124.0,3166.250436805565,0.23430954908410526,1.9649264555324086
ID1326030,1326030,6,4680.87158203125,135.3036723666306,147.83403201132677,0.0,0.78,26,0.5,1,,16540.095238095237,16790.0,9569.0,22207.0,347342.0,3699.0785055843553,0.22996630847385444,1.6720353368008012
ID1326031,1326031,7,23658.591796875,46.613531961630926,157.16142874792882,0.0,0.78,26,0.5,1,,43579.42857142857,41614.0,25901.0,65535.0,915168.0,13532.884834991499,0.6057060667128736,2.4295006317224566
ID1326024,1326024,26,29612.03515625,82.08380380212986,79.57894903218794,0.0,0.78,26,0.5,1,,44930.90476190476,43245.0,11619.0,65535.0,943549.0,19625.863486493436,0.7663516426776338,1.9865399901244056
ID1326025,1326025,46,1995.1842041015625,104.90563947383923,83.88960115232541,0.0,0.78,26,0.5,1,,9382.714285714286,9479.0,8353.0,10332.0,197037.0,630.970692097275,0.24345843388035396,5.822947196396824
ID1326026,1326026,9,6208.17138671875,78.0432991913203,92.65906693034766,0.0,0.78,26,0.5,1,,12498.52380952381,12140.0,6550.0,21365.0,262469.0,4352.220382966006,0.4602473006757608,1.810267176519078
ID1326027,1326027,11,1842.021240234375,93.37280152420149,135.8360658337574,0.0,0.78,26,0.5,1,,6678.142857142857,6882.0,4686.0,8711.0,140241.0,1277.6733653682495,0.24268876623657126,2.041517752380374
ID1326015,1326015,31,3899.00048828125,194.337393239038,7.718730469260297,0.0,0.78,26,0.5,1,,31730.238095238095,32852.0,22437.0,37856.0,666335.0,4514.873053639071,0.10731990826827506,1.3622755678978424
