LABEL,ID,TRACK_ID,QUALITY,POSITION_X,POSITION_Y,POSITION_Z,POSITION_T,FRAME,RADIUS,VISIBILITY,MANUAL_SPOT_COLOR,MEAN_INTENSITY_CH1,MEDIAN_INTENSITY_CH1,MIN_INTENSITY_CH1,MAX_INTENSITY_CH1,TOTAL_INTENSITY_CH1,STD_INTENSITY_CH1,CONTRAST_CH1,SNR_CH1
Label,Spot ID,Track ID,Quality,X,Y,Z,T,Frame,Radius,Visibility,Manual spot color,Mean intensity ch1,Median intensity ch1,Min intensity ch1,Max intensity ch1,Sum intensity ch1,Std intensity ch1,Contrast ch1,Signal/Noise ratio ch1
Label,Spot ID,Track ID,Quality,X,Y,Z,T,Frame,R,Visibility,Spot color,Mean ch1,Median ch1,Min ch1,Max ch1,Sum ch1,Std ch1,Ctrst ch1,SNR ch1
,,,(quality),(micron),(micron),(micron),(sec),,(micron),,,(counts),(counts),(counts),(counts),(counts),(counts),,
ID1290395,1290395,22,11389.5390625,141.30490536742045,25.254285380691428,0.0,0.0,0,0.5,1,,17247.14285714286,13636.0,6627.0,35853.0,362190.0,8757.26735509265,0.6282633993078247,1.519832217972562
ID1290394,1290394,16,2098.908447265625,145.49101790028698,24.128827256113784,0.0,0.0,0,0.5,1,,6261.142857142857,6307.0,3167.0,9111.0,131484.0,1872.4913694250845,0.28416047688066015,1.4798174955394183
ID1290393,1290393,17,1734.2310791015625,109.08546070034024,18.739208747718923,0.0,0.0,0,0.5,1,,5247.523809523809,5635.0,2316.0,7377.0,110198.0,1563.9855056568658,0.2778706570384178,1.4591753340599032
ID1290392,1290392,18,5950.3388671875,154.68398847268352,2.028912344574173,0.0,0.0,0,0.5,1,,12252.761904761905,11905.0,6675.0,19657.0,257308.0,4077.061416078521,0.4788493226909323,1.946218906277139
ID1290399,1290399,36,2110.01953125,141.54102685194428,38.40812828548352,0.0,0.0,0,0.5,1,,6809.476190476191,6788.0,4594.0,9258.0,142999.0,1284.574661864682,0.2858631795567622,2.356936105689311
ID1290398,1290398,19,5533.46533203125,208.30580545743135,33.0429288297736,0.0,0.0,0,0.5,1,,11038.285714285714,10751.0,3505.0,19050.0,231804.0,4137.122733771106,0.4764082385054415,1.7218924623573784
ID1290397,1290397,20,4616.17822265625,196.55796370008858,31.65405138780991,0.0,0.0,0,0.5,1,,10021.809523809523,9541.0,4283.0,16397.0,210458.0,3671.2997101714213,0.43630305612950243,1.6584350600741826
ID1290396,1290396,21,1827.5894775390625,138.02450397311577,27.02250695357969,0.0,0.0,0,0.5,1,,5695.9047619047615,5990.0,3100.0,8175.0,119614.0,1618.3429458789599,0.26288233435847613,1.4652801623875944
ID1290419,1290419,27,1551.208251953125,144.93848340316327,155.0349071826577,0.0,0.0,0,0.5,1,,5665.190476190476,6098.0,2693.0,7517.0,118969.0,1484.863549927993,0.2155456965776578,1.3530879673110014
ID1290418,1290418,29,19516.54296875,29.631132392469098,137.00897413599063,0.0,0.0,0,0.5,1,,25872.85714285714,23129.0,6986.0,60946.0,543330.0,15652.280649431617,0.7626741233874191,1.4304205557274767
ID1290417,1290417,,1457.7928466796875,192.50957875079692,135.3622878491662,0.0,0.0,0,0.5,1,,7504.571428571428,7614.0,5604.0,8751.0,157596.0,903.8994729187848,0.17265747949393204,2.44483737877306
ID1290416,1290416,24,3910.849609375,215.3159852809447,114.63245567895154,0.0,0.0,0,0.5,1,,10107.42857142857,10045.0,6309.0,14496.0,212256.0,2441.5993236284403,0.38510782000959265,2.301945498197509
ID1290423,1290423,32,24586.21484375,110.48282627957921,175.58749319340572,0.0,0.0,0,0.5,1,,48362.04761904762,50551.0,22616.0,65535.0,1015603.0,14507.069947016145,0.5754964824818397,2.435455544357125
ID1290422,1290422,33,13478.9111328125,213.96488918839208,167.47519569200543,0.0,0.0,0,0.5,1,,22084.04761904762,19757.0,8824.0,38489.0,463765.0,8134.70321201819,0.6795695161202127,2.19686243850111
ID1290421,1290421,46,1636.5714111328125,55.01577632510949,166.60099019448344,0.0,0.0,0,0.5,1,,5342.047619047619,5391.0,2912.0,7009.0,112183.0,1269.653475409353,0.26259571659114733,1.7501524122677643
ID1290420,1290420,,2219.133056640625,47.47376720926026,156.79382949914475,0.0,0.0,0,0.5,1,,6503.9047619047615,6962.0,2858.0,9487.0,136582.0,1807.2257995270513,0.29298432173215166,1.630958359400367
ID1290426,1290426,47,1949.1893310546875,98.01377399151187,219.29036150919,0.0,0.0,0,0.5,1,,5674.714285714285,5723.0,4270.0,7524.0,119169.0,1048.960206245077,0.3399035155208904,2.744714096417293
ID1290425,1290425,30,8856.1552734375,98.06988590823894,216.22113227099436,0.0,0.0,0,0.5,1,,16727.095238095237,16898.0,6254.0,28072.0,351269.0,6226.382520410723,0.5378834459157319,1.8792280378148767
ID1290424,1290424,31,22718.78125,120.60808524184638,175.9512701120044,0.0,0.0,0,0.5,1,,26229.190476190477,19408.0,4375.0,65535.0,550813.0,20599.91897707136,0.81408239400113,1.142774982821055
ID1290403,1290403,0,2709.802734375,34.66596046984602,43.531302884125935,0.0,0.0,0,0.5,1,,7279.190476190476,7717.0,3336.0,10694.0,152863.0,2242.4628340074582,0.338595651829501,1.642176346342358
ID1290402,1290402,,1798.427001953125,19.22121393766284,43.62598899676132,0.0,0.0,0,0.5,1,,5271.761904761905,5270.0,3635.0,7004.0,110707.0,930.1810525248246,0.3365066979957797,2.853913906758666
ID1290401,1290401,1,20400.1484375,177.61414042109695,38.92607301066652,0.0,0.0,0,0.5,1,,23820.95238095238,16686.0,5737.0,65535.0,500240.0,17118.51993741337,0.7627398975421437,1.204234689343244
ID1290400,1290400,2,2697.48388671875,197.99912947477475,38.47865625568071,0.0,0.0,0,0.5,1,,7110.428571428572,7067.0,2069.0,10809.0,149319.0,2694.3401895719953,0.3309267392655877,1.312354165637215
ID1290407,1290407,4,1637.81494140625,112.80341597177218,61.59233992755428,0.0,0.0,0,0.5,1,,5258.190476190476,5181.0,3344.0,7070.0,110422.0,1154.579690582145,0.2642630608763353,1.9038880504490228
ID1290406,1290406,5,25369.392578125,161.37755507506586,51.90859693268554,0.0,0.0,0,0.5,1,,27716.52380952381,15913.0,7482.0,65535.0,582047.0,20838.770792969164,0.8355139366341562,1.2108564800829043
ID1290405,1290405,6,15527.5712890625,221.5032024848156,49.281207697430695,0.0,0.0,0,0.5,1,,22556.809523809523,20144.0,10237.0,46429.0,473693.0,11103.453515096317,0.7002643932916274,1.6733823090664854
ID1290404,1290404,7,21496.12890625,44.98461652903218,46.6751911840475,0.0,0.0,0,0.5,1,,26742.095238095237,18059.0,9675.0,65049.0,561584.0,17219.623398625074,0.8142904652476065,1.3940370268744082
ID1290411,1290411,15,2072.53662109375,197.6950454566854,74.9831420184121,0.0,0.0,0,0.5,1,,6751.0,6437.0,3434.0,9355.0,141771.0,1829.2331453371382,0.25251075339690165,1.4880840304680012
ID1290410,1290410,8,2424.573974609375,130.7494739002208,69.6852810117162,0.0,0.0,0,0.5,1,,8492.285714285714,8382.0,5283.0,10907.0,178338.0,1631.7744373183796,0.25976943290667115,2.1463050493922977
ID1290409,1290409,10,1496.734130859375,155.4944755974418,64.61793962534938,0.0,0.0,0,0.5,1,,5015.0,4908.0,2872.0,7000.0,105315.0,1147.2213822972442,0.2379820185011953,1.6806740990975741
ID1290408,1290408,11,1744.3106689453125,164.00073745017949,63.213341817735056,0.0,0.0,0,0.5,1,,5664.619047619048,6167.0,2277.0,8003.0,118957.0,1781.4839173057521,0.24406093285869282,1.2476001339917686
ID1290415,1290415,25,1845.7388916015625,132.2671152548052,113.35877584123665,0.0,0.0,0,0.5,1,,5840.0,6075.0,2830.0,8097.0,122640.0,1539.3540203604887,0.26367877322028255,1.5832256288071866
ID1290414,1290414,,1655.37353515625,98.14317071428798,109.60706671890247,0.0,0.0,0,0.5,1,,5753.333333333333,5896.0,3978.0,7327.0,120820.0,1044.1547937606442,0.2632535887010568,2.2965103402584552
ID1290413,1290413,13,1740.65283203125,213.19443140901947,93.74413087333068,0.0,0.0,0,0.5,1,,6141.0,6025.0,3338.0,7994.0,128961.0,1307.7303621159829,0.2481657246240187,1.8673272389000415
ID1290412,1290412,14,13685.2705078125,66.7369729755622,92.79663857018174,0.0,0.0,0,0.5,1,,24637.47619047619,22620.0,9730.0,43380.0,517387.0,9864.539597056964,0.5412439634166034,1.7541675379363055
ID1290243,1290243,46,1791.4854736328125,54.974277835894384,166.59356435324668,0.0,0.03,1,0.5,1,,5441.428571428572,5772.0,2527.0,7664.0,114270.0,1536.9711308748963,0.27558217902188065,1.5297480376812287
ID1290242,1290242,27,1638.8446044921875,144.94066767016795,155.04131400547539,0.0,0.03,1,0.5,1,,5763.714285714285,6010.0,2786.0,7737.0,121038.0,1529.2812410690567,0.22531489570943417,1.3860767208115063
ID1290241,1290241,28,1895.723388671875,28.27212324770564,145.56710036915646,0.0,0.03,1,0.5,1,,5295.523809523809,5537.0,2264.0,8074.0,111206.0,1640.0472742896047,0.29147137307851045,1.4574500411604974
ID1290240,1290240,29,22275.29296875,29.247338693603865,137.16577832160175,0.0,0.03,1,0.5,1,,25797.761904761905,20661.0,3254.0,65535.0,541753.0,20760.091504867607,0.7906057106798082,1.0973438757647827
ID1290247,1290247,30,9214.9658203125,97.70922079553499,215.86593232576809,0.0,0.03,1,0.5,1,,18344.904761904763,17434.0,11444.0,27371.0,385243.0,4946.539850286884,0.5579304003936321,2.656292639130697
ID1290246,1290246,31,23486.3359375,120.25275680331315,176.14953722942658,0.0,0.03,1,0.5,1,,26881.761904761905,19081.0,6506.0,65535.0,564517.0,19674.43698789056,0.8273525811770506,1.2372392462338162
ID1290245,1290245,32,24467.05078125,110.54192210141747,175.57937898187865,0.0,0.03,1,0.5,1,,44887.28571428572,44687.0,13174.0,65535.0,942633.0,17230.242436317767,0.5651974544736658,1.8814514526692916
ID1290244,1290244,33,17583.109375,213.81835840370357,167.2026457273348,0.0,0.03,1,0.5,1,,25136.809523809523,23407.0,7996.0,49667.0,527873.0,13284.010834906181,0.7503246272548327,1.622338693848229
ID1290248,1290248,47,1913.62451171875,98.29413584714263,219.0814677485878,0.0,0.03,1,0.5,1,,5618.190476190476,5617.0,3922.0,7408.0,117982.0,1025.8032276732033,0.3348510996374674,2.747775832884885
ID1290227,1290227,6,10844.3837890625,221.91023126716183,49.244152780734886,0.0,0.03,1,0.5,1,,17269.619047619046,17759.0,7460.0,35685.0,362662.0,8158.218558461097,0.5832324700863956,1.5596042984940148
ID1290226,1290226,7,22790.3984375,44.70769517192345,46.61508392920037,0.0,0.03,1,0.5,1,,26005.95238095238,16083.0,7099.0,65535.0,546125.0,18646.366698303962,0.8139926662346585,1.2516805479503113
ID1290225,1290225,0,2522.466552734375,34.45605700076262,43.74764917589725,0.0,0.03,1,0.5,1,,6803.428571428572,6631.0,3024.0,10143.0,142872.0,2200.6854516588364,0.3210936308043383,1.5027887838495748
ID1290224,1290224,1,11578.4521484375,177.5214474440292,39.0451249078976,0.0,0.03,1,0.5,1,,18016.238095238095,15753.0,7373.0,36088.0,378341.0,8884.526379637588,0.6387561431806523,1.5808133116821486
ID1290231,1290231,11,1804.821044921875,164.001118532763,63.21805866617223,0.0,0.03,1,0.5,1,,5709.761904761905,6084.0,2315.0,8309.0,119905.0,1848.0880635067667,0.24445109648648133,1.2137786308961425
ID1290230,1290230,,1642.9342041015625,192.4052439038039,61.704680396011405,0.0,0.03,1,0.5,1,,6332.047619047619,6254.0,5198.0,7721.0,132973.0,758.6960179275014,0.25212440054979274,3.361040634336214
ID1290229,1290229,4,1695.2149658203125,112.80384829864526,61.59743063428273,0.0,0.03,1,0.5,1,,5349.380952380952,5383.0,3337.0,7205.0,112337.0,1187.5009253129226,0.27179557154301826,1.9254162546083016
ID1290228,1290228,5,23466.19921875,161.34213792304465,51.765598599082224,0.0,0.03,1,0.5,1,,28033.571428571428,19344.0,5744.0,65535.0,588705.0,19738.950890489163,0.8266135089465894,1.2854056130663953
ID1290235,1290235,14,13829.458984375,66.63293363255823,92.67815157599138,0.0,0.03,1,0.5,1,,23366.285714285714,19400.0,9943.0,46684.0,490692.0,10256.451804317403,0.5308624369402095,1.5800410288899773
ID1290234,1290234,15,2148.44970703125,197.68808082185126,74.98059739005843,0.0,0.03,1,0.5,1,,6835.809523809524,6434.0,3472.0,9713.0,143552.0,1914.1488348361947,0.2599034651019929,1.4733945002537574
ID1290233,1290233,8,2442.64501953125,130.7276749436547,69.69889429272821,0.0,0.03,1,0.5,1,,8493.47619047619,8487.0,5180.0,11046.0,178363.0,1675.5265924194584,0.26050517609971985,2.095250089727552
ID1290232,1290232,10,1522.2403564453125,155.4973066274366,64.63392895611092,0.0,0.03,1,0.5,1,,5024.333333333333,4784.0,2758.0,7180.0,105511.0,1195.9883918054277,0.23733539565260361,1.6115973763560885
ID1290239,1290239,24,4238.20703125,215.4755042762899,114.64624465941144,0.0,0.03,1,0.5,1,,10380.809523809523,9767.0,5477.0,15132.0,217997.0,2891.6758051179877,0.4073545651309686,2.0781681198638884
ID1290238,1290238,25,1929.3275146484375,132.26878760097782,113.37110806934379,0.0,0.03,1,0.5,1,,5890.142857142857,6277.0,2749.0,8170.0,123693.0,1618.7128616809803,0.27028852891380006,1.5485001243927687
ID1290237,1290237,26,1545.504638671875,211.3404905228722,110.19102424283969,0.0,0.03,1,0.5,1,,5690.476190476191,6176.0,2974.0,7604.0,119500.0,1357.2711821536486,0.2186509686745514,1.5044717793507465
ID1290236,1290236,13,1804.8885498046875,213.18111290612507,93.74010969024114,0.0,0.03,1,0.5,1,,6162.857142857143,6118.0,3241.0,8391.0,129420.0,1449.6998063638653,0.24677955969664833,1.6828814638873486
ID1290215,1290215,18,6701.8427734375,154.83692338512833,2.0832990805713356,0.0,0.03,1,0.5,1,,12498.238095238095,13398.0,2477.0,23203.0,262463.0,6032.296154075676,0.4937043653916746,1.3696148356678917
ID1290219,1290219,21,1777.28857421875,138.00565283379626,27.03267528781155,0.0,0.03,1,0.5,1,,5638.476190476191,5939.0,2968.0,8059.0,118408.0,1596.644751315947,0.2554924957568396,1.4373001680756776
ID1290218,1290218,22,12603.2197265625,141.2807441612685,25.500897508552914,0.0,0.03,1,0.5,1,,17988.14285714286,13383.0,6509.0,40368.0,377751.0,10470.260523433572,0.649548729616989,1.3530237615854268
ID1290217,1290217,16,2021.0430908203125,145.47688608613578,24.13992350700972,0.0,0.03,1,0.5,1,,6179.285714285715,6372.0,3185.0,9012.0,129765.0,1807.3586567933094,0.27922677792746414,1.492565680652226
ID1290216,1290216,17,1672.2354736328125,109.0893941729007,18.734440676448703,0.0,0.03,1,0.5,1,,5195.857142857143,5598.0,2245.0,7404.0,109113.0,1530.434228763663,0.27196608821775403,1.4518165711904034
ID1290223,1290223,2,2679.587158203125,197.992367155785,38.47692623493255,0.0,0.03,1,0.5,1,,7071.0952380952385,7208.0,2219.0,11065.0,148493.0,2670.3273564258357,0.330149671286324,1.314505886000128
ID1290222,1290222,36,1633.54150390625,141.3415900046956,38.49357663314936,0.0,0.03,1,0.5,1,,5970.809523809524,6036.0,4559.0,7423.0,125387.0,885.8009719484179,0.25971599384802935,2.7794131754169538
ID1290221,1290221,19,5508.0322265625,208.31443351422416,33.03949358963973,0.0,0.03,1,0.5,1,,11061.761904761905,10756.0,3565.0,18692.0,232297.0,4104.033600066669,0.4754349379261827,1.7370584186183105
ID1290220,1290220,20,8244.14453125,196.36992930256375,31.74133155150936,0.0,0.03,1,0.5,1,,14330.809523809523,13155.0,6195.0,26994.0,300947.0,5988.738970927416,0.5546643760851381,1.7074931176800894
ID1290179,1290179,31,22229.71484375,120.56452571770558,175.94489072015367,0.0,0.06,2,0.5,1,,25942.85714285714,24177.0,3065.0,65535.0,544800.0,20732.11411382282,0.8089973948869896,1.1192146619892884
ID1290178,1290178,32,22814.103515625,110.44104224811771,175.56880641732167,0.0,0.06,2,0.5,1,,44495.42857142857,41265.0,21869.0,65535.0,934404.0,13092.494707164975,0.5556380092044033,2.4277635327675675
ID1290177,1290177,33,21051.427734375,214.07462607659352,167.47900901148043,0.0,0.06,2,0.5,1,,26817.238095238095,21263.0,7056.0,64153.0,563162.0,17731.436080884036,0.7847129028756727,1.329972199377027
ID1290176,1290176,,1503.7877197265625,46.99147969519256,156.63664459739758,0.0,0.06,2,0.5,1,,4974.285714285715,5318.0,2513.0,6637.0,104460.0,1178.2546050348008,0.2670117411835791,1.7793906164347228
ID1290180,1290180,30,11278.728515625,97.40469584527223,215.97206831819503,0.0,0.06,2,0.5,1,,19570.666666666668,18585.0,8009.0,34484.0,410984.0,7275.299006455565,0.6020298091417166,2.021771971294019
ID1290163,1290163,4,1695.085693359375,112.81491500622612,61.58474092196396,0.0,0.06,2,0.5,1,,5318.380952380952,5190.0,3333.0,7248.0,111686.0,1197.0039881383218,0.26615235769364676,1.8679196479937308
ID1290162,1290162,5,22202.16796875,161.0889899046899,51.55287870662866,0.0,0.06,2,0.5,1,,28003.14285714286,25969.0,7620.0,65535.0,588066.0,18946.579903206053,0.7976631192265558,1.3116475421614644
ID1290161,1290161,6,4531.50439453125,221.64220485715174,49.51221198062843,0.0,0.06,2,0.5,1,,10084.619047619048,9823.0,5810.0,17362.0,211777.0,3092.9572010648717,0.37733105253638827,1.7864867126042066
ID1290160,1290160,7,20772.71875,44.54186363039207,46.85747562487714,0.0,0.06,2,0.5,1,,26457.85714285714,19223.0,11183.0,64459.0,555615.0,15838.772503845474,0.8071298638597202,1.4921661903616321
ID1290167,1290167,15,2147.91552734375,197.69866726091405,74.97674593029903,0.0,0.06,2,0.5,1,,6819.666666666667,6712.0,3291.0,9667.0,143213.0,1983.007396187249,0.26019803199926084,1.4201493509713292
ID1290166,1290166,8,2465.021484375,130.7683632896832,69.67659167276581,0.0,0.06,2,0.5,1,,8537.952380952382,8509.0,5135.0,10593.0,179297.0,1679.6322655923966,0.26470755979091154,2.1278732014325734
ID1290165,1290165,10,1499.2427978515625,155.50141235289323,64.62607170815365,0.0,0.06,2,0.5,1,,5039.0952380952385,4877.0,2690.0,6947.0,105821.0,1208.8451887963943,0.23528103486939725,1.5879361063735662
ID1290164,1290164,11,1788.2259521484375,164.01002955685433,63.21720481698774,0.0,0.06,2,0.5,1,,5726.285714285715,6235.0,2305.0,8038.0,120252.0,1780.0689071734594,0.24990240214828108,1.286354063571833
ID1290171,1290171,25,1938.6470947265625,132.24835072579208,113.37123312792725,0.0,0.06,2,0.5,1,,5885.285714285715,6192.0,2775.0,8392.0,123591.0,1639.2024628720255,0.27223050698696877,1.536511927224319
ID1290170,1290170,26,1515.1051025390625,211.34411050950737,110.19345455986463,0.0,0.06,2,0.5,1,,5645.190476190476,6090.0,3048.0,7537.0,118549.0,1332.8527157584824,0.21425743625744956,1.4946915068192779
ID1290169,1290169,13,1852.5262451171875,213.19185759352436,93.7388455968653,0.0,0.06,2,0.5,1,,6221.380952380952,5995.0,3131.0,8595.0,130649.0,1464.7771324058303,0.2538085132322738,1.7195713882976842
ID1290168,1290168,14,8782.2724609375,66.773113233421,92.80078338478607,0.0,0.06,2,0.5,1,,17804.85714285714,15473.0,9237.0,29743.0,373902.0,5568.236366083199,0.4753976152043998,2.0606239748142214
ID1290175,1290175,27,1625.05712890625,144.94310762474842,155.0352336750302,0.0,0.06,2,0.5,1,,5748.809523809524,6072.0,2726.0,7782.0,120725.0,1543.2581319742858,0.22265545878063603,1.3567461466287039
ID1290174,1290174,28,2925.217041015625,28.2289984763975,145.34029358435527,0.0,0.06,2,0.5,1,,7252.047619047619,7912.0,2347.0,11503.0,152293.0,2824.685902471113,0.3301088459843399,1.2743550987585694
ID1290173,1290173,29,23160.474609375,29.322715422617456,137.25492141882006,0.0,0.06,2,0.5,1,,26679.0,19400.0,7241.0,65535.0,560259.0,19288.5739078865,0.8039703105294416,1.2328494583528529
ID1290172,1290172,24,4314.96337890625,215.38082562949762,114.3406297275716,0.0,0.06,2,0.5,1,,10383.809523809523,10340.0,6541.0,15902.0,218060.0,2776.354221259377,0.3974632497376893,2.1274943591970183
ID1290151,1290151,22,19694.0625,141.2455290659501,25.39415975593144,0.0,0.06,2,0.5,1,,22512.14285714286,13770.0,5465.0,65535.0,472755.0,16437.43767831749,0.748729642559431,1.1727759951452652
ID1290150,1290150,16,2028.0875244140625,145.45552063023257,24.146423602860576,0.0,0.06,2,0.5,1,,6186.142857142857,6225.0,3122.0,9004.0,129909.0,1813.258014892373,0.2826603029172771,1.5036387210277116
ID1290149,1290149,17,1661.4019775390625,109.14055551312634,18.698950665869805,0.0,0.06,2,0.5,1,,5383.190476190476,5537.0,3226.0,7323.0,113047.0,1259.1928215745047,0.26653997196284485,1.7993719681716742
ID1290148,1290148,18,7262.58642578125,154.83511568111294,2.0374223063989665,0.0,0.06,2,0.5,1,,13711.095238095239,12715.0,6318.0,23531.0,287933.0,5098.716523839719,0.5086309211625518,1.8132639614456034
ID1290155,1290155,3,1472.0533447265625,118.10057572038454,37.67068095338604,0.0,0.06,2,0.5,1,,4922.571428571428,4970.0,2840.0,6719.0,103374.0,1110.768723516672,0.2522746063222746,1.785551343385837
ID1290154,1290154,19,5462.6982421875,208.31918340076533,33.045619780322085,0.0,0.06,2,0.5,1,,11008.619047619048,10620.0,3599.0,18763.0,231181.0,4051.876386024017,0.47487190912144556,1.7495599448735002
ID1290153,1290153,20,5074.271484375,196.15777643355818,31.54405952134651,0.0,0.06,2,0.5,1,,10491.952380952382,9959.0,6012.0,17942.0,220331.0,3452.1621844315264,0.44049488904357065,1.8587640642926477
ID1290152,1290152,21,1796.1142578125,138.01502432258556,27.022807691816123,0.0,0.06,2,0.5,1,,5644.142857142857,6016.0,2897.0,8007.0,118527.0,1598.1729657866913,0.26043848817936466,1.4594449653787454
ID1290159,1290159,0,1726.969482421875,34.78514862834873,43.98632159370126,0.0,0.06,2,0.5,1,,5643.0,5874.0,2789.0,7605.0,118503.0,1501.2481140704224,0.2723278454105707,1.609090938534088
ID1290158,1290158,1,21384.935546875,177.28647337801942,38.73705221722039,0.0,0.06,2,0.5,1,,25015.809523809523,19502.0,5385.0,65535.0,525332.0,18989.40687757005,0.785590331740854,1.1591708767137172
ID1290157,1290157,2,2736.837646484375,198.01187322411587,38.48659707374012,0.0,0.06,2,0.5,1,,7153.761904761905,7222.0,2285.0,10781.0,150229.0,2614.2801859166107,0.333678315136906,1.369270463391024
ID1290156,1290156,36,2372.622802734375,141.37615864289728,38.5095675331666,0.0,0.06,2,0.5,1,,7218.142857142857,6948.0,5588.0,9417.0,151581.0,1243.3452974019037,0.31650785934263953,2.7914172321833486
ID1290195,1290195,4,1703.9986572265625,112.80913261853229,61.598546991925396,0.0,0.09,3,0.5,1,,5292.142857142857,5355.0,3350.0,7318.0,111135.0,1220.833292702746,0.26860493199669805,1.8356622541179506
ID1290194,1290194,5,22822.41796875,161.28858050827213,51.76635132228228,0.0,0.09,3,0.5,1,,27885.761904761905,23253.0,7701.0,65535.0,585601.0,20389.041507399903,0.8272345490995162,1.238368985243382
ID1290193,1290193,6,3417.883544921875,221.57394083812358,49.30291607733235,0.0,0.09,3,0.5,1,,8486.42857142857,7419.0,5321.0,12988.0,178215.0,2022.9202300493357,0.35072012747350517,2.178569991444099
ID1290192,1290192,7,20778.5859375,44.44901497958171,46.745440634527704,0.0,0.09,3,0.5,1,,26276.95238095238,18373.0,4931.0,65480.0,551816.0,17015.091934738968,0.7936700681218422,1.366684065047814
ID1290199,1290199,8,2457.6533203125,130.75314264148483,69.68830252173977,0.0,0.09,3,0.5,1,,8521.904761904761,8602.0,5169.0,10906.0,178960.0,1664.2030196091432,0.26428900127149674,2.140883802180175
ID1290198,1290198,9,1471.7486572265625,120.24628127186489,68.78780195359599,0.0,0.09,3,0.5,1,,4928.238095238095,4911.0,3192.0,6626.0,103493.0,969.3726788372934,0.2539162424223487,2.0589834532559808
ID1290197,1290197,10,1526.5892333984375,155.51811281282528,64.62013417348187,0.0,0.09,3,0.5,1,,5023.9047619047615,4902.0,2802.0,7045.0,105502.0,1206.381900757878,0.23625755329717807,1.591707727277232
ID1290196,1290196,11,1799.9276123046875,164.00499202249551,63.22031392813648,0.0,0.09,3,0.5,1,,5695.238095238095,6122.0,2308.0,8129.0,119600.0,1802.3644166694453,0.2472819994055596,1.252930913611272
ID1290203,1290203,12,1474.23779296875,86.29132135461036,106.552930511628,0.0,0.09,3,0.5,1,,4577.333333333333,4793.0,2157.0,6353.0,96124.0,1310.4922103291317,0.26920300848805173,1.4816884928926852
ID1290202,1290202,13,1824.0775146484375,213.20101113997916,93.74772607662865,0.0,0.09,3,0.5,1,,6164.047619047619,6680.0,2720.0,8616.0,129445.0,1696.699722290025,0.25006099209745725,1.4534688832848317
ID1290201,1290201,14,4216.67578125,67.12070389356681,92.63056829543693,0.0,0.09,3,0.5,1,,11759.619047619048,11674.0,8052.0,16463.0,246952.0,2433.0868351990744,0.34652595036077255,2.487635097092028
ID1290200,1290200,15,2168.526123046875,197.70231744785738,74.97374513324937,0.0,0.09,3,0.5,1,,6822.238095238095,6496.0,3383.0,9870.0,143267.0,1942.6971175343292,0.2595715558704143,1.4473915326362254
ID1290207,1290207,23,1544.601318359375,192.56938770228717,135.26432156517063,0.0,0.09,3,0.5,1,,8142.857142857143,8132.0,5466.0,9981.0,171000.0,1227.4811723897963,0.17022933334341844,1.9299914725994827
ID1290206,1290206,24,6353.43505859375,215.04633385546353,114.21115539941432,0.0,0.09,3,0.5,1,,13221.761904761905,13104.0,7365.0,20297.0,277657.0,4087.3608710849335,0.5091353149564896,2.182636354472337
ID1290205,1290205,25,1912.4913330078125,132.25922851361338,113.36964309297295,0.0,0.09,3,0.5,1,,5842.476190476191,6103.0,2694.0,8123.0,122692.0,1607.4929741385379,0.26789813403459445,1.5359008806927057
ID1290204,1290204,26,1504.6124267578125,211.36098008939175,110.18230991484819,0.0,0.09,3,0.5,1,,5656.238095238095,6016.0,3073.0,7474.0,118781.0,1292.0496470632197,0.2165586413191682,1.5585507429381524
ID1290183,1290183,16,2077.68408203125,145.49058902188514,24.131902537020398,0.0,0.09,3,0.5,1,,6208.190476190476,6281.0,3095.0,9164.0,130372.0,1854.9037069090032,0.280703814545529,1.4671457878187895
ID1290182,1290182,17,1760.5767822265625,109.08378678616695,18.74275330473258,0.0,0.09,3,0.5,1,,5226.761904761905,5640.0,2203.0,7510.0,109762.0,1572.1989029624053,0.27753842610261215,1.4444561860453087
ID1290181,1290181,18,7754.603515625,154.78221815131008,1.9799822990407978,0.0,0.09,3,0.5,1,,13579.190476190477,12143.0,3351.0,27416.0,285163.0,6277.271012303417,0.5072779174732821,1.4560812770494018
ID1290187,1290187,19,5481.33984375,208.32602776621405,33.04441000052234,0.0,0.09,3,0.5,1,,11041.238095238095,10500.0,3510.0,18870.0,231866.0,4141.557145624843,0.47572092571427854,1.7188268624291716
ID1290186,1290186,20,4478.8408203125,196.22160104513134,31.57507808354526,0.0,0.09,3,0.5,1,,9566.047619047618,9371.0,5270.0,16624.0,200887.0,3068.761647247803,0.41331510184143033,1.8232308077625532
ID1290185,1290185,21,1858.8125,138.03373128770778,27.020087427518035,0.0,0.09,3,0.5,1,,5685.333333333333,5935.0,2973.0,8355.0,119392.0,1672.487319334091,0.26061464222049985,1.4055281872698397
ID1290184,1290184,22,17822.279296875,141.4144156669193,25.659818786876393,0.0,0.09,3,0.5,1,,21388.285714285714,13772.0,7417.0,59877.0,449154.0,15387.428619307573,0.7246790033617285,1.168092736850751
ID1290191,1290191,0,1570.9229736328125,35.02427997002643,44.48905774562916,0.0,0.09,3,0.5,1,,5086.0952380952385,4787.0,2665.0,7344.0,106808.0,1308.038680802747,0.24799008668767308,1.5453152187823718
ID1290190,1290190,2,2721.274658203125,198.0352617725415,38.46625774002563,0.0,0.09,3,0.5,1,,7132.952380952381,7175.0,2066.0,11381.0,149792.0,2757.430279738555,0.33310740526097793,1.2927481552157878
ID1290189,1290189,1,18603.115234375,177.0188604487525,38.43692292800044,0.0,0.09,3,0.5,1,,22799.619047619046,17777.0,3461.0,60848.0,478792.0,17550.994879140584,0.7358851843090984,1.1013995875685547
ID1290188,1290188,3,1481.2615966796875,118.09896321523192,37.66312675547456,0.0,0.09,3,0.5,1,,4913.952380952381,4787.0,2733.0,6509.0,103193.0,1140.0986569674783,0.2510871303499579,1.7300370412807478
ID1290211,1290211,33,20843.30078125,214.28111724816907,167.52885080118713,0.0,0.09,3,0.5,1,,25990.714285714286,20407.0,7932.0,65535.0,545805.0,17160.208620942976,0.7781360811527137,1.325611326748731
ID1290210,1290210,27,1614.6341552734375,144.93562480636845,155.04176169511143,0.0,0.09,3,0.5,1,,5691.190476190476,6046.0,2757.0,7815.0,119515.0,1526.078556924499,0.22040425889396373,1.3470151934045993
ID1290209,1290209,28,2583.418701171875,28.193185721054526,145.13532028251302,0.0,0.09,3,0.5,1,,6790.0,7025.0,2228.0,10356.0,142590.0,2575.8298468648895,0.3166485726569108,1.267915353376843
ID1290208,1290208,29,21889.259765625,29.44172168202532,137.05130389633325,0.0,0.09,3,0.5,1,,25905.619047619046,17829.0,8525.0,65535.0,544018.0,19200.107758750182,0.8005626267189923,1.1997959304360555
ID1290214,1290214,30,14768.71875,97.00408738250736,215.97416197415507,0.0,0.09,3,0.5,1,,22658.714285714286,19331.0,8889.0,43722.0,475833.0,9749.719617213908,0.67051982828664,1.865662673807508
ID1290213,1290213,31,23190.052734375,120.42748266886586,176.35126432420023,0.0,0.09,3,0.5,1,,26587.52380952381,19041.0,5877.0,65535.0,558338.0,19741.58550527046,0.8209575803752764,1.2143580235990672
ID1290212,1290212,32,23254.41796875,110.39924307644348,175.5031892834455,0.0,0.09,3,0.5,1,,44478.04761904762,43848.0,26490.0,65535.0,934039.0,13814.44443499698,0.5579738262151929,2.3061946333750325
ID1290307,1290307,12,1494.09375,86.31599586892412,106.49820636864362,0.0,0.12,4,0.5,1,,4824.142857142857,4944.0,2785.0,6485.0,101307.0,1124.086530731255,0.27124591009249605,1.8314035074313815
ID1290306,1290306,13,1828.54443359375,213.22422989870535,93.73636911548151,0.0,0.12,4,0.5,1,,6130.666666666667,6546.0,2698.0,8406.0,128744.0,1702.636347942018,0.25008116004761394,1.4406502667094843
ID1290305,1290305,14,2198.60693359375,66.97955396549038,92.5748838751099,0.0,0.12,4,0.5,1,,8302.57142857143,8416.0,6419.0,10082.0,174354.0,1151.9475930539797,0.25746971460326645,2.951470943752162
ID1290304,1290304,15,2162.307861328125,197.51813403978127,75.07096184178037,0.0,0.12,4,0.5,1,,6696.428571428572,7240.0,2384.0,9665.0,140625.0,2229.6029146784986,0.2654318301660833,1.2599692907257438
ID1290311,1290311,23,1716.7655029296875,192.57997839878772,135.33423359835365,0.0,0.12,4,0.5,1,,8619.0,8773.0,5690.0,10208.0,180999.0,1189.036542752156,0.17761354218539607,2.1865779218305397
ID1290310,1290310,24,5503.02880859375,214.6800273820182,114.56004176479733,0.0,0.12,4,0.5,1,,12095.095238095239,12077.0,7572.0,18092.0,253997.0,3267.9509773673462,0.4616089533540286,2.3377969306521353
ID1290309,1290309,25,1938.2672119140625,132.26460044436052,113.36918089307686,0.0,0.12,4,0.5,1,,5818.285714285715,6092.0,2578.0,8221.0,122184.0,1649.6960975542477,0.2686555602416379,1.4937337674318296
ID1290308,1290308,26,1508.146240234375,211.29813559524456,110.19515975120379,0.0,0.12,4,0.5,1,,5635.952380952381,5907.0,2892.0,7706.0,118355.0,1344.3940447722339,0.21869285247585218,1.5045653501719753
ID1290315,1290315,37,1717.13818359375,46.402466923615755,157.0486574096257,0.0,0.12,4,0.5,1,,5256.285714285715,5522.0,2875.0,7193.0,110382.0,1237.4960663718143,0.2795084656343701,1.855739171393891
ID1290314,1290314,27,1635.82275390625,144.95213766824583,155.0292283533307,0.0,0.12,4,0.5,1,,5762.0,5990.0,2736.0,7834.0,121002.0,1559.9140040399664,0.22587851286171384,1.3612255107286684
ID1290313,1290313,28,3194.392333984375,28.258166578227918,145.15674399032366,0.0,0.12,4,0.5,1,,7723.238095238095,7665.0,2700.0,12779.0,162188.0,2884.538384295863,0.3405749078756936,1.3604251699052397
ID1290312,1290312,29,22388.42578125,29.27005097776006,137.22111381210087,0.0,0.12,4,0.5,1,,26820.809523809523,22126.0,5853.0,65535.0,563237.0,19933.036318180548,0.797920828587328,1.1943116197765282
ID1290319,1290319,30,15288.2431640625,97.02603895320117,216.04774374034432,0.0,0.12,4,0.5,1,,23704.95238095238,20467.0,9532.0,44555.0,497804.0,10482.415749607486,0.694465504713121,1.8536410933907366
ID1290318,1290318,31,23054.99609375,120.59534973247784,176.27418209180112,0.0,0.12,4,0.5,1,,25057.47619047619,16923.0,4810.0,65535.0,526207.0,20533.658245960574,0.8159078810167336,1.0966001655847706
ID1290317,1290317,32,23890.51171875,110.21217616670666,175.60996875227403,0.0,0.12,4,0.5,1,,45372.857142857145,41452.0,24141.0,65535.0,952830.0,13693.034471167135,0.5620655533572552,2.3845922961804287
ID1290316,1290316,33,10448.748046875,214.57666186724336,167.71375353515924,0.0,0.12,4,0.5,1,,19458.04761904762,18735.0,9122.0,31094.0,408619.0,5912.817302066675,0.6032167332741056,2.476372318761476
ID1290291,1290291,19,5530.85791015625,208.31670300567686,33.04008324438424,0.0,0.12,4,0.5,1,,10993.42857142857,10580.0,3449.0,19513.0,230862.0,4232.199872069236,0.4747455822908606,1.672402519558395
ID1290290,1290290,20,5808.5947265625,196.48483615271596,31.409030523452806,0.0,0.12,4,0.5,1,,11393.095238095239,10236.0,4273.0,20315.0,239255.0,4550.502740409701,0.46111015534306526,1.5802800992618067
ID1290289,1290289,21,1832.7830810546875,138.0338323396588,27.018239291758416,0.0,0.12,4,0.5,1,,5683.523809523809,5862.0,2965.0,8061.0,119354.0,1610.6977251814699,0.2623172736051897,1.466533536148323
ID1290288,1290288,22,21381.220703125,141.34520329519108,25.54913456982459,0.0,0.12,4,0.5,1,,25193.809523809523,18780.0,3120.0,65535.0,529070.0,19589.796256263227,0.7935967068632864,1.1380700050252708
ID1290295,1290295,7,20944.876953125,44.786845973294476,46.992730519023134,0.0,0.12,4,0.5,1,,25566.47619047619,24998.0,4780.0,65535.0,536896.0,19187.680043765184,0.7769352311593334,1.165176236577897
ID1290294,1290294,0,1692.968017578125,35.180312597180055,44.39484833276996,0.0,0.12,4,0.5,1,,5181.571428571428,5439.0,1796.0,7865.0,108813.0,1837.7605004849945,0.256861316464515,1.1524283047144561
ID1290293,1290293,2,2738.44287109375,198.00120762069866,38.479418834804896,0.0,0.12,4,0.5,1,,7102.666666666667,7245.0,1972.0,11208.0,149156.0,2720.7680043203486,0.33119825335551717,1.2989882299494135
ID1290292,1290292,1,12715.5048828125,177.1397638177177,38.45168877261902,0.0,0.12,4,0.5,1,,18564.95238095238,16687.0,5020.0,39900.0,389864.0,10622.605252367191,0.6573558810497216,1.3863649541931802
ID1290299,1290299,39,1592.638671875,192.36139460143502,61.84351823992361,0.0,0.12,4,0.5,1,,5904.857142857143,6290.0,3472.0,8008.0,124002.0,1214.7198971661855,0.2299069284509531,1.8173687531689342
ID1290298,1290298,4,1719.8602294921875,112.80444320767289,61.58852177150997,0.0,0.12,4,0.5,1,,5319.666666666667,5264.0,3353.0,7514.0,111713.0,1218.3310852692437,0.27056045664936984,1.859593754592824
ID1290297,1290297,5,22678.345703125,161.25744905919447,51.80453742700226,0.0,0.12,4,0.5,1,,26627.428571428572,20811.0,2524.0,65535.0,559176.0,21243.11447639312,0.8176065480987955,1.127679062321809
ID1290296,1290296,6,3300.844970703125,221.76869333689984,49.32793383128513,0.0,0.12,4,0.5,1,,8514.0,7905.0,5364.0,13001.0,178794.0,2017.1907941491306,0.33811311624405843,2.1329754396720393
ID1290303,1290303,8,2450.220703125,130.7165099298504,69.70422995318745,0.0,0.12,4,0.5,1,,8490.285714285714,8518.0,5127.0,10628.0,178296.0,1652.6424338875347,0.2647978026366008,2.1511300928040784
ID1290302,1290302,9,1449.64404296875,120.2346019531191,68.78490339525963,0.0,0.12,4,0.5,1,,4906.047619047619,4931.0,2924.0,6522.0,103027.0,954.5873179647044,0.25365177691550883,2.0797306058766307
ID1290301,1290301,10,1522.8206787109375,155.4896130581785,64.62217510128787,0.0,0.12,4,0.5,1,,5005.476190476191,4812.0,2756.0,7161.0,105115.0,1211.8349152853955,0.2394531923629884,1.5959615914304588
ID1290300,1290300,11,1778.9283447265625,163.99766181233173,63.21839110115494,0.0,0.12,4,0.5,1,,5659.761904761905,6147.0,2119.0,8169.0,118855.0,1836.3900431216107,0.24531918595401475,1.214266640288101
ID1290287,1290287,16,2058.004150390625,145.53094263047484,24.10429775931031,0.0,0.12,4,0.5,1,,5923.952380952381,6107.0,2270.0,8964.0,124403.0,2019.456052410908,0.2781775215764314,1.2768444875254639
ID1290286,1290286,17,1698.4794921875,109.09648566590963,18.737978181094345,0.0,0.12,4,0.5,1,,5229.285714285715,5595.0,2337.0,7269.0,109815.0,1499.722845823759,0.2772027314521927,1.5135578547423383
ID1290285,1290285,18,5047.40771484375,154.53582133038933,1.8592251523680456,0.0,0.12,4,0.5,1,,10872.761904761905,10388.0,5200.0,17218.0,228328.0,3765.2229403418055,0.4601842954941267,1.8201337296008362
ID1290323,1290323,22,22202.935546875,140.8774556084386,25.462813061975524,0.0,0.15,5,0.5,1,,25804.47619047619,19963.0,6675.0,65535.0,541894.0,18849.552911459326,0.8101391179335325,1.2253824008186662
ID1290322,1290322,16,2024.6468505859375,145.469884306968,24.150443296672563,0.0,0.15,5,0.5,1,,6132.476190476191,6197.0,3012.0,9052.0,128782.0,1874.632887235461,0.27966851158122763,1.4298672602661497
ID1290321,1290321,17,1712.6640625,109.07054432657547,18.75206171922253,0.0,0.15,5,0.5,1,,5211.047619047619,5614.0,2185.0,7449.0,109432.0,1552.8850400525623,0.27544346019142774,1.4493957565541928
ID1290320,1290320,18,5389.1220703125,154.33128989627542,2.0101196189530146,0.0,0.15,5,0.5,1,,10938.333333333334,9538.0,3469.0,18398.0,229705.0,4267.659573271201,0.4691598606915468,1.6369792518581112
ID1290327,1290327,3,1477.67041015625,118.09962974226248,37.65777431311385,0.0,0.15,5,0.5,1,,4946.0,4995.0,2768.0,6872.0,103866.0,1130.8971217577662,0.2547684378484114,1.7760003501368302
ID1290326,1290326,19,5401.82958984375,208.33045716034772,33.03421349959652,0.0,0.15,5,0.5,1,,10906.333333333334,10409.0,3381.0,18978.0,229033.0,4172.126631986778,0.47092525097890875,1.6738350415458092
ID1290325,1290325,20,9896.6298828125,196.62296046883762,31.409404580754888,0.0,0.15,5,0.5,1,,16444.571428571428,14290.0,6320.0,29750.0,345336.0,7124.241577679891,0.6142698416667043,1.7566974788242429
ID1290324,1290324,21,1816.388427734375,138.02559210443226,27.0177082940181,0.0,0.15,5,0.5,1,,5680.0952380952385,5776.0,2922.0,8035.0,119282.0,1591.1208283710544,0.26112931844042814,1.4783540841115772
ID1290331,1290331,6,2263.873779296875,221.9479475550716,49.183986405599995,0.0,0.15,5,0.5,1,,6968.857142857143,7215.0,4741.0,9418.0,146346.0,1400.5306596327794,0.3176147803016976,2.3988946909528552
ID1290330,1290330,7,19827.94921875,44.58641228633573,46.8445839129144,0.0,0.15,5,0.5,1,,25265.761904761905,21461.0,5828.0,62996.0,530581.0,15947.855426058899,0.760215520366611,1.3684564809653186
ID1290329,1290329,1,15830.2607421875,177.19898172833703,38.711375893077545,0.0,0.15,5,0.5,1,,20453.095238095237,16715.0,5644.0,52904.0,429515.0,12998.465605234958,0.6937686827182163,1.2890137197812945
ID1290328,1290328,2,2735.43896484375,197.98099861638858,38.491606016667895,0.0,0.15,5,0.5,1,,7146.571428571428,7211.0,2170.0,11055.0,150078.0,2727.263785764563,0.33299581656852034,1.3092138161363998
ID1290335,1290335,11,1776.7623291015625,164.01675338182602,63.21379318860472,0.0,0.15,5,0.5,1,,5702.857142857143,6006.0,2439.0,8037.0,119760.0,1735.3379292147765,0.24621407310178914,1.2985499218301988
ID1290334,1290334,39,1599.8575439453125,192.45191404163006,61.78242092238783,0.0,0.15,5,0.5,1,,5984.571428571428,6081.0,4415.0,7720.0,125676.0,863.6956391824942,0.23592994567802894,2.6454011400752924
ID1290333,1290333,4,1682.15673828125,112.81079945541946,61.585894361216276,0.0,0.15,5,0.5,1,,5303.619047619048,5208.0,3264.0,7282.0,111376.0,1192.3595295124067,0.2653886970986091,1.8657504790675419
ID1290332,1290332,5,24546.8359375,161.13834086986762,51.728923484320326,0.0,0.15,5,0.5,1,,27517.666666666668,17835.0,6219.0,65535.0,577871.0,20697.372314700562,0.8311831231865013,1.2069556958090688
ID1290355,1290355,30,21821.59765625,96.97503073184969,215.82904080043537,0.0,0.15,5,0.5,1,,27158.904761904763,21392.0,5704.0,65535.0,570337.0,18324.71821585468,0.7993941882941358,1.3168600296157726
ID1290354,1290354,31,17916.82421875,120.4251096534412,176.20307784697846,0.0,0.15,5,0.5,1,,21377.714285714286,15488.0,6996.0,60583.0,448932.0,16128.508121158811,0.7408223708026542,1.1281236299809896
ID1290353,1290353,32,23535.181640625,110.14819245754178,175.60070945750672,0.0,0.15,5,0.5,1,,43383.19047619047,40226.0,16573.0,65535.0,911047.0,14845.962352165141,0.555792638388178,2.0878736165762186
ID1290352,1290352,33,9593.5908203125,214.24577322243957,167.53652430256085,0.0,0.15,5,0.5,1,,19249.85714285714,17916.0,12761.0,28208.0,404247.0,4611.731662680671,0.5836188177558373,3.076607608508847
ID1290339,1290339,15,2109.898193359375,197.5249283755839,75.06892460867407,0.0,0.15,5,0.5,1,,6688.523809523809,7286.0,2491.0,9556.0,140459.0,2137.1816398951128,0.26761750689641883,1.321432946015315
ID1290338,1290338,8,2447.66064453125,130.73449235140157,69.70187802636949,0.0,0.15,5,0.5,1,,8523.47619047619,8408.0,5252.0,10805.0,178993.0,1641.6674638625088,0.2645968974610625,2.172672125360057
ID1290337,1290337,9,1464.9296875,120.23535823543331,68.80418715623044,0.0,0.15,5,0.5,1,,4903.523809523809,4791.0,2930.0,6662.0,102974.0,987.1335076395502,0.25141179156973825,1.995941416617892
ID1290336,1290336,10,1515.140625,155.5086244323463,64.61962319708391,0.0,0.15,5,0.5,1,,5024.428571428572,4810.0,2876.0,7165.0,105513.0,1191.6844620715908,0.23793400407875093,1.6207439762840548
ID1290343,1290343,26,1493.8524169921875,211.35370449437147,110.19395575258851,0.0,0.15,5,0.5,1,,5651.809523809524,5975.0,3212.0,7420.0,118688.0,1242.5676890635623,0.21745732168885631,1.6248667255722404
ID1290342,1290342,12,1530.5947265625,86.29263899644702,106.47586722029749,0.0,0.15,5,0.5,1,,4871.285714285715,4811.0,2794.0,6469.0,102297.0,1154.9146350643039,0.2763449640617289,1.8264475255577324
ID1290341,1290341,13,1805.7857666015625,213.25112710543885,93.72512715282838,0.0,0.15,5,0.5,1,,6152.0952380952385,6694.0,2645.0,8504.0,129194.0,1675.5491608652342,0.24989564836828926,1.4681850871248048
ID1290340,1290340,14,1658.6920166015625,67.21245902310815,92.35240962958166,0.0,0.15,5,0.5,1,,7347.476190476191,7396.0,5790.0,8773.0,154297.0,815.170204254769,0.21769751754884864,3.2228043560728117
ID1290347,1290347,29,22341.41015625,29.08752329359406,137.54024057559144,0.0,0.15,5,0.5,1,,27215.85714285714,21795.0,8918.0,65535.0,571533.0,16885.22059164675,0.7982111949012144,1.430943186216737
ID1290346,1290346,23,1669.1160888671875,192.59250524430766,135.32460672505906,0.0,0.15,5,0.5,1,,8464.619047619048,8624.0,5848.0,9991.0,177757.0,1118.6131805137325,0.17833753317787054,2.2905012042822768
ID1290345,1290345,24,5568.74755859375,214.5072704035024,114.54544236822139,0.0,0.15,5,0.5,1,,11777.095238095239,11550.0,6805.0,19805.0,247319.0,3832.486619738703,0.4461581038217402,1.8960969761251931
ID1290344,1290344,25,1892.576171875,132.2670794201322,113.36600911259913,0.0,0.15,5,0.5,1,,5816.142857142857,6178.0,2667.0,8195.0,122139.0,1604.0750071525422,0.2647517646282197,1.5180076426869926
ID1290351,1290351,,1518.59033203125,8.870385838794787,158.22441102855214,0.0,0.15,5,0.5,1,,4969.571428571428,5068.0,3253.0,6414.0,104361.0,958.2755121273095,0.2982575888895818,2.3828086903485
ID1290350,1290350,37,2267.001220703125,46.07090986580305,157.2060202495362,0.0,0.15,5,0.5,1,,6260.9047619047615,6225.0,3384.0,9303.0,131479.0,1853.5480815118315,0.30146937532060836,1.564849173263207
ID1290349,1290349,27,1606.0111083984375,144.93848386060893,155.05462582002582,0.0,0.15,5,0.5,1,,5701.714285714285,5997.0,2788.0,7776.0,119736.0,1503.8834776290728,0.22042646157993362,1.3695357460128474
ID1290348,1290348,28,2626.025390625,28.138594244203887,145.6310423367141,0.0,0.15,5,0.5,1,,7240.0952380952385,7175.0,4082.0,10463.0,152042.0,2142.971556151922,0.3228715073495425,1.6491870913653766
ID1290259,1290259,0,1554.729736328125,35.201051742440825,44.72205839967561,0.0,0.18,6,0.5,1,,4992.333333333333,4863.0,2483.0,6983.0,104839.0,1366.469514234889,0.2535297275718238,1.4778415599906038
ID1290258,1290258,1,21468.0390625,177.19231378929803,38.66293279823584,0.0,0.18,6,0.5,1,,24235.238095238095,15599.0,3682.0,65535.0,508940.0,19788.33835849984,0.781389160090023,1.0744260650444293
ID1290257,1290257,2,2764.84912109375,197.99145830225677,38.48708759033888,0.0,0.18,6,0.5,1,,7175.761904761905,7179.0,2089.0,11210.0,150691.0,2759.05612311098,0.3345649807841556,1.3040019397228237
ID1290256,1290256,3,1478.1964111328125,118.09984697695026,37.656354547637896,0.0,0.18,6,0.5,1,,4896.190476190476,4919.0,2836.0,6658.0,102820.0,1132.2195731856793,0.2526157542120366,1.7442157509042786
ID1290263,1290263,4,1708.4364013671875,112.82182467037696,61.57882103667924,0.0,0.18,6,0.5,1,,5316.190476190476,5322.0,3322.0,7274.0,111640.0,1212.3246107807768,0.2710607485704454,1.8703028382313491
ID1290262,1290262,5,23405.3203125,160.6675089973297,51.556433397683,0.0,0.18,6,0.5,1,,26850.14285714286,19043.0,4388.0,65535.0,563853.0,21479.468362335498,0.8337806970838072,1.1367304874345854
ID1290261,1290261,6,2218.44775390625,222.05424363534294,49.23188186335951,0.0,0.18,6,0.5,1,,6865.666666666667,6697.0,5085.0,8878.0,144179.0,1200.5596333932494,0.30182474118348085,2.651742131630302
ID1290260,1290260,7,17863.0078125,44.747283575565014,46.79581646431421,0.0,0.18,6,0.5,1,,24948.04761904762,23136.0,8637.0,53661.0,523909.0,13120.134132226662,0.7560312868131489,1.6373284339306844
ID1290267,1290267,8,2467.760009765625,130.73509686847623,69.7004220037751,0.0,0.18,6,0.5,1,,8532.42857142857,8461.0,5040.0,10906.0,179181.0,1678.1533473264167,0.264240225172107,2.125398353246254
ID1290266,1290266,9,1492.9658203125,120.217901410529,68.80326221012587,0.0,0.18,6,0.5,1,,4918.047619047619,4788.0,2964.0,6472.0,103279.0,1013.1004627474255,0.2546911224637983,1.9708210564785384
ID1290265,1290265,10,1529.6923828125,155.49856675831862,64.61670659570643,0.0,0.18,6,0.5,1,,5052.714285714285,4927.0,2748.0,7015.0,106107.0,1207.6080963150728,0.2404940851367428,1.6223270979418085
ID1290264,1290264,11,1805.2386474609375,164.00510294654785,63.21965727963354,0.0,0.18,6,0.5,1,,5699.857142857143,6035.0,2311.0,8144.0,119697.0,1810.2438864891737,0.24846259325157025,1.253263398897608
ID1290271,1290271,12,1491.976318359375,86.3018503622853,106.47880030961021,0.0,0.18,6,0.5,1,,4853.047619047619,4900.0,2732.0,6457.0,101914.0,1132.266111662381,0.27456773432128767,1.8466416178798775
ID1290270,1290270,13,1864.9776611328125,213.2010577178403,93.73785224751273,0.0,0.18,6,0.5,1,,6180.285714285715,6620.0,2502.0,8488.0,129786.0,1751.8772828841963,0.2538390314368129,1.4284054036729146
ID1290269,1290269,14,1888.4049072265625,67.36079670340023,92.2420440701416,0.0,0.18,6,0.5,1,,7908.571428571428,7976.0,6297.0,9479.0,166080.0,880.4072677703525,0.23395059311519173,3.406205121358821
ID1290268,1290268,15,2166.363525390625,197.7341611246754,74.96383527228735,0.0,0.18,6,0.5,1,,6772.333333333333,6472.0,3519.0,9718.0,142219.0,1948.3402765773062,0.25660931829344064,1.4196316073984034
ID1290251,1290251,16,2078.280029296875,145.4719667858216,24.13994819409179,0.0,0.18,6,0.5,1,,6208.428571428572,6298.0,2980.0,9105.0,130377.0,1866.5568454089089,0.28696035044892254,1.4832938318750029
ID1290250,1290250,17,1780.2237548828125,109.0770246499062,18.756170223483775,0.0,0.18,6,0.5,1,,5242.380952380952,5625.0,2175.0,7602.0,110090.0,1592.7192306301345,0.27972820971363943,1.4389240494734377
ID1290249,1290249,18,8235.671875,154.18050431585647,1.959785645427291,0.0,0.18,6,0.5,1,,14519.714285714286,13349.0,4482.0,27940.0,304914.0,6072.221900942497,0.5212542661948003,1.6386577097154957
ID1290255,1290255,19,5629.03759765625,208.31405095253962,33.038156057812564,0.0,0.18,6,0.5,1,,11091.190476190477,10773.0,3236.0,19372.0,232915.0,4308.101224658581,0.477768304836244,1.6646895299157285
ID1290254,1290254,20,10194.9541015625,197.01850893215726,31.58764389827476,0.0,0.18,6,0.5,1,,16339.57142857143,14814.0,6854.0,31444.0,343131.0,7659.249451293701,0.6156173051008101,1.6257612422000944
ID1290253,1290253,21,1848.6832275390625,138.0410236497693,27.01017136930407,0.0,0.18,6,0.5,1,,5679.9047619047615,5807.0,3048.0,8165.0,119278.0,1612.8349235046314,0.2625854418084815,1.4648427215434627
ID1290252,1290252,22,21436.6796875,140.5708182201544,25.156063821409415,0.0,0.18,6,0.5,1,,24240.52380952381,18918.0,4249.0,65535.0,509051.0,18207.63245350435,0.7834346610171387,1.169672008397291
ID1290275,1290275,23,1771.932861328125,192.6700374550988,135.36815079839565,0.0,0.18,6,0.5,1,,8284.285714285714,8621.0,5656.0,9966.0,173970.0,1202.3795217341794,0.19321278398176733,2.231317923291061
ID1290274,1290274,24,9799.189453125,214.42870095457593,114.59360237400476,0.0,0.18,6,0.5,1,,16386.571428571428,14085.0,8750.0,30346.0,344118.0,6445.5764643003695,0.5995908937153946,1.9059101878108728
ID1290273,1290273,25,1967.2196044921875,132.24765096662534,113.38398683735416,0.0,0.18,6,0.5,1,,5875.761904761905,6289.0,2541.0,8262.0,123391.0,1669.4519131967204,0.27186263196330446,1.5046295264618494
ID1290272,1290272,26,1539.091064453125,211.3501680467959,110.1892406645201,0.0,0.18,6,0.5,1,,5705.619047619048,6069.0,3040.0,7738.0,119818.0,1323.8103140627995,0.21948357577699798,1.551433189731089
ID1290279,1290279,37,1696.0565185546875,46.18111671243015,157.64338286319418,0.0,0.18,6,0.5,1,,5225.952380952381,5496.0,2620.0,7028.0,109745.0,1353.052603419042,0.27708698819356536,1.676009263063024
ID1290278,1290278,27,1626.556640625,144.92973454037147,155.0437573825206,0.0,0.18,6,0.5,1,,5690.190476190476,6032.0,2684.0,7802.0,119494.0,1554.6751306638832,0.22579627611603917,1.3483903202001657
ID1290277,1290277,28,4037.591064453125,28.3213254842677,145.76145531352708,0.0,0.18,6,0.5,1,,9184.142857142857,8232.0,3275.0,15360.0,192867.0,3587.8554358518163,0.3761092603879271,1.3992483369631075
ID1290276,1290276,29,22755.724609375,28.926822074337295,137.65726255415498,0.0,0.18,6,0.5,1,,26614.14285714286,19077.0,6655.0,65535.0,558897.0,19815.15205161372,0.8103612501236264,1.202426366254157
ID1290283,1290283,30,21421.291015625,96.90160854256992,215.94999400473378,0.0,0.18,6,0.5,1,,27396.95238095238,19986.0,7942.0,65535.0,575336.0,17244.06427869077,0.7920942827175742,1.4044576297502083
ID1290282,1290282,31,11990.77734375,120.60124029510851,175.81885436318458,0.0,0.18,6,0.5,1,,17001.190476190477,14342.0,6171.0,38228.0,357025.0,9503.944442277889,0.6458697972316604,1.4039606651154768
ID1290281,1290281,32,21975.0859375,110.35368060004463,175.59328899408797,0.0,0.18,6,0.5,1,,41036.09523809524,38429.0,15150.0,65535.0,861758.0,14369.600008019575,0.5386125667134399,1.9993947720742247
ID1290280,1290280,33,15990.7197265625,214.03696701342997,167.87170710081404,0.0,0.18,6,0.5,1,,23608.14285714286,22668.0,8057.0,46198.0,495771.0,11993.378720301109,0.7156646979955619,1.6422053105206562
ID1290284,1290284,34,1599.1934814453125,98.98912402361552,218.55643052068905,0.0,0.18,6,0.5,1,,5157.809523809524,4998.0,3993.0,6523.0,108314.0,720.3119198685815,0.30624118129822714,3.357491436762741
ID1290387,1290387,33,21095.9140625,213.97982181308672,167.83066376667819,0.0,0.21,7,0.5,1,,26641.619047619046,22003.0,6787.0,64123.0,559474.0,16302.747156464735,0.7897737638003391,1.4422295231893927
ID1290386,1290386,27,1654.4635009765625,144.93442026608452,155.04142370644908,0.0,0.21,7,0.5,1,,5763.238095238095,6197.0,2766.0,7825.0,121028.0,1576.4262718174266,0.2274698266212989,1.3549892976310585
ID1290385,1290385,28,2815.73583984375,28.04724066167322,145.83554185307574,0.0,0.21,7,0.5,1,,7452.333333333333,7303.0,3285.0,10954.0,156499.0,2164.7287435919848,0.3314771940534062,1.714110067747461
ID1290384,1290384,29,21849.099609375,28.778674284837596,137.73839659218558,0.0,0.21,7,0.5,1,,27773.428571428572,22842.0,10501.0,65535.0,583242.0,17103.486739759905,0.8055816811863259,1.4489963055388237
ID1290391,1290391,34,2610.291748046875,99.44450443853434,218.70380004117402,0.0,0.21,7,0.5,1,,6536.952380952381,6180.0,3912.0,9381.0,137276.0,1495.8256407813874,0.3727185475122823,2.3731426627076213
ID1290390,1290390,30,13005.216796875,97.21021405937864,215.98789526276124,0.0,0.21,7,0.5,1,,20696.809523809523,18748.0,7296.0,39651.0,434633.0,9028.63912568803,0.6375374792693449,1.784948030896581
ID1290389,1290389,31,21199.974609375,120.07043125515337,175.78340252350736,0.0,0.21,7,0.5,1,,23598.85714285714,15435.0,7079.0,65535.0,495576.0,19980.11356645831,0.7919387966286763,1.043978275793937
ID1290388,1290388,32,21680.2890625,110.43376459094138,175.58842475561232,0.0,0.21,7,0.5,1,,41954.857142857145,37943.0,21517.0,65535.0,881052.0,12997.1639071211,0.5419331863015167,2.2690488062524303
ID1290371,1290371,4,1703.4669189453125,112.82168162189505,61.588910159468185,0.0,0.21,7,0.5,1,,5298.047619047619,5220.0,3317.0,7235.0,111259.0,1212.5236688902396,0.26785141833433246,1.8462105048109654
ID1290370,1290370,5,22346.646484375,160.64186934674387,51.56980627378514,0.0,0.21,7,0.5,1,,26842.714285714286,20579.0,3793.0,65535.0,563697.0,21390.242313126928,0.8153816543573956,1.1272849621456984
ID1290369,1290369,6,2690.0625,222.17398864729273,49.13780064783681,0.0,0.21,7,0.5,1,,7383.9047619047615,7659.0,3910.0,11177.0,155062.0,1968.9583008474788,0.32328859569092566,1.8323793066426979
ID1290368,1290368,7,15590.8076171875,44.59618808732576,47.32260045998134,0.0,0.21,7,0.5,1,,22484.619047619046,21279.0,6199.0,47422.0,472177.0,11489.392422909883,0.6933470419496731,1.6025926992731911
ID1290375,1290375,8,2517.513427734375,130.74303161743535,69.69016929507488,0.0,0.21,7,0.5,1,,8546.52380952381,8496.0,5243.0,10872.0,179477.0,1695.761970886469,0.26774091163200503,2.128819515900412
ID1290374,1290374,9,1492.9803466796875,120.23751714059019,68.78878356564957,0.0,0.21,7,0.5,1,,4939.714285714285,4867.0,3034.0,6682.0,103734.0,998.5134522307219,0.2529494346196839,1.9974599210936834
ID1290373,1290373,10,1522.1988525390625,155.50886992787028,64.62468731611716,0.0,0.21,7,0.5,1,,5002.523809523809,4927.0,2900.0,7246.0,105053.0,1197.110797672781,0.23693553394713043,1.6009137848146877
ID1290372,1290372,11,1804.4244384765625,163.9835864424123,63.22961550368408,0.0,0.21,7,0.5,1,,5728.238095238095,5893.0,2316.0,8131.0,120293.0,1813.566290620828,0.24720614640968772,1.252098929480119
ID1290379,1290379,12,1487.9134521484375,86.20757205329866,106.56637970166547,0.0,0.21,7,0.5,1,,4556.238095238095,4802.0,2025.0,6300.0,95681.0,1406.7071445315796,0.2739491690890529,1.3929983468375373
ID1290378,1290378,13,1832.3870849609375,213.18458164691208,93.7431515014954,0.0,0.21,7,0.5,1,,6199.619047619048,6097.0,3424.0,8523.0,130192.0,1412.102739753396,0.2541884745910521,1.7795973621691281
ID1290377,1290377,14,3745.58837890625,67.42883214503505,92.44640950645015,0.0,0.21,7,0.5,1,,10983.42857142857,10798.0,7173.0,14773.0,230652.0,1996.4226899990033,0.3346148399563289,2.7587012821364074
ID1290376,1290376,15,2145.13623046875,197.7051583207526,74.97752116234125,0.0,0.21,7,0.5,1,,6803.761904761905,6430.0,3455.0,9836.0,142879.0,1920.5061026917335,0.25926873423638797,1.4587979292999074
ID1290383,1290383,23,1751.2242431640625,192.66505746359687,135.42321485316572,0.0,0.21,7,0.5,1,,8177.476190476191,8188.0,6072.0,9855.0,171727.0,1133.288119546288,0.1906871288896439,2.3111741359512337
ID1290382,1290382,24,9928.3681640625,214.46304458048013,114.58726340793494,0.0,0.21,7,0.5,1,,16406.666666666668,15481.0,8433.0,30563.0,344540.0,6833.044528856323,0.5992229443466379,1.7993494753029473
ID1290381,1290381,25,1958.3973388671875,132.26473065025678,113.36585875343161,0.0,0.21,7,0.5,1,,5880.761904761905,6332.0,2619.0,8437.0,123496.0,1675.5459678791835,0.27079680430151437,1.4958039162146677
ID1290380,1290380,26,1529.03662109375,211.31399223794304,110.20649003686924,0.0,0.21,7,0.5,1,,5664.0952380952385,5989.0,3080.0,7640.0,118946.0,1316.055884252713,0.21687425559822446,1.5340817722985949
ID1290359,1290359,22,19172.37890625,140.31056748915512,25.225950239463806,0.0,0.21,7,0.5,1,,22192.761904761905,14510.0,6136.0,65535.0,466048.0,17284.059679093803,0.7420695761075194,1.0938926960818787
ID1290358,1290358,16,2069.5751953125,145.48821984882755,24.131660935937767,0.0,0.21,7,0.5,1,,6181.857142857143,6308.0,3115.0,9128.0,129819.0,1853.9734702987064,0.2859601802750109,1.4829396812375668
ID1290357,1290357,17,1722.7015380859375,109.07730659178905,18.746898330760466,0.0,0.21,7,0.5,1,,5224.238095238095,5576.0,2212.0,7444.0,109709.0,1557.2182218546607,0.2756165667843061,1.4497350808180327
ID1290356,1290356,18,8422.7958984375,154.14271228858115,1.9175319778120128,0.0,0.21,7,0.5,1,,14535.857142857143,13877.0,3123.0,29085.0,305253.0,6794.075987842013,0.5262817690168042,1.475447806179482
ID1290363,1290363,3,1452.76806640625,118.08756542691377,37.67519385204707,0.0,0.21,7,0.5,1,,4926.476190476191,4912.0,2876.0,6594.0,103456.0,1097.4788207089748,0.252580842831186,1.8103597227968244
ID1290362,1290362,19,5553.9248046875,208.32359007656947,33.04563581988488,0.0,0.21,7,0.5,1,,11059.857142857143,10724.0,3394.0,19012.0,232257.0,4197.757380860813,0.476905544817892,1.7015386951869635
ID1290361,1290361,20,12024.7265625,196.86549492435697,31.428097902977694,0.0,0.21,7,0.5,1,,17640.809523809523,14838.0,4452.0,37863.0,370457.0,10052.68721098517,0.6412541119548821,1.371262730448795
ID1290360,1290360,21,1839.9810791015625,138.0358129162751,27.02108512604681,0.0,0.21,7,0.5,1,,5728.523809523809,5918.0,3105.0,8107.0,120299.0,1600.9462083108106,0.2603706108763631,1.4783922338028093
ID1290367,1290367,0,1669.29296875,35.2147394342903,44.90784800751069,0.0,0.21,7,0.5,1,,5038.476190476191,4997.0,2302.0,7288.0,105808.0,1508.1744799275587,0.26088575984034085,1.3824589768095497
ID1290366,1290366,1,19839.111328125,177.38590016713502,38.889283221948894,0.0,0.21,7,0.5,1,,23605.14285714286,16726.0,3998.0,64965.0,495708.0,17684.5419569909,0.7557051971683203,1.149062435802013
ID1290365,1290365,2,2797.451904296875,198.00084079671606,38.483060768320975,0.0,0.21,7,0.5,1,,7179.571428571428,7332.0,2113.0,11243.0,150771.0,2803.8613477029953,0.33622744818029526,1.2886196762959068
ID1290364,1290364,35,1869.5513916015625,140.47814285805674,37.8803881137002,0.0,0.21,7,0.5,1,,6286.9047619047615,5976.0,4630.0,8099.0,132025.0,1050.7292660225041,0.278691760658478,2.608160484339028
ID1290451,1290451,26,1509.5428466796875,211.28518281686692,110.20479421385349,0.0,0.24,8,0.5,1,,5628.619047619048,5713.0,3092.0,7503.0,118201.0,1301.5228571250861,0.21787695712833352,1.5473477936082887
ID1290450,1290450,12,1492.96630859375,86.28292883548974,106.52335494794931,0.0,0.24,8,0.5,1,,4846.476190476191,4854.0,2861.0,6304.0,101776.0,1103.1303014171815,0.2748848067542239,1.894563019438209
ID1290449,1290449,13,1807.3974609375,213.25271682646016,93.72945534762835,0.0,0.24,8,0.5,1,,6144.571428571428,6568.0,2708.0,8358.0,129036.0,1686.189478422534,0.24955257245038928,1.4555352776680526
ID1290448,1290448,14,2986.05322265625,67.48422530064421,92.82435476042927,0.0,0.24,8,0.5,1,,9727.47619047619,10077.0,6743.0,12559.0,204277.0,1540.7699250390247,0.30310634751677656,2.9370243723705354
ID1290455,1290455,29,22278.21484375,28.44041890870309,137.98826151998475,0.0,0.24,8,0.5,1,,27190.761904761905,20957.0,8338.0,65535.0,571006.0,16834.833022352082,0.7921300482366004,1.4278070624041719
ID1290454,1290454,23,1522.0972900390625,192.5982868592588,135.29811076964086,0.0,0.24,8,0.5,1,,8232.285714285714,8379.0,6001.0,9891.0,172878.0,1072.90839044427,0.16717977801182854,2.1980308247092695
ID1290453,1290453,24,18377.46484375,214.24344879586644,114.5625953455022,0.0,0.24,8,0.5,1,,22165.809523809523,14762.0,7440.0,63016.0,465482.0,15431.484081639872,0.7444785486252996,1.2260055960598513
ID1290452,1290452,25,1952.146484375,132.25870785559505,113.376546694924,0.0,0.24,8,0.5,1,,5879.380952380952,6142.0,2636.0,8208.0,123467.0,1633.110635449738,0.2694461430233502,1.5282826419804385
ID1290459,1290459,33,18476.150390625,214.322112170293,168.12077404434575,0.0,0.24,8,0.5,1,,25439.095238095237,21566.0,9619.0,53503.0,534221.0,14053.69346792779,0.7555305207590549,1.558062263033704
ID1290458,1290458,37,2091.03759765625,45.649823680507126,157.70007224787167,0.0,0.24,8,0.5,1,,5971.285714285715,6362.0,3252.0,8565.0,125397.0,1759.8445994705655,0.2978443983466061,1.5573647387028111
ID1290457,1290457,27,1688.716796875,144.93111751223316,155.05940033084815,0.0,0.24,8,0.5,1,,5765.238095238095,6046.0,2702.0,8002.0,121070.0,1569.8912989363916,0.22813671338366862,1.3643510436240625
ID1290456,1290456,28,3217.228515625,27.60351393764498,145.17521565276874,0.0,0.24,8,0.5,1,,8590.285714285714,8515.0,4007.0,12340.0,180396.0,2317.7645726617093,0.3505429321884434,1.9239824434556696
ID1290463,1290463,34,2589.1474609375,99.54653331103447,218.53175953500164,0.0,0.24,8,0.5,1,,6869.142857142857,7042.0,4849.0,9340.0,144252.0,1437.2195130081654,0.38074527473150277,2.6359088955860823
ID1290462,1290462,30,13011.521484375,97.00194965105479,216.06505440842386,0.0,0.24,8,0.5,1,,21738.714285714286,20857.0,9144.0,38176.0,456513.0,8269.622138543315,0.6490788861006557,2.069351352782957
ID1290461,1290461,31,22017.296875,120.10375124622782,175.7470956172643,0.0,0.24,8,0.5,1,,25192.428571428572,19307.0,3233.0,65535.0,529041.0,21598.65398947682,0.8213803075685344,1.0520030384824244
ID1290460,1290460,32,20940.078125,110.46549559566414,175.52811568911184,0.0,0.24,8,0.5,1,,41629.90476190476,40600.0,25472.0,65535.0,874228.0,13167.717318900652,0.5278343304203844,2.1844710188211587
ID1290435,1290435,35,2082.270751953125,140.36520710588414,37.74740422020868,0.0,0.24,8,0.5,1,,6627.476190476191,6488.0,4810.0,8926.0,139177.0,1126.9944373885621,0.28922857587039474,2.638564259463619
ID1290434,1290434,3,1482.060546875,118.0867447106264,37.67954274236582,0.0,0.24,8,0.5,1,,4949.238095238095,4933.0,2965.0,6783.0,103934.0,1119.2109678144648,0.25535924579758146,1.7990363845921644
ID1290433,1290433,19,5549.5322265625,208.31611207611445,33.046905304321484,0.0,0.24,8,0.5,1,,11015.619047619048,10471.0,3381.0,19407.0,231328.0,4229.603544969557,0.4782906027176324,1.6852769254515716
ID1290432,1290432,20,11944.892578125,196.86014007280002,31.250561316568685,0.0,0.24,8,0.5,1,,17047.190476190477,14359.0,4741.0,39638.0,357991.0,9849.022624702655,0.6333610739943236,1.3423285934543103
ID1290439,1290439,7,20738.681640625,44.80518296495382,46.98763593866148,0.0,0.24,8,0.5,1,,25461.095238095237,23811.0,4953.0,65535.0,534683.0,18668.334199667526,0.7718454318182101,1.1882450532091977
ID1290438,1290438,38,2267.125732421875,37.742040596414014,40.771883652979405,0.0,0.24,8,0.5,1,,6330.0952380952385,6050.0,4693.0,8565.0,132932.0,1210.4769268665102,0.3363734140470619,2.6325556472383758
ID1290437,1290437,1,17340.578125,177.0308352014813,38.72120411168894,0.0,0.24,8,0.5,1,,21649.666666666668,19075.0,5896.0,57682.0,454643.0,14787.8800520336,0.7192817163545524,1.2249751163776978
ID1290436,1290436,2,2761.511962890625,198.00216131072403,38.48556329272229,0.0,0.24,8,0.5,1,,7124.142857142857,7301.0,2104.0,11349.0,149607.0,2725.819368294867,0.33351957823270945,1.3073367777864233
ID1290443,1290443,11,1782.9095458984375,163.99577605590966,63.22976703340241,0.0,0.24,8,0.5,1,,5676.0,6289.0,2289.0,8168.0,119196.0,1797.3797039023223,0.24693524189981764,1.250753495484331
ID1290442,1290442,4,1684.3443603515625,112.8134945543073,61.59251106204251,0.0,0.24,8,0.5,1,,5273.9047619047615,5189.0,3445.0,7149.0,110752.0,1192.2184743058592,0.26866489711934466,1.8735722031016437
ID1290441,1290441,5,22018.728515625,160.88096980275216,51.87099936775513,0.0,0.24,8,0.5,1,,24364.95238095238,15308.0,4423.0,65535.0,511664.0,20087.593142226353,0.7921705626800442,1.0722770710428602
ID1290440,1290440,6,3124.308837890625,221.97971859516917,49.024887400073666,0.0,0.24,8,0.5,1,,8109.857142857143,7610.0,5698.0,11877.0,170307.0,1815.3958049338519,0.34925777350032094,2.3127198312834207
ID1290447,1290447,15,2150.446533203125,197.53104120999168,75.0628545198433,0.0,0.24,8,0.5,1,,6718.523809523809,7242.0,2367.0,9717.0,141089.0,2264.9922873830633,0.2679059893765751,1.2535235522701287
ID1290446,1290446,8,2554.91748046875,130.75858848963483,69.6833185276042,0.0,0.24,8,0.5,1,,8560.285714285714,8514.0,5324.0,11300.0,179766.0,1752.4757100415727,0.267573103492618,2.062223299240918
ID1290445,1290445,9,1463.869384765625,120.23272081184832,68.79508017616239,0.0,0.24,8,0.5,1,,4870.0,4697.0,2838.0,6694.0,102270.0,990.04358489917,0.2515258592997109,1.9771856813751887
ID1290444,1290444,10,1483.871337890625,155.4953618937058,64.63421805847581,0.0,0.24,8,0.5,1,,4967.619047619048,4838.0,2745.0,6934.0,104320.0,1165.7210419388712,0.2329515712811013,1.610286934759608
ID1290427,1290427,18,11010.68359375,154.28037370898835,1.9267409829422677,0.0,0.24,8,0.5,1,,18311.428571428572,17445.0,5922.0,34633.0,384540.0,8072.331940470663,0.6079382136625925,1.7153126767310989
ID1290431,1290431,21,1832.19873046875,138.02174525161817,27.022007870513733,0.0,0.24,8,0.5,1,,5711.666666666667,5713.0,3042.0,8145.0,119945.0,1621.8143338043765,0.2560874803112392,1.4360189645677386
ID1290430,1290430,22,10542.330078125,140.4653434716065,25.38057750736023,0.0,0.24,8,0.5,1,,15712.57142857143,13545.0,6049.0,34145.0,329964.0,8482.503142182906,0.5950289202088457,1.3820467813462731
ID1290429,1290429,16,2105.446044921875,145.50002144951546,24.127034151269047,0.0,0.24,8,0.5,1,,6213.190476190476,6311.0,3129.0,9256.0,130477.0,1868.6753762772073,0.2873682537162304,1.4843858105299392
ID1290428,1290428,17,1732.18359375,109.10346844903391,18.740867437622207,0.0,0.24,8,0.5,1,,5244.571428571428,5468.0,2287.0,7547.0,110136.0,1526.676605291002,0.28049227673861155,1.505001365696497
ID1290499,1290499,30,14874.1787109375,96.90198969951041,216.36183505537505,0.0,0.27,9,0.5,1,,23697.0,21292.0,11471.0,46420.0,497637.0,9603.242197299827,0.6923613271100577,2.0190412474148487
ID1290498,1290498,31,21521.994140625,119.90575643402343,175.5307196488998,0.0,0.27,9,0.5,1,,24032.14285714286,19796.0,3814.0,65535.0,504675.0,22114.74893433275,0.8051226820821197,0.9693839344269223
ID1290497,1290497,32,21828.779296875,110.56466176101641,175.58959051212472,0.0,0.27,9,0.5,1,,41116.333333333336,39449.0,14287.0,65535.0,863443.0,14462.033796576929,0.5374073060320759,1.9876029268136612
ID1290496,1290496,33,19826.650390625,214.650648985641,168.4848937747273,0.0,0.27,9,0.5,1,,25990.571428571428,23415.0,7281.0,59202.0,545802.0,15073.14378811344,0.7708483470974357,1.5011688937983791
ID1290500,1290500,34,1688.3057861328125,99.70347257616466,218.26130034354472,0.0,0.27,9,0.5,1,,5278.0,5252.0,3822.0,6985.0,110838.0,920.3824748440184,0.30406569613586565,2.674231481744386
ID1290483,1290483,9,1471.4677734375,120.2137794658778,68.8082059223202,0.0,0.27,9,0.5,1,,4903.333333333333,4693.0,3040.0,6563.0,102970.0,1000.8260255075969,0.25325375597222566,1.9800661692234565
ID1290482,1290482,10,1522.9954833984375,155.5049992149408,64.62529183455754,0.0,0.27,9,0.5,1,,5022.285714285715,4880.0,2696.0,7261.0,105468.0,1258.5377285904917,0.23575121026431795,1.5226078288827856
ID1290481,1290481,11,1810.0465087890625,164.0002256348744,63.22711622494954,0.0,0.27,9,0.5,1,,5684.0,6225.0,2326.0,8186.0,119364.0,1828.1523459493194,0.2481803918622559,1.2364079559733911
ID1290480,1290480,4,1731.9384765625,112.80092268840221,61.5910242668067,0.0,0.27,9,0.5,1,,5300.0952380952385,5179.0,3305.0,7613.0,111302.0,1231.3885619398088,0.2699857236520007,1.830039716616676
ID1290487,1290487,13,1863.8636474609375,213.225298286778,93.73876265379276,0.0,0.27,9,0.5,1,,6162.571428571428,6669.0,2668.0,8616.0,129414.0,1762.399346670004,0.2511725134119429,1.403920627675862
ID1290486,1290486,14,2405.234375,67.88716063206945,93.0742351621184,0.0,0.27,9,0.5,1,,8764.047619047618,9022.0,6594.0,10497.0,184045.0,1059.0417119353929,0.27662916496657625,3.5863680964749456
ID1290485,1290485,15,2133.58154296875,197.50318249502473,75.0785111116627,0.0,0.27,9,0.5,1,,6672.0,7238.0,2322.0,9652.0,140112.0,2229.5992465014874,0.26398915167710285,1.2499768165934357
ID1290484,1290484,8,2455.440185546875,130.73594635034564,69.70409765830476,0.0,0.27,9,0.5,1,,8543.047619047618,8509.0,5326.0,10746.0,179404.0,1656.3667310167298,0.2641881427240521,2.155698070694934
ID1290491,1290491,23,1637.7410888671875,192.57719539619018,135.28770939468146,0.0,0.27,9,0.5,1,,8399.666666666666,8493.0,5699.0,10132.0,176393.0,1237.4768819389449,0.17421924840731917,2.0141967629481243
ID1290490,1290490,24,15109.0673828125,214.18096354539986,114.34246019586747,0.0,0.27,9,0.5,1,,20545.761904761905,15815.0,9239.0,47308.0,431461.0,10975.18606177026,0.7048750242348206,1.5479606947878675
ID1290489,1290489,25,1907.9549560546875,132.24969656796614,113.37875292498614,0.0,0.27,9,0.5,1,,5865.047619047619,6188.0,2631.0,8096.0,123166.0,1619.79376700216,0.26754031369422865,1.5285134545234604
ID1290488,1290488,26,1566.222900390625,211.33635026636475,110.19005021416888,0.0,0.27,9,0.5,1,,5713.952380952381,6163.0,3078.0,7599.0,119993.0,1354.0226909542719,0.22351789563038424,1.5418518425869472
ID1290495,1290495,37,2866.735595703125,45.54438681236535,157.4551621178246,0.0,0.27,9,0.5,1,,7227.9047619047615,7388.0,2913.0,11261.0,151786.0,2405.336876713154,0.33143209035986365,1.4960359965443533
ID1290494,1290494,27,1607.361572265625,144.93754358486908,155.0426696722097,0.0,0.27,9,0.5,1,,5686.190476190476,6023.0,2713.0,7687.0,119410.0,1545.5507956404288,0.2229275398898118,1.3413160285546144
ID1290493,1290493,28,3766.612060546875,27.62371328736243,145.14758885308288,0.0,0.27,9,0.5,1,,8856.047619047618,8431.0,3286.0,14645.0,185977.0,3200.2190468183653,0.3693786562395259,1.492926667204131
ID1290492,1290492,29,23476.619140625,28.710029438072848,137.90330684919982,0.0,0.27,9,0.5,1,,27847.52380952381,18537.0,7610.0,65535.0,584798.0,19131.621093412465,0.8161591099560754,1.3082349512498561
ID1290467,1290467,22,4007.059326171875,140.43204808718698,25.363162743745992,0.0,0.27,9,0.5,1,,8940.047619047618,8591.0,4950.0,14746.0,187741.0,2719.4499899095495,0.39291957990757026,1.854668854624807
ID1290466,1290466,16,2030.7337646484375,145.45877909795823,24.14532202851419,0.0,0.27,9,0.5,1,,6184.380952380952,6356.0,3176.0,8972.0,129872.0,1826.7986335715952,0.281976542943537,1.4892529000792274
ID1290465,1290465,17,1746.369873046875,109.10193050935408,18.748662998702567,0.0,0.27,9,0.5,1,,5258.380952380952,5487.0,2247.0,7423.0,110426.0,1540.512203008807,0.2782268412868876,1.4859629841326236
ID1290464,1290464,18,13438.5673828125,154.88900020082005,2.0165980919987403,0.0,0.27,9,0.5,1,,20563.0,18268.0,10149.0,39394.0,431823.0,9424.00726336732,0.6710950097734358,1.7525229992005442
ID1290471,1290471,3,1453.5164794921875,118.11648001082035,37.66291927752825,0.0,0.27,9,0.5,1,,4927.666666666667,4954.0,2706.0,6815.0,103481.0,1115.9066418537589,0.25201758941247526,1.7777221278377673
ID1290470,1290470,19,5494.22705078125,208.31888153775654,33.04583953616642,0.0,0.27,9,0.5,1,,10983.52380952381,10419.0,3416.0,18907.0,230654.0,4168.595238435217,0.47747053279388874,1.702980635290305
ID1290469,1290469,20,6869.97216796875,197.09935642170515,31.103931604463657,0.0,0.27,9,0.5,1,,12368.42857142857,12681.0,6282.0,23879.0,259737.0,4924.4661494564925,0.5002424212438757,1.674960002618115
ID1290468,1290468,21,1844.477783203125,138.04780120172683,27.022176869912432,0.0,0.27,9,0.5,1,,5741.333333333333,6086.0,2997.0,8283.0,120568.0,1619.2573709368546,0.2539907355828435,1.4363174042641709
ID1290475,1290475,38,1554.124267578125,37.86891908505752,41.00790636486325,0.0,0.27,9,0.5,1,,5301.714285714285,5261.0,4138.0,6626.0,111336.0,774.6771677839191,0.2835316378622247,3.023573341890519
ID1290474,1290474,1,20767.677734375,177.07115248332377,38.92857483729065,0.0,0.27,9,0.5,1,,23990.809523809523,16559.0,4658.0,65535.0,503807.0,19337.746845532565,0.7735856791273694,1.08224422183923
ID1290473,1290473,2,2703.68359375,198.03322530021597,38.48411538247465,0.0,0.27,9,0.5,1,,7128.761904761905,7291.0,2216.0,10959.0,149704.0,2659.439544429651,0.332774023338502,1.3385878581694681
ID1290472,1290472,35,1961.6580810546875,140.68120297330768,38.0460992930778,0.0,0.27,9,0.5,1,,6469.142857142857,6568.0,5014.0,8219.0,135852.0,1053.77627064355,0.2928710691705767,2.781311157688346
ID1290479,1290479,5,21782.466796875,160.91867822068198,51.74639493987384,0.0,0.27,9,0.5,1,,24801.095238095237,17752.0,6514.0,65535.0,520823.0,19205.155758037377,0.7883759970751679,1.1385643542755417
ID1290478,1290478,6,3461.633056640625,222.1042970087631,49.107706215976826,0.0,0.27,9,0.5,1,,8617.714285714286,8287.0,5213.0,13157.0,180972.0,2194.564288027515,0.3485441588100541,2.0298615440148304
ID1290477,1290477,7,19546.986328125,44.790152311168356,47.10029954160717,0.0,0.27,9,0.5,1,,25174.52380952381,21314.0,3683.0,59767.0,528665.0,16293.549167136816,0.764668317263932,1.3390154017034133
ID1290476,1290476,0,2286.976318359375,35.03829018875999,44.810877225468296,0.0,0.27,9,0.5,1,,6376.523809523809,6799.0,2517.0,9235.0,133907.0,2183.72625617424,0.30575319188028305,1.3674948164388085
ID1290578,1290578,30,19515.201171875,96.73581066187383,216.44952876082235,0.0,0.3,10,0.5,1,,25495.619047619046,23886.0,7664.0,61732.0,535408.0,15827.918187418682,0.7379075658523162,1.3678770073892734
ID1290577,1290577,31,21362.796875,119.89946325819214,175.6349491301407,0.0,0.3,10,0.5,1,,24118.714285714286,16459.0,7103.0,65535.0,506493.0,19685.934849894373,0.8068916637909916,1.0942365558518425
ID1290576,1290576,32,22668.65625,110.55939500090692,175.57764248847525,0.0,0.3,10,0.5,1,,42556.333333333336,41704.0,14476.0,65535.0,893683.0,15146.6390276303,0.5479635926765771,1.9891561848667159
ID1290563,1290563,14,3313.7353515625,68.00299312108436,93.42440597035203,0.0,0.3,10,0.5,1,,10362.047619047618,9853.0,7508.0,13405.0,217603.0,1831.3255984720597,0.3239677399392255,2.7690728175634467
ID1290562,1290562,15,2162.73046875,197.51093929248228,75.0764977029537,0.0,0.3,10,0.5,1,,6679.952380952381,7252.0,2324.0,9780.0,140279.0,2228.518173051108,0.2666728369399927,1.2621224907568505
ID1290561,1290561,8,2477.51123046875,130.76939405359084,69.67854275298642,0.0,0.3,10,0.5,1,,8571.142857142857,8422.0,5218.0,10835.0,179994.0,1649.1161658814178,0.26624105479174354,2.1856273427119035
ID1290560,1290560,9,1467.371826171875,120.25526955671695,68.78328187695759,0.0,0.3,10,0.5,1,,4896.380952380952,4814.0,3104.0,6661.0,102824.0,987.0691706354968,0.2531570372723512,2.0042048784120454
ID1290567,1290567,25,1909.135009765625,132.26022274438603,113.36287157817934,0.0,0.3,10,0.5,1,,5848.523809523809,6283.0,2548.0,8128.0,122819.0,1651.547747388722,0.2679946890695847,1.496903752228149
ID1290566,1290566,26,1558.2039794921875,211.29083103933476,110.20631036061503,0.0,0.3,10,0.5,1,,5653.476190476191,5820.0,3076.0,7597.0,118723.0,1323.570157530292,0.21968542802749996,1.5386931203854517
ID1290565,1290565,12,1484.4697265625,86.27003361105743,106.59173974980384,0.0,0.3,10,0.5,1,,4593.476190476191,5072.0,2269.0,6220.0,96463.0,1228.5232036493092,0.2727832074008771,1.6026965293272295
ID1290564,1290564,13,1810.9747314453125,213.18392973853008,93.74667890691799,0.0,0.3,10,0.5,1,,6189.476190476191,6155.0,3269.0,8496.0,129979.0,1387.1092105183218,0.25142347081875327,1.7929771635755147
ID1290571,1290571,28,3113.753662109375,27.956973511893693,144.93502789137196,0.0,0.3,10,0.5,1,,7973.523809523809,8690.0,2370.0,12256.0,167444.0,3018.6134005375316,0.3399697884751014,1.34034967611747
ID1290570,1290570,29,23623.953125,28.440435863022383,137.77096971504827,0.0,0.3,10,0.5,1,,26908.95238095238,17225.0,5674.0,65535.0,565088.0,19116.708742553437,0.8102939608783641,1.260106239222963
ID1290569,1290569,23,1617.68310546875,192.5760198955048,135.3473235831627,0.0,0.3,10,0.5,1,,8106.9047619047615,8273.0,5963.0,9583.0,170245.0,1014.0540372564917,0.17528828177553404,2.3846928315833478
ID1290568,1290568,24,20782.560546875,214.12098000757132,114.35389222274615,0.0,0.3,10,0.5,1,,24097.714285714286,17063.0,6559.0,65535.0,506052.0,17846.415192253196,0.7822050909127307,1.185271419318078
ID1290575,1290575,33,18449.771484375,214.73080857537096,168.72438219393487,0.0,0.3,10,0.5,1,,24827.619047619046,22082.0,5444.0,54057.0,521380.0,15765.125091404097,0.749613808837345,1.3494693594118876
ID1290574,1290574,37,3100.6201171875,45.97054586231048,157.20010105679256,0.0,0.3,10,0.5,1,,8136.857142857143,8432.0,3776.0,12257.0,170874.0,2347.9326925130176,0.3434783013509865,1.772024384783057
ID1290573,1290573,27,1651.1435546875,144.94622590748628,155.0549124291135,0.0,0.3,10,0.5,1,,5756.666666666667,5992.0,2677.0,8094.0,120890.0,1538.4652850595407,0.22341900553629448,1.3666530314544365
ID1290572,1290572,41,1521.66455078125,66.94536387105525,146.57921887500518,0.0,0.3,10,0.5,1,,5287.190476190476,5316.0,3287.0,6619.0,111031.0,898.3470164166862,0.2850562622415367,2.6110745175762538
ID1290547,1290547,3,1480.246337890625,118.11025826061872,37.662204577007984,0.0,0.3,10,0.5,1,,4961.0952380952385,5035.0,2769.0,6686.0,104183.0,1115.0444343057322,0.2546439438997459,1.8060436520268743
ID1290546,1290546,19,5396.5625,208.3235316140584,33.03714480657966,0.0,0.3,10,0.5,1,,10866.285714285714,10567.0,3283.0,18836.0,228192.0,4135.633036704988,0.471575597897336,1.6839836329901765
ID1290545,1290545,20,3501.711669921875,196.88433026251894,31.210539568330013,0.0,0.3,10,0.5,1,,8441.714285714286,8090.0,4438.0,13466.0,177276.0,2483.5823349117527,0.38869637480335667,1.902765511576241
ID1290544,1290544,21,1822.923095703125,138.03614772004585,27.024236636254823,0.0,0.3,10,0.5,1,,5666.0,5917.0,3084.0,8254.0,118986.0,1618.3199003905254,0.2545130639600179,1.4206172446745229
ID1290551,1290551,38,2095.073486328125,37.69398743356279,41.10165226095632,0.0,0.3,10,0.5,1,,6128.9047619047615,5923.0,4541.0,7878.0,128707.0,1059.4677392333333,0.3439208584512502,2.9608060065946313
ID1290550,1290550,1,23036.099609375,176.77928614526337,39.175451910409784,0.0,0.3,10,0.5,1,,25629.619047619046,17786.0,5878.0,65535.0,538222.0,19519.69956345689,0.8007262665857566,1.167711058949434
ID1290549,1290549,2,2740.048583984375,198.0205874338998,38.48756066860445,0.0,0.3,10,0.5,1,,7125.523809523809,7217.0,2274.0,11171.0,149636.0,2679.946783409096,0.3313074769343044,1.3233462379513823
ID1290548,1290548,35,2016.9959716796875,140.70703539335818,38.27499446555527,0.0,0.3,10,0.5,1,,6561.142857142857,6584.0,4794.0,8396.0,137784.0,1147.667298728786,0.29624744851491636,2.6131250089835207
ID1290555,1290555,6,3295.48974609375,222.28531289171212,49.203307037608774,0.0,0.3,10,0.5,1,,8299.333333333334,7987.0,5311.0,12356.0,174286.0,2064.1068124816925,0.36169294106556504,2.1360031224306293
ID1290554,1290554,7,16175.337890625,44.73896347703091,46.747666133410966,0.0,0.3,10,0.5,1,,24164.85714285714,20858.0,10607.0,46580.0,507462.0,11647.35156714055,0.7309530027225841,1.752230442029391
ID1290553,1290553,0,2820.52587890625,35.29754753623345,44.46752830692652,0.0,0.3,10,0.5,1,,7616.857142857143,7339.0,3936.0,10864.0,159954.0,2199.7762451148137,0.3493982323016626,1.7931138482288806
ID1290552,1290552,40,2056.958251953125,18.66061429946553,42.60506706428173,0.0,0.3,10,0.5,1,,5696.857142857143,5508.0,3935.0,7839.0,119634.0,1117.002474738274,0.3642046661697293,2.7231851137938827
ID1290559,1290559,10,1511.1644287109375,155.5045567453276,64.62982528069205,0.0,0.3,10,0.5,1,,5003.952380952381,4815.0,2842.0,7026.0,105083.0,1203.9854432753943,0.23797836597653246,1.5978880564087516
ID1290558,1290558,11,1760.6993408203125,163.99991876808315,63.22446953365961,0.0,0.3,10,0.5,1,,5632.142857142857,5995.0,2242.0,8024.0,118275.0,1790.1780158887632,0.2434162803166493,1.2318008810135441
ID1290557,1290557,4,1676.607421875,112.80976873984488,61.59501713037272,0.0,0.3,10,0.5,1,,5279.809523809524,5262.0,3303.0,7340.0,110876.0,1196.6892085686918,0.2665319709451032,1.8569492286261684
ID1290556,1290556,5,14699.4638671875,161.16408179414665,51.671645144464726,0.0,0.3,10,0.5,1,,19365.666666666668,14879.0,7645.0,48650.0,406679.0,11369.436561823692,0.6815000687395677,1.380678365401897
ID1290543,1290543,22,2442.52294921875,140.75600049011572,25.185609658815782,0.0,0.3,10,0.5,1,,7081.142857142857,6458.0,5410.0,9486.0,148704.0,1278.9245202792183,0.3193422284857344,2.6803241915157523
ID1290542,1290542,16,2066.321533203125,145.52966786744136,24.099481861425343,0.0,0.3,10,0.5,1,,5953.333333333333,6207.0,2324.0,9013.0,125020.0,2061.9134640748953,0.27798799932586826,1.2560850111395134
ID1290541,1290541,17,1712.39794921875,109.09277308385147,18.752847881560427,0.0,0.3,10,0.5,1,,5246.571428571428,5535.0,2345.0,7359.0,110178.0,1501.1511440034467,0.27802649620061787,1.5206437902886432
ID1290540,1290540,18,21121.90625,155.04470770220323,1.8075050111334845,0.0,0.3,10,0.5,1,,25444.904761904763,16464.0,7942.0,65535.0,534343.0,16575.096578616856,0.8000427958239166,1.364599306009473
ID1290515,1290515,7,14520.29296875,44.92822428162105,46.67987653014315,0.0,0.32999999999999996,11,0.5,1,,22333.809523809523,18931.0,12753.0,43188.0,469010.0,9205.569094950337,0.6869563439545646,1.9759113514400353
ID1290514,1290514,0,2785.19140625,35.57880984823858,44.44653371397686,0.0,0.32999999999999996,11,0.5,1,,7735.619047619048,7970.0,4626.0,10898.0,162448.0,2141.914505207677,0.34979598436709236,1.8718438874132832
ID1290513,1290513,40,3265.45849609375,18.473311468525562,42.4749946445715,0.0,0.32999999999999996,11,0.5,1,,6994.380952380952,6615.0,4495.0,11107.0,146882.0,1969.5953512381795,0.4444133111563108,2.185233472711715
ID1290512,1290512,38,1819.1839599609375,37.6442460471259,41.17448647409986,0.0,0.32999999999999996,11,0.5,1,,5675.714285714285,5766.0,4202.0,7007.0,119190.0,844.2348099229943,0.3230503226914601,3.283077098156646
ID1290519,1290519,11,1810.626953125,163.9924569630452,63.22544520386936,0.0,0.32999999999999996,11,0.5,1,,5706.380952380952,6019.0,2366.0,8242.0,119834.0,1795.9042980122986,0.25157276567710196,1.2773652202748655
ID1290518,1290518,4,1692.1656494140625,112.80897944126994,61.59427216891061,0.0,0.32999999999999996,11,0.5,1,,5284.571428571428,5340.0,3334.0,7335.0,110976.0,1207.3400337696323,0.2678925612007717,1.8496449330578133
ID1290517,1290517,5,5004.1474609375,161.15152724995002,52.31162178192692,0.0,0.32999999999999996,11,0.5,1,,10828.047619047618,10262.0,6749.0,17319.0,227389.0,2969.188466166984,0.44932770657057575,2.2612000802570145
ID1290516,1290516,6,3515.976318359375,222.5228029400574,49.17526456818267,0.0,0.32999999999999996,11,0.5,1,,8677.904761904761,8510.0,5210.0,13075.0,182236.0,2454.5996599193504,0.3712394512462471,1.9142780868007272
ID1290523,1290523,15,2163.3427734375,197.73001852251838,74.9642530984791,0.0,0.32999999999999996,11,0.5,1,,6796.0,6433.0,3407.0,9811.0,142716.0,1924.6571382976242,0.26142311120880196,1.4635689469056166
ID1290522,1290522,8,2498.3779296875,130.7496604594829,69.69231774840607,0.0,0.32999999999999996,11,0.5,1,,8551.380952380952,8398.0,5093.0,10797.0,179579.0,1649.6542509323122,0.2648162926232447,2.170653831721573
ID1290521,1290521,9,1460.0145263671875,120.23133105397362,68.79415407215296,0.0,0.32999999999999996,11,0.5,1,,4882.428571428572,4830.0,2907.0,6617.0,102531.0,979.6200065039797,0.2523302934532893,2.0084395028012323
ID1290520,1290520,10,1565.0057373046875,155.49787473153359,64.62958327928033,0.0,0.32999999999999996,11,0.5,1,,5034.619047619048,5087.0,2802.0,7330.0,105727.0,1249.0436532079445,0.24029905473961907,1.5618691362941435
ID1290527,1290527,26,1541.65087890625,211.3177009924958,110.19253174674779,0.0,0.32999999999999996,11,0.5,1,,5633.285714285715,5740.0,3082.0,7801.0,118299.0,1331.237775262449,0.21927084795425136,1.5220076931327289
ID1290526,1290526,12,1481.1837158203125,86.28783193952839,106.53759961470708,0.0,0.32999999999999996,11,0.5,1,,4839.809523809524,4859.0,2733.0,6273.0,101636.0,1124.2961628969308,0.2747010651558606,1.8553657348311468
ID1290525,1290525,13,1889.00537109375,213.27019406203397,93.72462388384562,0.0,0.32999999999999996,11,0.5,1,,6210.285714285715,6588.0,2802.0,8507.0,130416.0,1744.4324332818721,0.2549021991075948,1.4462758218622018
ID1290524,1290524,14,2321.56689453125,67.99292093939503,93.43164802964101,0.0,0.32999999999999996,11,0.5,1,,8451.0,8370.0,6270.0,10410.0,177471.0,1322.8039915270895,0.26914709259014086,2.7096945275347704
ID1290503,1290503,16,2069.934326171875,145.47490752880884,24.13745304077532,0.0,0.32999999999999996,11,0.5,1,,6235.619047619048,6345.0,3166.0,8953.0,130948.0,1845.0244842871457,0.28482314498582173,1.4984400179228123
ID1290502,1290502,17,1730.6492919921875,109.07221322825806,18.759683238690755,0.0,0.32999999999999996,11,0.5,1,,5234.476190476191,5523.0,2199.0,7432.0,109924.0,1514.8817649918299,0.28054357111248424,1.5140159389647032
ID1290501,1290501,18,12441.208984375,154.8731337027418,1.7712947284081992,0.0,0.32999999999999996,11,0.5,1,,19544.190476190477,18213.0,7306.0,37625.0,410428.0,8561.848226983748,0.6475339079128538,1.794354758514757
ID1290507,1290507,19,5426.64892578125,208.3199275626827,33.0354050051962,0.0,0.32999999999999996,11,0.5,1,,10893.809523809523,10297.0,3363.0,18979.0,228770.0,4167.965818226531,0.475058838121758,1.683540942699621
ID1290506,1290506,20,8364.595703125,197.01272274488608,30.73510042700964,0.0,0.32999999999999996,11,0.5,1,,14530.857142857143,13615.0,6312.0,26438.0,305148.0,6139.617799877402,0.5660203618284745,1.710860274673526
ID1290505,1290505,21,1826.779296875,138.03610785893702,27.025780992400342,0.0,0.32999999999999996,11,0.5,1,,5681.9047619047615,5894.0,3043.0,8230.0,119320.0,1629.1130379676515,0.25134359795368105,1.401083368533397
ID1290504,1290504,22,2152.59765625,140.70796771474357,25.158282435318107,0.0,0.32999999999999996,11,0.5,1,,6758.809523809524,6421.0,5229.0,9107.0,141935.0,1156.1372158635677,0.3010376582996231,2.705339549163804
ID1290511,1290511,1,24946.052734375,176.67532964799932,39.17782732969138,0.0,0.32999999999999996,11,0.5,1,,26933.95238095238,17284.0,5554.0,65535.0,565613.0,21774.091727271174,0.827601999255126,1.1202886658126123
ID1290510,1290510,2,2739.921630859375,197.98380662473178,38.48394846438973,0.0,0.32999999999999996,11,0.5,1,,7149.619047619048,7177.0,2176.0,11245.0,150142.0,2769.2694790538253,0.33479335475795063,1.2951213767307461
ID1290509,1290509,35,3507.62109375,140.75903083533757,38.33139183005211,0.0,0.32999999999999996,11,0.5,1,,8736.142857142857,8104.0,6342.0,13003.0,183459.0,1957.6177943029197,0.37821530851823315,2.4493105465879776
ID1290508,1290508,3,1502.479736328125,118.09076056907668,37.67420219102977,0.0,0.32999999999999996,11,0.5,1,,4962.285714285715,5014.0,2801.0,6810.0,104208.0,1162.873215052146,0.25498160147616045,1.7340071342492815
ID1290531,1290531,29,19390.953125,28.581575296170847,137.82067541876918,0.0,0.32999999999999996,11,0.5,1,,23013.85714285714,19624.0,3469.0,65535.0,483291.0,18469.428121319062,0.7418591401896497,1.0613885060781445
ID1290530,1290530,23,1537.0751953125,192.57305627031556,135.30940996299063,0.0,0.32999999999999996,11,0.5,1,,8176.333333333333,8068.0,5937.0,9808.0,171703.0,1068.3257618036428,0.16751287474220766,2.1961975175097868
ID1290529,1290529,24,21407.359375,214.09697443565648,114.24629277730884,0.0,0.32999999999999996,11,0.5,1,,24777.619047619046,19314.0,6443.0,65535.0,520330.0,19534.00300111626,0.7932252454586873,1.122173478677053
ID1290528,1290528,25,1972.5433349609375,132.2686806804473,113.36165314941861,0.0,0.32999999999999996,11,0.5,1,,5856.0952380952385,6172.0,2707.0,8442.0,122978.0,1728.8570185172027,0.2677060967388843,1.4306016853448762
ID1290535,1290535,37,2603.7041015625,46.705441380122444,157.03343029247867,0.0,0.32999999999999996,11,0.5,1,,7223.666666666667,7235.0,4068.0,10326.0,151697.0,1907.6713116607204,0.31963114337062015,1.8343435475565113
ID1290534,1290534,27,1644.350830078125,144.93945146068165,155.0536553669205,0.0,0.32999999999999996,11,0.5,1,,5706.952380952381,6100.0,2774.0,7643.0,119846.0,1516.9304359854632,0.22695026958217288,1.3917855456997523
ID1290533,1290533,41,1855.2174072265625,67.18601883689493,146.58031717400223,0.0,0.32999999999999996,11,0.5,1,,5781.380952380952,5698.0,3627.0,7560.0,121409.0,1082.1375825739756,0.3195318829149562,2.587458619521181
ID1290532,1290532,28,2848.347412109375,27.84224911683236,145.3069055917674,0.0,0.32999999999999996,11,0.5,1,,7192.761904761905,7342.0,2535.0,11064.0,151048.0,2698.629465205661,0.32736156483614276,1.3146824704442879
ID1290539,1290539,30,16206.435546875,96.58788843691767,216.51852257529285,0.0,0.32999999999999996,11,0.5,1,,24435.428571428572,20407.0,10248.0,48156.0,513144.0,10729.266916110479,0.7036260434336805,1.881254456695416
ID1290538,1290538,32,22182.517578125,110.60459961842143,175.54980294632048,0.0,0.32999999999999996,11,0.5,1,,42612.23809523809,41723.0,16474.0,65535.0,894857.0,14346.435187546633,0.5448308139371322,2.0950822546871746
ID1290537,1290537,31,22485.2421875,119.999369768309,175.46403079399752,0.0,0.32999999999999996,11,0.5,1,,24667.428571428572,14301.0,6838.0,65535.0,518016.0,19250.635061138706,0.8086600339388929,1.1458238336611353
ID1290536,1290536,33,19754.421875,214.72244144800376,169.17008326569007,0.0,0.32999999999999996,11,0.5,1,,26098.571428571428,24110.0,7982.0,56795.0,548070.0,16416.29100184152,0.7855575298718397,1.39886510839466
ID1290579,1290579,18,6182.73583984375,154.93524106476175,1.529976504497989,0.0,0.36,12,0.5,1,,12302.285714285714,11040.0,5428.0,20300.0,258348.0,4283.954284803435,0.48747728237873955,1.8822400789222709
ID1290583,1290583,21,1831.655517578125,138.048542401921,27.015413890395042,0.0,0.36,12,0.5,1,,5762.809523809524,6195.0,2898.0,8182.0,121019.0,1642.9778945271182,0.2509481115532885,1.407269180608144
ID1290582,1290582,22,1584.5040283203125,140.48158130800724,25.111274875815432,0.0,0.36,12,0.5,1,,5883.428571428572,6018.0,4667.0,7303.0,123552.0,839.3701550227152,0.25563091162479473,2.8540286449672303
ID1290581,1290581,16,2080.220458984375,145.46556526485935,24.145253654753414,0.0,0.36,12,0.5,1,,6226.238095238095,6367.0,3031.0,9047.0,130751.0,1871.595894010294,0.2845269397636835,1.4737499798193074
ID1290580,1290580,17,1745.028564453125,109.08793452915495,18.753822941363428,0.0,0.36,12,0.5,1,,5211.428571428572,5391.0,2282.0,7668.0,109440.0,1567.7337009654598,0.2755943116134901,1.4363893169247097
ID1290587,1290587,35,4933.443359375,140.8657640165895,37.90670632454381,0.0,0.36,12,0.5,1,,10251.095238095239,9901.0,5738.0,17359.0,215273.0,3255.4039980432826,0.4348349006755519,1.9086128075488156
ID1290586,1290586,3,1467.4879150390625,118.06461223481692,37.68375834633622,0.0,0.36,12,0.5,1,,4949.0952380952385,4980.0,2778.0,6633.0,103931.0,1135.016956030257,0.2544581570727326,1.7689422505579129
ID1290585,1290585,19,5474.4658203125,208.3338310005117,33.03885084619498,0.0,0.36,12,0.5,1,,11000.142857142857,10661.0,3360.0,18513.0,231003.0,4173.244388790505,0.4786094581264857,1.706405725825379
ID1290584,1290584,20,15600.203125,197.11891668281524,30.80442753062531,0.0,0.36,12,0.5,1,,19953.714285714286,16489.0,4575.0,50941.0,419028.0,13197.31989891454,0.705491423601912,1.2508643055879252
ID1290591,1290591,0,3651.488037109375,35.60198613885411,44.59667821022743,0.0,0.36,12,0.5,1,,8237.857142857143,8693.0,2135.0,13436.0,172995.0,3739.850187984998,0.3822332996123002,1.2182522288472872
ID1290590,1290590,40,2873.0458984375,18.55379369988959,42.4410761642397,0.0,0.36,12,0.5,1,,6508.619047619048,6091.0,3793.0,9908.0,136681.0,1758.1462531937007,0.42081003530155753,2.192875226623004
ID1290589,1290589,1,22952.224609375,176.74939956908622,39.01068662606045,0.0,0.36,12,0.5,1,,28063.285714285714,18038.0,12204.0,65535.0,589329.0,17294.92454202347,0.7991313725900157,1.4414684658085182
ID1290588,1290588,2,2764.502685546875,198.00372031239272,38.49034030837845,0.0,0.36,12,0.5,1,,7146.761904761905,7256.0,2237.0,11099.0,150082.0,2682.3652604513413,0.33461753238262587,1.3360209245646206
ID1290611,1290611,27,1590.8807373046875,144.94912654563248,155.0550823891949,0.0,0.36,12,0.5,1,,5631.619047619048,5879.0,2661.0,7637.0,118264.0,1468.982419098012,0.22383959373389872,1.402358580653087
ID1290610,1290610,41,1761.2275390625,67.09284335745245,146.70467984116883,0.0,0.36,12,0.5,1,,5608.190476190476,5800.0,3886.0,7391.0,117772.0,1020.5000548283973,0.2974226930023216,2.519604240586279
ID1290609,1290609,28,2490.932861328125,27.862997055542305,145.59478259940784,0.0,0.36,12,0.5,1,,6462.476190476191,6343.0,2888.0,10036.0,135712.0,2189.512768152943,0.3139239714570506,1.4103786124777544
ID1290608,1290608,29,20703.400390625,28.39117738856157,137.8515320560597,0.0,0.36,12,0.5,1,,24542.428571428572,21279.0,3080.0,65535.0,515391.0,19452.232258975902,0.7670042517353769,1.0953130494704557
ID1290615,1290615,32,21436.337890625,110.59275320636576,175.51546765762035,0.0,0.36,12,0.5,1,,41985.23809523809,42049.0,25199.0,65535.0,881690.0,12992.834821180333,0.5414597867405954,2.270161254757005
ID1290614,1290614,31,22215.849609375,120.30750303018144,175.1586398764892,0.0,0.36,12,0.5,1,,24540.380952380954,14161.0,7566.0,65535.0,515348.0,20132.88410406266,0.8165330490930228,1.095811278933694
ID1290613,1290613,33,20313.759765625,214.97636547923742,168.80587420445923,0.0,0.36,12,0.5,1,,25924.190476190477,19275.0,5392.0,63850.0,544408.0,16220.851342081427,0.7794772062561632,1.400143490905367
ID1290612,1290612,37,2291.96923828125,47.28472146795301,156.6420297176961,0.0,0.36,12,0.5,1,,6579.9047619047615,6808.0,3395.0,9489.0,138178.0,1754.9575751214588,0.30213080059038694,1.7398963250593942
ID1290616,1290616,30,11292.0966796875,96.68514421802485,216.2956378759791,0.0,0.36,12,0.5,1,,21085.04761904762,18484.0,12271.0,35838.0,442786.0,6849.9919523762255,0.610756907798258,2.334279767073426
ID1290595,1290595,4,1670.154296875,112.80534103105082,61.595460421350666,0.0,0.36,12,0.5,1,,5279.809523809524,5262.0,3355.0,7339.0,110876.0,1184.7894166917436,0.2656111916478375,1.8704803419591953
ID1290594,1290594,5,6797.55029296875,161.2513839251551,52.37019926201482,0.0,0.36,12,0.5,1,,12725.666666666666,11497.0,5971.0,22995.0,267239.0,4641.779457636191,0.4998831710479248,1.827414726995784
ID1290593,1290593,6,3785.663330078125,222.58417820217656,49.29715581937134,0.0,0.36,12,0.5,1,,8998.238095238095,8910.0,5091.0,14770.0,188963.0,2670.199335344871,0.36293045667442586,1.7947068123003693
ID1290592,1290592,7,13336.373046875,45.12968742854336,46.9589075115229,0.0,0.36,12,0.5,1,,21427.619047619046,20209.0,10644.0,38947.0,449980.0,8849.53697927858,0.6629095963022442,1.930496552143806
ID1290599,1290599,8,2521.74951171875,130.73031349425747,69.70752344153003,0.0,0.36,12,0.5,1,,8574.57142857143,8517.0,5193.0,10949.0,180066.0,1716.977244212298,0.2684086805209915,2.1135631598244733
ID1290598,1290598,9,1474.0228271484375,120.24499098596614,68.78444469636031,0.0,0.36,12,0.5,1,,4891.238095238095,4741.0,2928.0,6581.0,102716.0,987.3114455308367,0.25467984626410295,2.0112047446097687
ID1290597,1290597,10,1526.797119140625,155.49474998882616,64.62963752520213,0.0,0.36,12,0.5,1,,5017.0,4840.0,2832.0,7091.0,105357.0,1205.286812339702,0.23730221570332674,1.5966498869226768
ID1290596,1290596,11,1767.6021728515625,164.01125354786876,63.21691579125019,0.0,0.36,12,0.5,1,,5664.857142857143,6143.0,2239.0,8033.0,118962.0,1806.3735296365003,0.24837527510240873,1.2478851021443829
ID1290603,1290603,12,1622.4002685546875,86.28328059914892,106.42911307920816,0.0,0.36,12,0.5,1,,4903.238095238095,5154.0,2486.0,6728.0,102968.0,1293.4230902825998,0.2827525658926343,1.6712292617402076
ID1290602,1290602,13,1910.2122802734375,213.25486429770282,93.72990962024885,0.0,0.36,12,0.5,1,,6211.714285714285,6620.0,2593.0,8631.0,130446.0,1773.3656459641124,0.2581352929687723,1.4373522649547998
ID1290601,1290601,14,2436.101318359375,68.2893082074328,93.17627927365582,0.0,0.36,12,0.5,1,,9046.857142857143,9241.0,5466.0,11360.0,189984.0,1537.5670159610695,0.2648057477122849,2.463753482548353
ID1290600,1290600,15,2122.500244140625,197.5347461772971,75.05965978712437,0.0,0.36,12,0.5,1,,6639.047619047619,7276.0,2282.0,9645.0,139420.0,2236.125946278305,0.2636879692800812,1.239053284367263
ID1290607,1290607,23,1496.9915771484375,192.6430805240035,135.10966870640348,0.0,0.36,12,0.5,1,,8443.714285714286,8415.0,6592.0,10178.0,177318.0,1140.4274699803202,0.16736390582827496,2.1230068567075517
ID1290606,1290606,24,20719.90234375,214.34186331113486,114.28637915641272,0.0,0.36,12,0.5,1,,23851.52380952381,19526.0,7326.0,65535.0,500882.0,17550.35775595201,0.7837347490678299,1.1942602625890713
ID1290605,1290605,25,1911.1986083984375,132.26371423567784,113.36628014659061,0.0,0.36,12,0.5,1,,5860.9047619047615,6209.0,2585.0,8196.0,123079.0,1626.907277774671,0.26763059764068214,1.521160040686038
ID1290604,1290604,26,1536.8629150390625,211.38433162546025,110.18191768258968,0.0,0.36,12,0.5,1,,5694.047619047619,6121.0,2974.0,7611.0,119575.0,1316.2727481867303,0.22073597576501186,1.5644315925524817
ID1290643,1290643,25,1949.505859375,132.26278550053104,113.36855448649857,0.0,0.39,13,0.5,1,,5899.714285714285,6226.0,2632.0,8305.0,123894.0,1634.416230427768,0.2692401013241369,1.5314198409262796
ID1290642,1290642,26,1523.987060546875,211.34563099184905,110.19362227238439,0.0,0.39,13,0.5,1,,5683.761904761905,5933.0,3133.0,7621.0,119359.0,1308.5562618688546,0.22106722591795908,1.5727448048106163
ID1290641,1290641,12,1636.2427978515625,86.24422908771997,106.31674060963019,0.0,0.39,13,0.5,1,,5089.238095238095,5335.0,2447.0,6867.0,106874.0,1284.8849327765465,0.2873917088979214,1.7684063090722237
ID1290640,1290640,13,1882.3526611328125,213.2462737781497,93.73018968506526,0.0,0.39,13,0.5,1,,6177.428571428572,6574.0,2606.0,8587.0,129726.0,1766.6478305375003,0.2539893644928674,1.4164766572477991
ID1290647,1290647,28,1638.84130859375,27.60792237456965,145.57466739227397,0.0,0.39,13,0.5,1,,5797.571428571428,5698.0,3478.0,7407.0,121749.0,1073.88018751761,0.26248410284370294,2.2449018681222404
ID1290646,1290646,29,16508.404296875,28.489912253601087,137.62127964162875,0.0,0.39,13,0.5,1,,20008.190476190477,14451.0,4971.0,56468.0,420172.0,14953.99888531174,0.6988425467567677,1.1007955708434045
ID1290645,1290645,23,1522.5657958984375,192.59597740231882,135.28389381114792,0.0,0.39,13,0.5,1,,8215.47619047619,8251.0,5773.0,9652.0,172525.0,1144.455356012091,0.1683979277174805,2.0692351437453107
ID1290644,1290644,24,21045.810546875,214.1580724705154,114.10217281087647,0.0,0.39,13,0.5,1,,23961.761904761905,13989.0,7852.0,65535.0,503197.0,17214.66308385024,0.7834620487294532,1.2229376300099133
ID1290651,1290651,42,1496.32763671875,54.32627770117201,165.35631806630818,0.0,0.39,13,0.5,1,,5037.619047619048,5241.0,2887.0,6657.0,105790.0,1101.128715282209,0.25912301735114573,1.8830205462910516
ID1290650,1290650,37,2040.958984375,47.017604415666725,156.73009146357253,0.0,0.39,13,0.5,1,,6148.0,6436.0,2609.0,8724.0,129108.0,1814.996308536191,0.2924987725012621,1.5331407142565103
ID1290649,1290649,27,1639.20849609375,144.9528873206083,155.04530236203573,0.0,0.39,13,0.5,1,,5739.047619047619,6103.0,2881.0,7815.0,120520.0,1470.9436588867186,0.22806931688349283,1.4491647667349172
ID1290648,1290648,41,1695.596923828125,66.97706734133209,146.80671440668812,0.0,0.39,13,0.5,1,,5528.714285714285,5525.0,3503.0,7072.0,116103.0,999.7191176954227,0.3040143113335742,2.5786227857512984
ID1290655,1290655,31,22613.287109375,120.16112347540317,175.31897350354598,0.0,0.39,13,0.5,1,,25212.85714285714,19837.0,4412.0,65535.0,529470.0,21496.361602107725,0.8217562948478754,1.0581320291697298
ID1290654,1290654,32,20585.5703125,110.78643503510291,175.42845059038768,0.0,0.39,13,0.5,1,,39884.619047619046,39184.0,18105.0,65535.0,837577.0,12536.425241974646,0.5276730470651635,2.1978407627548013
ID1290653,1290653,43,1851.0474853515625,129.87274095235256,171.05682679353566,0.0,0.39,13,0.5,1,,6074.0952380952385,6102.0,4432.0,8338.0,127556.0,1055.4670958756556,0.27083400244590417,2.4529079772022335
ID1290652,1290652,33,16779.294921875,215.2012842368236,168.71497355062206,0.0,0.39,13,0.5,1,,23942.95238095238,22962.0,6700.0,49523.0,502802.0,12608.593119282541,0.7325992081259471,1.6058663601319592
ID1290627,1290627,1,11864.052734375,177.1298869323762,39.233805784334486,0.0,0.39,13,0.5,1,,20249.04761904762,19012.0,7027.0,37576.0,425230.0,8108.050378951714,0.6013801484831016,1.8757407193852287
ID1290626,1290626,2,2686.434326171875,198.0207499393154,38.475615593754625,0.0,0.39,13,0.5,1,,7112.476190476191,7348.0,2078.0,11028.0,149362.0,2716.4882038957508,0.3310582109724155,1.302417769085752
ID1290625,1290625,35,3911.85546875,140.71308020198995,37.86434729576059,0.0,0.39,13,0.5,1,,9296.714285714286,8498.0,6086.0,14232.0,195231.0,2409.7644520337903,0.40447109971446876,2.222079409215938
ID1290624,1290624,3,1463.2991943359375,118.10173326601621,37.668819502851505,0.0,0.39,13,0.5,1,,4915.047619047619,4892.0,2841.0,6826.0,103216.0,1113.3244574781638,0.25085216162787133,1.7707116314335583
ID1290631,1290631,6,3934.1884765625,222.35346846944222,49.14024292518818,0.0,0.39,13,0.5,1,,9098.047619047618,8561.0,4418.0,14791.0,191059.0,2980.0154945266722,0.3628642020545901,1.6257404830518984
ID1290630,1290630,7,16087.7783203125,44.91763699386992,46.98169423793447,0.0,0.39,13,0.5,1,,23451.761904761905,21557.0,7033.0,47105.0,492487.0,11782.528238475652,0.713010177462104,1.6569246862494798
ID1290629,1290629,0,3158.1953125,35.48885617646302,45.212976721555755,0.0,0.39,13,0.5,1,,8173.619047619048,8535.0,4507.0,12184.0,171646.0,2355.880418785947,0.3699502032804211,1.8738276141944756
ID1290628,1290628,40,2399.0654296875,18.52577780130972,42.22665912199398,0.0,0.39,13,0.5,1,,6106.380952380952,5783.0,4064.0,8660.0,128234.0,1360.6902100107313,0.39086270292456554,2.522287571235971
ID1290635,1290635,10,1517.7420654296875,155.50519049180437,64.62735014207384,0.0,0.39,13,0.5,1,,5025.047619047619,4887.0,2885.0,7177.0,105526.0,1190.7485660789384,0.23841765266187634,1.6248803399430904
ID1290634,1290634,11,1809.0343017578125,164.0054289365562,63.22339169011341,0.0,0.39,13,0.5,1,,5693.9047619047615,5989.0,2316.0,8181.0,119572.0,1805.284490177709,0.24890159882573337,1.2571699979117732
ID1290633,1290633,4,1670.3416748046875,112.816805755612,61.58771448793563,0.0,0.39,13,0.5,1,,5264.142857142857,5128.0,3300.0,7164.0,110547.0,1187.2688105780546,0.2647591795868128,1.856315494086594
ID1290632,1290632,5,5636.51611328125,161.11226056059095,52.74540064157395,0.0,0.39,13,0.5,1,,11263.0,9954.0,6272.0,19212.0,236523.0,3848.4913797486934,0.47071290199262056,1.8733622372108367
ID1290639,1290639,14,2696.520263671875,68.0467041527508,93.5343472234278,0.0,0.39,13,0.5,1,,9838.095238095239,9765.0,8046.0,11498.0,206600.0,1059.060569786351,0.29401547921596427,4.221345931584262
ID1290638,1290638,15,2116.419189453125,197.50444345438407,75.07402205668123,0.0,0.39,13,0.5,1,,6684.9047619047615,7344.0,2341.0,9615.0,140383.0,2208.1847047917413,0.26723822661610436,1.2768213579985004
ID1290637,1290637,8,2492.66748046875,130.7428365209711,69.69905383368389,0.0,0.39,13,0.5,1,,8569.809523809523,8526.0,5311.0,10907.0,179966.0,1673.9081700931988,0.2655192801461913,2.148309415028448
ID1290636,1290636,9,1480.802734375,120.25284470197995,68.78784615627934,0.0,0.39,13,0.5,1,,4916.523809523809,4821.0,3091.0,6557.0,103247.0,986.712704846128,0.2556296752942042,2.0288368264133023
ID1290619,1290619,16,2055.73974609375,145.52895534332245,24.10164123359357,0.0,0.39,13,0.5,1,,5903.857142857143,5933.0,2231.0,9137.0,123981.0,2059.8065269756353,0.27578167142179394,1.239163026623304
ID1290618,1290618,17,1766.9664306640625,109.09040585258093,18.766069046177623,0.0,0.39,13,0.5,1,,5245.523809523809,5687.0,2362.0,7499.0,110156.0,1518.6389504766307,0.28086187024196263,1.5147983024791059
ID1290617,1290617,18,7908.18408203125,154.85269632668627,1.3531872984773898,0.0,0.39,13,0.5,1,,14019.809523809523,13601.0,4905.0,26906.0,294416.0,6004.284708598083,0.5199798654914292,1.5975686293647182
ID1290623,1290623,19,5509.91943359375,208.3244061107727,33.043228693908794,0.0,0.39,13,0.5,1,,11001.52380952381,10548.0,3393.0,18977.0,231032.0,4175.409268790877,0.47864346263538093,1.705817053450701
ID1290622,1290622,20,9466.0751953125,197.28371599975188,31.02889872724442,0.0,0.39,13,0.5,1,,15131.666666666666,13639.0,5511.0,30194.0,317765.0,7277.189294867445,0.5889263985925417,1.5413821696891452
ID1290621,1290621,21,1837.7279052734375,138.02683637993712,27.029498247619575,0.0,0.39,13,0.5,1,,5760.285714285715,6103.0,3057.0,8280.0,120966.0,1624.6739409142112,0.2534214792471877,1.4336861678721122
ID1290620,1290620,22,1691.7362060546875,140.28541958234996,24.969887539573467,0.0,0.39,13,0.5,1,,6029.047619047619,6013.0,4800.0,7604.0,126610.0,865.2122558187948,0.26220063044707015,2.895085444843615
ID1290656,1290656,30,14970.291015625,96.67746116058305,216.05160422509638,0.0,0.39,13,0.5,1,,24428.714285714286,23708.0,10611.0,46206.0,513003.0,10523.015248220716,0.6972315215423143,1.907332153846261
ID1290691,1290691,33,16615.150390625,215.3481669238183,168.8185734026069,0.0,0.42,14,0.5,1,,23731.619047619046,23024.0,9872.0,49003.0,498364.0,11438.50344440299,0.7328307335418565,1.7548325809286767
ID1290690,1290690,42,1492.8814697265625,54.107767791485834,165.29263159469232,0.0,0.42,14,0.5,1,,4896.190476190476,4980.0,2612.0,6571.0,102820.0,1158.1452248767257,0.2604162751885426,1.746945675310541
ID1290689,1290689,37,2265.7080078125,47.05110392994282,156.56220534366346,0.0,0.42,14,0.5,1,,6120.952380952381,6456.0,2384.0,9340.0,128540.0,2038.9349787619633,0.3030920464223807,1.3965132674816183
ID1290688,1290688,27,1684.0760498046875,144.93827093260805,155.03879062363495,0.0,0.42,14,0.5,1,,5746.619047619048,6165.0,2723.0,8000.0,120679.0,1591.5506110768354,0.23021004275405918,1.3513472042315393
ID1290695,1290695,30,12818.74609375,96.97103819558099,216.31567397409586,0.0,0.42,14,0.5,1,,21309.52380952381,20165.0,9020.0,39196.0,447500.0,8275.098710100367,0.6270245476431633,1.9848193981124784
ID1290694,1290694,31,20666.955078125,120.05780364591787,175.44531163011953,0.0,0.42,14,0.5,1,,26547.428571428572,24116.0,6729.0,59951.0,557496.0,16933.25442899689,0.8067006603438087,1.4000328691310686
ID1290693,1290693,32,18470.927734375,110.93980733777806,175.468382168808,0.0,0.42,14,0.5,1,,36193.90476190476,35471.0,12177.0,62997.0,760072.0,14022.48616296255,0.4938124886410149,1.7065004142646054
ID1290692,1290692,43,2285.128662109375,129.8015285196774,170.88412935308457,0.0,0.42,14,0.5,1,,6967.428571428572,6685.0,4809.0,9305.0,146316.0,1386.9659538513758,0.3081357574748028,2.366606221677185
ID1290675,1290675,10,1552.4849853515625,155.50050757525426,64.63269016936249,0.0,0.42,14,0.5,1,,5082.0952380952385,5051.0,2879.0,7086.0,106724.0,1229.9068218674902,0.24246966577726164,1.6127691375832827
ID1290674,1290674,11,1821.6005859375,164.00275232629954,63.21724656000113,0.0,0.42,14,0.5,1,,5688.9047619047615,6004.0,2297.0,8181.0,119467.0,1836.3645037073086,0.25200542363794387,1.2471062250368143
ID1290673,1290673,4,1712.7496337890625,112.80352870943396,61.59353561044618,0.0,0.42,14,0.5,1,,5275.809523809524,5093.0,3267.0,7324.0,110792.0,1220.414668014426,0.26983901010313366,1.8372478792799343
ID1290672,1290672,5,5848.39453125,161.2073561022639,52.33707041335217,0.0,0.42,14,0.5,1,,11487.285714285714,10963.0,6963.0,19924.0,241233.0,3733.8876006497185,0.46873536218153694,1.9636783212388362
ID1290679,1290679,14,2893.31201171875,68.24510485280432,93.77157884700382,0.0,0.42,14,0.5,1,,10163.761904761905,10523.0,8216.0,12253.0,213439.0,1206.0659146481962,0.3054656223229693,3.9437587113809722
ID1290678,1290678,15,2149.814697265625,197.70753706826417,74.97915966145763,0.0,0.42,14,0.5,1,,6780.476190476191,6544.0,3455.0,9746.0,142390.0,1950.4329165353936,0.2617369222482097,1.4422991662899938
ID1290677,1290677,8,2445.54296875,130.7342591408264,69.7040447086426,0.0,0.42,14,0.5,1,,8535.238095238095,8532.0,5235.0,10878.0,179240.0,1640.403880291738,0.26402868966090637,2.173647106489128
ID1290676,1290676,9,1465.4337158203125,120.24379952376886,68.78790826360265,0.0,0.42,14,0.5,1,,4872.428571428572,4741.0,3016.0,6575.0,102321.0,970.3395061229123,0.2516641529231654,2.019227758739966
ID1290683,1290683,25,1914.2777099609375,132.2534954583058,113.38169805479481,0.0,0.42,14,0.5,1,,5865.142857142857,6146.0,2741.0,8203.0,123168.0,1589.497288003798,0.26747756911248105,1.5573846305364858
ID1290682,1290682,26,1520.651123046875,211.34640176416085,110.19336210311666,0.0,0.42,14,0.5,1,,5683.190476190476,5860.0,3073.0,7655.0,119347.0,1321.2512107486457,0.21994858268837528,1.551016615752028
ID1290681,1290681,12,1643.984375,86.21119653399356,106.34349884431649,0.0,0.42,14,0.5,1,,4859.476190476191,5127.0,1848.0,7085.0,102049.0,1568.4756810052115,0.2878166811736619,1.3848526921574513
ID1290680,1290680,13,1847.1038818359375,213.24313326617087,93.7360077459106,0.0,0.42,14,0.5,1,,6170.666666666667,6657.0,2639.0,8423.0,129584.0,1703.0197982799066,0.2527052379175834,1.4618665747825086
ID1290687,1290687,28,5234.466796875,27.288096287675845,145.1535489848969,0.0,0.42,14,0.5,1,,11083.952380952382,11390.0,2468.0,18158.0,232763.0,5021.097603872987,0.44413051977223383,1.357782338039317
ID1290686,1290686,29,13844.6806640625,28.39005298882627,137.5361313628507,0.0,0.42,14,0.5,1,,18339.428571428572,15262.0,3791.0,44666.0,385128.0,11806.912774182034,0.6700789200930848,1.246431459286912
ID1290685,1290685,23,1540.8154296875,192.54389258215699,135.36578672018672,0.0,0.42,14,0.5,1,,7813.428571428572,7927.0,5758.0,9317.0,164082.0,958.8959052696267,0.17162090078307826,2.387169430906641
ID1290684,1290684,24,20941.798828125,214.31481166563572,113.80186219733382,0.0,0.42,14,0.5,1,,24206.14285714286,18297.0,5982.0,65535.0,508329.0,19601.724128978334,0.7827215112463654,1.084388940344236
ID1290659,1290659,16,2095.05322265625,145.45667900882796,24.145727825313568,0.0,0.42,14,0.5,1,,6215.571428571428,6292.0,3117.0,9181.0,130527.0,1877.0620546862206,0.28771772959938685,1.479716022205129
ID1290658,1290658,17,1767.779296875,109.09821848950997,18.752107861065863,0.0,0.42,14,0.5,1,,5240.523809523809,5537.0,2230.0,7602.0,110051.0,1562.1711372012867,0.28093323894146843,1.4714744162240911
ID1290657,1290657,18,6023.90380859375,154.77636324095332,1.0319699929503008,0.0,0.42,14,0.5,1,,11596.952380952382,11979.0,2771.0,20070.0,243536.0,5071.5958284961,0.481451516628508,1.4862584945353514
ID1290663,1290663,19,5511.9248046875,208.32067029737647,33.0405379415587,0.0,0.42,14,0.5,1,,10974.42857142857,10395.0,3349.0,19229.0,230463.0,4253.711280416533,0.4762617509152999,1.664662666105742
ID1290662,1290662,20,4970.06005859375,197.0927939656548,30.847654634866156,0.0,0.42,14,0.5,1,,10119.714285714286,9982.0,5195.0,17554.0,212514.0,3462.8747904430093,0.43734351564056007,1.7783759465050917
ID1290661,1290661,21,1853.135498046875,138.03712412358206,27.02651711458769,0.0,0.42,14,0.5,1,,5765.190476190476,5972.0,3086.0,8330.0,121069.0,1649.6475265658303,0.2540421547882567,1.4159442302839689
ID1290660,1290660,22,3133.726806640625,140.24361766864405,25.051701280209713,0.0,0.42,14,0.5,1,,8069.380952380952,7686.0,4431.0,12066.0,169457.0,2170.8541516230534,0.33923451780080827,1.88314156718756
ID1290667,1290667,1,12936.4658203125,176.9172068057551,39.26086248734583,0.0,0.42,14,0.5,1,,21613.285714285714,19503.0,8043.0,38868.0,453879.0,8920.035527635846,0.6335892677192639,1.8795295010731339
ID1290666,1290666,2,2731.25439453125,198.0091277699627,38.472964550713,0.0,0.42,14,0.5,1,,7135.666666666667,7244.0,2203.0,11352.0,149849.0,2797.2164974011816,0.33196174563870734,1.271553848911341
ID1290665,1290665,35,9677.5634765625,140.6484977796023,38.00459750625321,0.0,0.42,14,0.5,1,,15095.619047619048,13670.0,4646.0,31572.0,317008.0,8143.714873914671,0.5788288147336162,1.3591690043750306
ID1290664,1290664,3,1464.67529296875,118.12018685395974,37.654331605326234,0.0,0.42,14,0.5,1,,4934.857142857143,5072.0,2962.0,6746.0,103632.0,1127.9303739909785,0.25297853630715667,1.7666980621899415
ID1290671,1290671,6,2324.087158203125,222.0198760199926,49.46658534907484,0.0,0.42,14,0.5,1,,6925.571428571428,6541.0,5143.0,9373.0,145437.0,1232.0165003533261,0.3064125091237625,2.6369096229489175
ID1290670,1290670,7,19869.82421875,44.62546108065788,47.293862936801055,0.0,0.42,14,0.5,1,,24625.95238095238,17860.0,4200.0,59376.0,517145.0,15751.6631898863,0.7800177204584657,1.3701772658434304
ID1290669,1290669,0,3192.2705078125,35.51344207004754,45.112838594653184,0.0,0.42,14,0.5,1,,8149.809523809524,8440.0,4417.0,12325.0,171146.0,2390.0759740863386,0.36839420908513626,1.835977333298231
ID1290668,1290668,40,3445.1044921875,18.299142272346163,42.4447785084387,0.0,0.42,14,0.5,1,,7201.809523809524,6917.0,3600.0,11390.0,151238.0,2335.606187246635,0.4574475551453725,1.9356212627708471
ID1290707,1290707,40,2756.327392578125,18.51967953129489,42.659064337479116,0.0,0.44999999999999996,15,0.5,1,,6483.238095238095,6031.0,3886.0,9834.0,136148.0,1719.5507525153746,0.41404073124119456,2.2079443134845564
ID1290706,1290706,1,9077.7783203125,177.34205767007498,39.17915714537116,0.0,0.44999999999999996,15,0.5,1,,16657.04761904762,14559.0,4734.0,31523.0,349798.0,6751.902039249314,0.5144630861041913,1.6760903154788418
ID1290705,1290705,2,2752.6494140625,197.9956305531526,38.48519003803047,0.0,0.44999999999999996,15,0.5,1,,7151.047619047619,7246.0,2127.0,11420.0,150172.0,2745.22406146002,0.3335554938096915,1.3031033885954646
ID1290704,1290704,35,12494.3388671875,140.53168197867217,38.088879773583876,0.0,0.44999999999999996,15,0.5,1,,17469.0,12476.0,5567.0,41208.0,366849.0,10172.92105051445,0.6410024417692722,1.3415375186134706
ID1290711,1290711,5,7955.9677734375,161.27804178822464,52.210138830325036,0.0,0.44999999999999996,15,0.5,1,,13792.142857142857,12533.0,4739.0,26543.0,289635.0,6556.31344038488,0.5325411375599904,1.4619854663085368
ID1290710,1290710,6,2547.26416015625,222.0710315667803,49.322927220633716,0.0,0.44999999999999996,15,0.5,1,,7073.142857142857,6640.0,4372.0,10209.0,148536.0,1609.1656311801555,0.30363145895985233,2.047545735330854
ID1290709,1290709,7,20815.837890625,44.398458202931806,47.34774663482061,0.0,0.44999999999999996,15,0.5,1,,24317.52380952381,19542.0,4684.0,65535.0,510668.0,17581.10441530636,0.7822081015804534,1.214135306563193
ID1290708,1290708,0,2895.808837890625,35.467498355669015,45.1564838341287,0.0,0.44999999999999996,15,0.5,1,,7419.666666666667,7699.0,3389.0,11323.0,155813.0,2415.5145276593416,0.35512566692527275,1.6099308693775776
ID1290715,1290715,9,1494.3330078125,120.23864681792031,68.79299344265701,0.0,0.44999999999999996,15,0.5,1,,4891.0,4869.0,3065.0,6593.0,102711.0,1006.28614220807,0.2527859553809003,1.961472536278676
ID1290714,1290714,10,1540.697265625,155.49082798804756,64.63806843480195,0.0,0.44999999999999996,15,0.5,1,,5062.523809523809,4880.0,2799.0,7240.0,106313.0,1210.5450681014574,0.24328894870236767,1.6366899668806807
ID1290713,1290713,11,1805.38330078125,164.01431782166998,63.22602234279892,0.0,0.44999999999999996,15,0.5,1,,5666.0,6103.0,2323.0,8054.0,118986.0,1804.4890966697471,0.244643045533571,1.234355798025095
ID1290712,1290712,4,1704.0950927734375,112.80969929677482,61.58795607242013,0.0,0.44999999999999996,15,0.5,1,,5289.666666666667,5279.0,3223.0,7315.0,111083.0,1222.2900774093414,0.268603934422091,1.8326111759722545
ID1290719,1290719,13,1821.9830322265625,213.1918737301194,93.75068384289618,0.0,0.44999999999999996,15,0.5,1,,6170.190476190476,6080.0,3390.0,8506.0,129574.0,1431.080103245364,0.24849355412701318,1.7163009637482773
ID1290718,1290718,14,4496.40625,68.51309965054915,93.67016468845175,0.0,0.44999999999999996,15,0.5,1,,12637.380952380952,12727.0,8522.0,16363.0,265385.0,2189.6391592267087,0.38254615051133295,3.193880924345743
ID1290717,1290717,15,2144.663818359375,197.53647209665465,75.06383455541545,0.0,0.44999999999999996,15,0.5,1,,6671.857142857143,7197.0,2330.0,9623.0,140109.0,2211.0374100343547,0.2664384331453588,1.2696775271814944
ID1290716,1290716,8,2467.238037109375,130.74869293336042,69.69241504003303,0.0,0.44999999999999996,15,0.5,1,,8548.57142857143,8533.0,5378.0,10842.0,179520.0,1689.3070937940377,0.26301137722239365,2.107570967733263
ID1290699,1290699,22,3508.27392578125,140.2076556845278,24.651437059876613,0.0,0.44999999999999996,15,0.5,1,,8777.904761904761,8852.0,5042.0,12704.0,184336.0,2310.1275918174283,0.3821141403641108,2.101038893692019
ID1290698,1290698,16,2090.6552734375,145.47026461841523,24.144813759723508,0.0,0.44999999999999996,15,0.5,1,,6207.0952380952385,6220.0,3033.0,9073.0,130349.0,1868.0025135090666,0.2861408066633786,1.4785371045248956
ID1290697,1290697,17,1745.4459228515625,109.10155475027376,18.749025214901128,0.0,0.44999999999999996,15,0.5,1,,5259.619047619048,5509.0,2275.0,7516.0,110452.0,1507.7737388676883,0.2817663630602912,1.5336575121939957
ID1290696,1290696,18,4495.8466796875,154.80924467022444,1.306803032253656,0.0,0.44999999999999996,15,0.5,1,,9675.714285714286,9179.0,2982.0,16009.0,203190.0,3729.2473656604916,0.4411332236602658,1.5883912164001428
ID1290703,1290703,3,1484.0733642578125,118.12543288837828,37.646221663397576,0.0,0.44999999999999996,15,0.5,1,,4940.380952380952,4984.0,2875.0,6669.0,103748.0,1127.702685825944,0.2536861827047914,1.772979824741046
ID1290702,1290702,19,5524.9609375,208.3205557817851,33.042076772088876,0.0,0.44999999999999996,15,0.5,1,,11041.380952380952,10373.0,3408.0,19052.0,231869.0,4180.793327541921,0.47623347116057524,1.703960638580261
ID1290701,1290701,20,5566.82861328125,197.14819319451726,30.878906960908076,0.0,0.44999999999999996,15,0.5,1,,10735.047619047618,11063.0,5515.0,19609.0,225436.0,4111.70664659081,0.45141553613083624,1.6240394825768396
ID1290700,1290700,21,1875.6441650390625,138.03240899909554,27.028592269027282,0.0,0.44999999999999996,15,0.5,1,,5740.0952380952385,5864.0,3019.0,8512.0,120542.0,1668.5563791721845,0.25819153281351337,1.4118983988837663
ID1290723,1290723,24,21150.59375,214.39579446948568,113.67292128756573,0.0,0.44999999999999996,15,0.5,1,,23992.571428571428,13684.0,8213.0,65535.0,503844.0,17319.58404111204,0.7848466612872563,1.218297178838312
ID1290722,1290722,25,1909.768310546875,132.25697982463674,113.37172142737187,0.0,0.44999999999999996,15,0.5,1,,5855.619047619048,6144.0,2634.0,8113.0,122968.0,1603.3258706885033,0.26830781649481655,1.5452176715690316
ID1290721,1290721,26,1541.5499267578125,211.32871637028367,110.19542271305953,0.0,0.44999999999999996,15,0.5,1,,5705.333333333333,6267.0,3089.0,7511.0,119812.0,1322.7087106892936,0.21953519855172599,1.5529469751186815
ID1290720,1290720,12,1627.3773193359375,86.11753063263609,106.42348668948452,0.0,0.44999999999999996,15,0.5,1,,4926.476190476191,4914.0,2818.0,6771.0,103456.0,1243.7508841825047,0.28318891046489364,1.7483107431201466
ID1290727,1290727,27,1621.5465087890625,144.93083568839486,155.06085034636345,0.0,0.44999999999999996,15,0.5,1,,5718.9047619047615,5949.0,2926.0,7736.0,120097.0,1520.681982031809,0.22680885438438259,1.3905530527860528
ID1290726,1290726,28,4163.97119140625,27.14957634090425,145.14096212223555,0.0,0.44999999999999996,15,0.5,1,,9397.809523809523,9506.0,3095.0,16062.0,197354.0,3688.666298529153,0.3826093200761523,1.410078630827498
ID1290725,1290725,29,12682.626953125,28.407783575145064,137.9639988375173,0.0,0.44999999999999996,15,0.5,1,,16843.95238095238,13443.0,4344.0,41481.0,353723.0,10564.702695656848,0.6505530572973506,1.2568109432325314
ID1290724,1290724,23,1501.53076171875,192.55330502852354,135.41052565860048,0.0,0.44999999999999996,15,0.5,1,,7730.9047619047615,7963.0,5969.0,8950.0,162349.0,811.9143984904999,0.17316091446377138,2.810880358609228
ID1290731,1290731,31,16475.92578125,119.67322013164501,175.40532280541817,0.0,0.44999999999999996,15,0.5,1,,24009.47619047619,19274.0,11798.0,53469.0,504199.0,11609.632869385008,0.7345544175475737,1.751581058709108
ID1290730,1290730,32,18272.888671875,110.94774254017503,175.47935311988306,0.0,0.44999999999999996,15,0.5,1,,36099.42857142857,35822.0,13017.0,62357.0,758088.0,13591.310954324561,0.492862264656724,1.7537787440625643
ID1290729,1290729,33,22332.802734375,215.34126315154708,168.84410473209496,0.0,0.44999999999999996,15,0.5,1,,25950.52380952381,17275.0,7623.0,65535.0,544961.0,18302.390796338732,0.8080931492179777,1.2673860546566205
ID1290728,1290728,42,1755.3736572265625,54.16102014692581,165.14802172329695,0.0,0.44999999999999996,15,0.5,1,,5613.0,5559.0,3554.0,7589.0,117873.0,1314.782947866301,0.27162433264672825,1.8238151449431645
ID1290732,1290732,30,8642.9423828125,97.40746208608091,216.73280198979808,0.0,0.44999999999999996,15,0.5,1,,16381.809523809523,16932.0,6094.0,28620.0,344018.0,6233.5859231990025,0.5081135743222028,1.7708454739453448
ID1290770,1290770,30,5334.1064453125,97.5146132374625,216.674256613166,0.0,0.48,16,0.5,1,,12748.761904761905,12133.0,7510.0,18677.0,267724.0,3577.353587566679,0.42359200588298856,2.12079334863741
ID1290769,1290769,32,19002.408203125,110.87676197612319,175.48100039168884,0.0,0.48,16,0.5,1,,39990.23809523809,38498.0,28666.0,61355.0,839795.0,10255.663683569006,0.5212061218466788,2.672032022983823
ID1290768,1290768,31,19828.3828125,119.71177348904195,175.30949779886063,0.0,0.48,16,0.5,1,,24648.285714285714,20820.0,4964.0,62457.0,517614.0,17981.970351279244,0.7634186811686108,1.186825267198767
ID1290755,1290755,15,2114.643310546875,197.70593250265915,74.97636562937753,0.0,0.48,16,0.5,1,,6753.761904761905,6490.0,3378.0,9887.0,141829.0,1911.3342173665467,0.2573296376713037,1.4463711902129388
ID1290754,1290754,8,2478.72265625,130.7531253282186,69.68375153888485,0.0,0.48,16,0.5,1,,8546.857142857143,8493.0,5286.0,10979.0,179484.0,1658.6063211538258,0.26401042359475296,2.15260102631781
ID1290753,1290753,9,1460.357666015625,120.24269037897767,68.78999947448459,0.0,0.48,16,0.5,1,,4895.666666666667,4755.0,3039.0,6578.0,102809.0,930.4286288229384,0.2561262504719426,2.1457522225764882
ID1290752,1290752,10,1510.4200439453125,155.4964265619845,64.63147146192739,0.0,0.48,16,0.5,1,,5019.238095238095,4776.0,2889.0,7110.0,105404.0,1184.374472232575,0.23833820960224478,1.63129743835539
ID1290759,1290759,26,1564.593994140625,211.3657872011666,110.1894847732474,0.0,0.48,16,0.5,1,,5698.9047619047615,6097.0,3172.0,7731.0,119677.0,1317.3367035333793,0.22145487989276977,1.5686730247747056
ID1290758,1290758,12,1557.3778076171875,86.15214477583648,106.44454919179587,0.0,0.48,16,0.5,1,,4939.476190476191,5108.0,2767.0,6709.0,103729.0,1209.2971768365137,0.2763738915176649,1.7688742291821369
ID1290757,1290757,13,1866.3912353515625,213.1851079015813,93.74186215804681,0.0,0.48,16,0.5,1,,6227.714285714285,6011.0,3377.0,8787.0,130782.0,1448.4738914753395,0.2552108116954952,1.748358146269469
ID1290756,1290756,14,6327.4990234375,68.21590531370465,93.72395600140072,0.0,0.48,16,0.5,1,,15408.190476190477,15725.0,8504.0,21055.0,323572.0,3622.702121608229,0.43439761910080954,2.5761247456113328
ID1290763,1290763,29,11805.251953125,28.455396304951307,138.471321471896,0.0,0.48,16,0.5,1,,15946.904761904761,14533.0,5793.0,39475.0,334885.0,9702.261024651738,0.6278135235889842,1.267825422517833
ID1290762,1290762,23,1565.159423828125,192.55427500921508,135.48016303880485,0.0,0.48,16,0.5,1,,7272.285714285715,7512.0,4099.0,8711.0,152718.0,1341.8554371785788,0.191345747316293,1.7409094955059319
ID1290761,1290761,24,17850.759765625,214.4072492448901,113.51653290134675,0.0,0.48,16,0.5,1,,22647.333333333332,16914.0,7378.0,57369.0,475594.0,14189.955480315411,0.7445840642425258,1.3623474118452494
ID1290760,1290760,25,1874.5616455078125,132.26036390884764,113.36968103277141,0.0,0.48,16,0.5,1,,5796.809523809524,6127.0,2524.0,8143.0,121733.0,1605.4392115258559,0.2649802238054724,1.5127072432106294
ID1290767,1290767,33,24297.20703125,215.21342697104808,168.77195676837871,0.0,0.48,16,0.5,1,,26831.47619047619,21828.0,5142.0,65535.0,563461.0,21950.40169021753,0.8396672268475799,1.115835107152994
ID1290766,1290766,42,2022.759765625,53.611027318678495,165.2887384865681,0.0,0.48,16,0.5,1,,6117.0952380952385,6452.0,2526.0,8744.0,128459.0,1826.6803470985806,0.2844024096480646,1.4830126021994956
ID1290765,1290765,27,1640.844482421875,144.94354895911084,155.05017143934282,0.0,0.48,16,0.5,1,,5702.809523809524,6034.0,2797.0,7832.0,119759.0,1506.0339179131265,0.22473759805843688,1.389686355714696
ID1290764,1290764,28,2193.18310546875,27.320461945071756,145.49762021663454,0.0,0.48,16,0.5,1,,6794.857142857143,7157.0,3615.0,9173.0,142692.0,1544.9160911102676,0.2949317009773789,2.003456983936554
ID1290739,1290739,19,5518.22607421875,208.32557581058646,33.04290134363893,0.0,0.48,16,0.5,1,,10980.57142857143,10572.0,3333.0,18945.0,230592.0,4217.194927572457,0.4772660660660661,1.682414863534791
ID1290738,1290738,20,7820.373046875,197.21849296867597,30.6985178884433,0.0,0.48,16,0.5,1,,14384.047619047618,12434.0,7347.0,25187.0,302065.0,5248.184976505597,0.5562567930071369,1.959277908122061
ID1290737,1290737,21,1811.8638916015625,138.02749717357165,27.022680376343505,0.0,0.48,16,0.5,1,,5668.9047619047615,6087.0,3092.0,8291.0,119047.0,1607.8160001928675,0.25560474390689597,1.4355184290179983
ID1290736,1290736,22,3833.89453125,140.6916059462077,24.296181038345768,0.0,0.48,16,0.5,1,,9073.095238095239,8344.0,5195.0,13927.0,190535.0,2520.4037356098706,0.3928140419266011,2.0305291015582947
ID1290743,1290743,1,7815.68212890625,177.6837583533738,39.550943221159656,0.0,0.48,16,0.5,1,,14597.666666666666,13969.0,2965.0,28144.0,306551.0,6742.340938675034,0.47231948175696203,1.389109652327001
ID1290742,1290742,2,2721.17578125,198.01879770714703,38.4721537461663,0.0,0.48,16,0.5,1,,7127.380952380952,7324.0,2089.0,11209.0,149675.0,2725.102869181097,0.3325813282222914,1.305513016923106
ID1290741,1290741,35,12374.6318359375,140.444243991659,37.99348478506536,0.0,0.48,16,0.5,1,,18043.333333333332,14423.0,5718.0,40831.0,378910.0,10723.275867631743,0.6443910599117023,1.3187536927785812
ID1290740,1290740,3,1474.5960693359375,118.11481377046466,37.65244740273851,0.0,0.48,16,0.5,1,,4947.523809523809,5023.0,2786.0,6611.0,103898.0,1126.5439458382268,0.25499203655001823,1.7846596230548164
ID1290747,1290747,,1487.9775390625,223.161,48.618,0.0,0.48,16,0.5,1,,7049.619047619048,7316.0,4878.0,9291.0,148042.0,1201.54510844123,0.19241738919946458,1.8935273468466216
ID1290746,1290746,7,15794.732421875,44.50870889080712,47.73380811774639,0.0,0.48,16,0.5,1,,19529.14285714286,13342.0,8062.0,52636.0,410112.0,13082.442815795965,0.7060393309280698,1.2355609913708714
ID1290745,1290745,0,2123.52734375,35.339628884685744,45.50402539927901,0.0,0.48,16,0.5,1,,6078.190476190476,5865.0,2987.0,8850.0,127642.0,1811.8826291746277,0.30438340577896866,1.5656329290278883
ID1290744,1290744,40,1992.788818359375,19.012054766527232,42.98528474402507,0.0,0.48,16,0.5,1,,5461.380952380952,5306.0,3376.0,7582.0,114689.0,1096.0277129794881,0.35202302500191957,2.5947643022901588
ID1290751,1290751,11,1814.44384765625,164.00462254176017,63.220342369133306,0.0,0.48,16,0.5,1,,5688.285714285715,5863.0,2180.0,8079.0,119454.0,1817.1297186182703,0.2508007718492038,1.255353954134969
ID1290750,1290750,4,1707.4798583984375,112.81395988275911,61.58927548662598,0.0,0.48,16,0.5,1,,5302.952380952381,5365.0,3301.0,7489.0,111362.0,1206.9597953614891,0.2715500268251829,1.8765982971814605
ID1290749,1290749,5,5169.45849609375,161.12745350355746,52.0189059735865,0.0,0.48,16,0.5,1,,11141.619047619048,10974.0,5577.0,17294.0,233974.0,3517.7448951876895,0.4590054842269963,1.9928513694724692
ID1290748,1290748,6,3943.72509765625,222.31885322749483,49.026495389592796,0.0,0.48,16,0.5,1,,9133.52380952381,8990.0,5885.0,14781.0,191804.0,2668.034700281232,0.36990896189609,1.8487578609053896
ID1290735,1290735,16,2035.565673828125,145.525706736335,24.113172214073412,0.0,0.48,16,0.5,1,,5941.9047619047615,6203.0,2286.0,8754.0,124780.0,1965.082336818534,0.2792501977902796,1.3201185290840978
ID1290734,1290734,17,1758.14013671875,109.09218888840316,18.751302675011612,0.0,0.48,16,0.5,1,,5219.761904761905,5529.0,2326.0,7563.0,109615.0,1534.5531891974908,0.2815564866996098,1.4946053317614552
ID1290733,1290733,18,4420.25634765625,154.77638355693873,0.9497927321075045,0.0,0.48,16,0.5,1,,9695.47619047619,9448.0,4005.0,15946.0,203605.0,3646.6073632768257,0.4234184651943425,1.5817845653458389
ID1290771,1290771,18,6352.0,154.58082416467292,0.9159569927187183,0.0,0.51,17,0.5,1,,11956.0,11023.0,3860.0,22059.0,251076.0,4930.683431330793,0.4795367248013105,1.5718275809961175
ID1290775,1290775,21,1798.029296875,138.0360984037614,27.028422634732365,0.0,0.51,17,0.5,1,,5614.285714285715,5925.0,2953.0,8147.0,117900.0,1601.0213035077684,0.25428341060270104,1.421836781594433
ID1290774,1290774,22,7299.44677734375,140.57472427833306,24.38125191971446,0.0,0.51,17,0.5,1,,13070.380952380952,12549.0,5228.0,23670.0,274478.0,5350.793861439538,0.5286619424231864,1.689532752111029
ID1290773,1290773,16,2055.242431640625,145.4873301406553,24.136940535376674,0.0,0.51,17,0.5,1,,6181.761904761905,6247.0,3236.0,8980.0,129817.0,1840.0478500506965,0.28272647952590785,1.4809676706891264
ID1290772,1290772,17,1767.88671875,109.09789543019814,18.75668149380526,0.0,0.51,17,0.5,1,,5271.666666666667,5722.0,2320.0,7454.0,110705.0,1510.6178647604208,0.2848947311875661,1.5475339665144952
ID1290779,1290779,35,11190.671875,140.73852463509547,37.94741149575212,0.0,0.51,17,0.5,1,,16838.666666666668,16173.0,6968.0,35715.0,353612.0,8768.25698376441,0.6213388109738909,1.471902791366833
ID1290778,1290778,3,1473.013671875,118.07698324129966,37.680931084489046,0.0,0.51,17,0.5,1,,4960.476190476191,4994.0,2802.0,6557.0,104170.0,1088.1044811527804,0.2579387630112057,1.8695620294660893
ID1290777,1290777,19,5451.15283203125,208.32292388667963,33.0404000381712,0.0,0.51,17,0.5,1,,10962.333333333334,10591.0,3397.0,18729.0,230209.0,4139.389113544816,0.4745384641251836,1.704559088259037
ID1290776,1290776,20,11528.29296875,197.08591553844408,30.608058723446955,0.0,0.51,17,0.5,1,,16928.571428571428,14152.0,5706.0,37201.0,355500.0,8877.959757576222,0.634613883727152,1.4805787766468852
ID1290783,1290783,0,1458.3192138671875,35.257825207354415,45.650380611066566,0.0,0.51,17,0.5,1,,4903.380952380952,5181.0,2826.0,6599.0,102971.0,1143.2922406887258,0.254201005774908,1.738515212159222
ID1290782,1290782,40,1514.1556396484375,19.155815941318433,43.10238436224857,0.0,0.51,17,0.5,1,,4977.190476190476,4860.0,3824.0,6209.0,104521.0,716.4380377288477,0.31085935706042334,3.2949093244833274
ID1290781,1290781,1,14312.5888671875,177.58253313950974,39.59505200869426,0.0,0.51,17,0.5,1,,21774.52380952381,19255.0,4283.0,45918.0,457265.0,10607.673909104897,0.6472700514693978,1.6131665630735192
ID1290780,1290780,2,2676.143798828125,198.0024180086282,38.480937136966155,0.0,0.51,17,0.5,1,,7065.571428571428,7048.0,2094.0,10773.0,148377.0,2671.3229600972727,0.3305510895705504,1.3141893034238514
ID1290803,1290803,42,2499.37744140625,53.378393598236876,165.09469843194088,0.0,0.51,17,0.5,1,,7037.857142857143,7309.0,2885.0,10346.0,147795.0,2182.8040288975617,0.3026464409143721,1.4981824655400535
ID1290802,1290802,27,1619.5389404296875,144.93938197053924,155.06992102260162,0.0,0.51,17,0.5,1,,5708.238095238095,5947.0,2695.0,7790.0,119873.0,1492.7732883717442,0.22522731402102766,1.4058617262433086
ID1290801,1290801,28,2214.6318359375,27.30416624457679,146.05780713293228,0.0,0.51,17,0.5,1,,6280.142857142857,6497.0,2590.0,8943.0,131883.0,1900.1236613892868,0.3023958211515222,1.5347952405094667
ID1290800,1290800,29,9611.7998046875,28.7687642379546,138.63509621774045,0.0,0.51,17,0.5,1,,14525.238095238095,11776.0,5248.0,31394.0,305030.0,7363.6465959792085,0.5901982630610397,1.4642221446253139
ID1290807,1290807,30,5550.43017578125,97.90294950875467,216.80028170200697,0.0,0.51,17,0.5,1,,12720.142857142857,13425.0,6342.0,19074.0,267123.0,3777.41812996277,0.4282309372058756,2.0193264190319034
ID1290806,1290806,32,20249.267578125,110.75315605673966,175.5038117792879,0.0,0.51,17,0.5,1,,39746.90476190476,41374.0,18548.0,65535.0,834685.0,13668.212461418509,0.5203188956699282,1.9904739283336357
ID1290805,1290805,31,22251.767578125,119.98853108512364,174.9886470050659,0.0,0.51,17,0.5,1,,26524.761904761905,21286.0,7001.0,65535.0,557020.0,17099.050499676177,0.8080956399218753,1.3865989262448024
ID1290804,1290804,33,25147.9765625,215.0601476617798,168.80072224498844,0.0,0.51,17,0.5,1,,26185.666666666668,14701.0,4930.0,65535.0,549899.0,22256.62235680278,0.8454173370872248,1.0779805558868913
ID1290787,1290787,4,1693.5037841796875,112.8203876665535,61.588947509411774,0.0,0.51,17,0.5,1,,5328.428571428572,5431.0,3384.0,7261.0,111897.0,1172.624729887127,0.2728173603148992,1.9479419365800987
ID1290786,1290786,5,8051.1748046875,161.21735614845295,51.85629255858876,0.0,0.51,17,0.5,1,,13768.952380952382,13128.0,6341.0,26499.0,289148.0,5799.074507852012,0.5417324190290921,1.6685838130782509
ID1290785,1290785,6,6117.34130859375,222.25843982913818,49.1176414750939,0.0,0.51,17,0.5,1,,12733.238095238095,12448.0,6599.0,20989.0,267398.0,3971.827638565927,0.454197141559305,2.0026247169610722
ID1290784,1290784,7,14067.9853515625,44.55587112741585,47.51180282930087,0.0,0.51,17,0.5,1,,18305.619047619046,13327.0,6728.0,46841.0,384418.0,12195.101575945117,0.6779288349443859,1.212940683189542
ID1290791,1290791,8,2405.07177734375,130.7561632073882,69.69101326067604,0.0,0.51,17,0.5,1,,8447.666666666666,8360.0,5258.0,10518.0,177401.0,1638.7815392337484,0.2580272334338652,2.114565804255435
ID1290790,1290790,9,1455.356689453125,120.24208638909005,68.78895701201887,0.0,0.51,17,0.5,1,,4901.190476190476,4900.0,3003.0,6558.0,102925.0,966.8050278648544,0.2528469061217691,2.0462199536936088
ID1290789,1290789,10,1471.2275390625,155.4966629892196,64.63545702114378,0.0,0.51,17,0.5,1,,4998.238095238095,4814.0,2768.0,6810.0,104963.0,1173.6454279194338,0.23520816181294615,1.621893225705111
ID1290788,1290788,11,1793.5997314453125,163.99572103209022,63.227636742906995,0.0,0.51,17,0.5,1,,5649.333333333333,6025.0,2247.0,8104.0,118636.0,1788.6829884955391,0.24647916628360791,1.249076425926738
ID1290795,1290795,12,1561.98974609375,86.14773466968796,106.43405546823709,0.0,0.51,17,0.5,1,,4933.476190476191,4946.0,2798.0,6817.0,103603.0,1197.0554965851675,0.2742191070367431,1.7738722765608779
ID1290794,1290794,13,1840.0513916015625,213.27107544295018,93.72508383564639,0.0,0.51,17,0.5,1,,6168.0,6630.0,2646.0,8449.0,129528.0,1730.4517907182505,0.25181389213049876,1.4340185686247955
ID1290793,1290793,14,7960.47314453125,67.98392643720699,93.47104260944737,0.0,0.51,17,0.5,1,,17114.14285714286,16111.0,8813.0,26936.0,359397.0,5177.593188786796,0.4532080360291599,2.0617074269074314
ID1290792,1290792,15,2124.94970703125,197.70858168950159,74.97846159430108,0.0,0.51,17,0.5,1,,6770.619047619048,6462.0,3590.0,9751.0,142183.0,1894.2856826833292,0.2599167696979392,1.4747056423422007
ID1290799,1290799,23,1683.4180908203125,192.64917017774326,135.3438451021491,0.0,0.51,17,0.5,1,,8095.571428571428,8378.0,5445.0,9585.0,170007.0,1231.2167384919915,0.1912669529001016,2.1114161471193715
ID1290798,1290798,24,13963.2431640625,214.85858457052953,113.67894134100203,0.0,0.51,17,0.5,1,,20208.95238095238,18098.0,9344.0,41745.0,424388.0,9773.182329600684,0.6924764413079324,1.69207716985441
ID1290797,1290797,25,1913.189697265625,132.2628367803002,113.37472781596631,0.0,0.51,17,0.5,1,,5851.047619047619,6121.0,2616.0,8343.0,122872.0,1609.731389896789,0.26971215574609597,1.5442067918690383
ID1290796,1290796,26,1520.010009765625,211.32462860743362,110.19952450835423,0.0,0.51,17,0.5,1,,5663.0952380952385,5871.0,3110.0,7648.0,118925.0,1285.6212468982421,0.2214051787995802,1.5969776486997342
ID1290843,1290843,18,10971.8984375,154.52455390435483,0.9797470459699329,0.0,0.54,18,0.5,1,,18052.47619047619,17397.0,6972.0,34820.0,379102.0,8568.587506812588,0.5975352544638234,1.5760522920741464
ID1290847,1290847,21,1861.113525390625,138.05679837548738,27.007155429152967,0.0,0.54,18,0.5,1,,5741.0952380952385,5978.0,3034.0,8266.0,120563.0,1590.3668729183812,0.2608781119059,1.4937983076816255
ID1290846,1290846,22,2862.963134765625,140.38009320018142,24.522177096539686,0.0,0.54,18,0.5,1,,7593.380952380952,7476.0,5184.0,10806.0,159461.0,1643.1677782926026,0.34687210471007635,2.380270375082432
ID1290845,1290845,16,2033.5272216796875,145.49689587603578,24.132239000205193,0.0,0.54,18,0.5,1,,6173.9047619047615,6290.0,3118.0,8825.0,129652.0,1794.6053857258398,0.2797842944598822,1.5042066712576458
ID1290844,1290844,17,1709.0963134765625,109.09306361664251,18.751311736049786,0.0,0.54,18,0.5,1,,5176.714285714285,5510.0,2204.0,7538.0,108711.0,1505.874335489424,0.2760778153865401,1.4874754652695124
ID1290867,1290867,24,20496.525390625,215.0432802233905,113.59190258273675,0.0,0.54,18,0.5,1,,23530.761904761905,15958.0,6689.0,65535.0,494146.0,17829.797735545857,0.7732652347080876,1.1509974304157655
ID1290866,1290866,25,1905.7745361328125,132.25069092297662,113.38286379537834,0.0,0.54,18,0.5,1,,5845.0,6192.0,2698.0,8195.0,122745.0,1556.1868139783219,0.2695935740079425,1.5951355743867657
ID1290865,1290865,26,1507.8955078125,211.31738346977994,110.2021229097811,0.0,0.54,18,0.5,1,,5626.142857142857,6039.0,3166.0,7621.0,118149.0,1291.139507788151,0.2145165400390514,1.5393058880378103
ID1290864,1290864,12,1583.5980224609375,86.20807112325323,106.40432818584235,0.0,0.54,18,0.5,1,,4819.238095238095,5336.0,2034.0,6548.0,101204.0,1402.8822083397417,0.2862717921068792,1.5290897691395522
ID1290871,1290871,27,1617.67529296875,144.93775170950815,155.0719993341892,0.0,0.54,18,0.5,1,,5700.142857142857,5924.0,2782.0,7652.0,119703.0,1449.9308357888758,0.2246228475038697,1.4421818325125373
ID1290870,1290870,28,3268.239013671875,27.456592982800114,145.60182247702863,0.0,0.54,18,0.5,1,,8687.190476190477,8619.0,4851.0,12639.0,182431.0,2488.403416229925,0.3558313705295649,1.8324287876305199
ID1290869,1290869,29,11333.5673828125,28.95090751758158,138.61798451962196,0.0,0.54,18,0.5,1,,15921.57142857143,11942.0,6098.0,37025.0,334353.0,8595.573573482043,0.6263190131042096,1.4266942786611427
ID1290868,1290868,23,1515.1514892578125,192.64164445337283,135.23878602586146,0.0,0.54,18,0.5,1,,8085.714285714285,8002.0,5676.0,10376.0,169800.0,1394.189949140975,0.1778743305898613,1.7516234901609655
ID1290875,1290875,32,22168.06640625,110.668816047702,175.51473496394098,0.0,0.54,18,0.5,1,,45384.09523809524,44194.0,25285.0,65535.0,953066.0,12288.408033202519,0.5505062369743393,2.6225681354559947
ID1290874,1290874,31,21407.6328125,119.69140490367597,174.93895418009194,0.0,0.54,18,0.5,1,,26239.761904761905,21793.0,5455.0,65535.0,551035.0,18192.20712806657,0.7866843133697113,1.2701562791487402
ID1290873,1290873,33,22709.15625,214.8290164057267,169.07093077998567,0.0,0.54,18,0.5,1,,25928.238095238095,19249.0,6565.0,65535.0,544493.0,18159.723362168163,0.8225132786500386,1.2887420229269222
ID1290872,1290872,42,2294.05029296875,53.41891662971085,165.16757170135753,0.0,0.54,18,0.5,1,,7206.714285714285,7223.0,4249.0,10217.0,151341.0,1690.1079297742242,0.2832764824980762,1.8825353776961702
ID1290876,1290876,30,5574.17333984375,97.96411977233787,216.69562719898548,0.0,0.54,18,0.5,1,,13290.57142857143,12150.0,7765.0,19306.0,279102.0,3711.5182819356905,0.4359142657367368,2.174175598293019
ID1290851,1290851,2,2653.324951171875,197.99988926020166,38.490402727824595,0.0,0.54,18,0.5,1,,7076.380952380952,7252.0,2275.0,10747.0,148604.0,2576.6393514846127,0.32829070972479013,1.3575412128438797
ID1290850,1290850,35,12187.771484375,140.52642258893457,38.113266113022426,0.0,0.54,18,0.5,1,,17867.0,16414.0,6975.0,37890.0,375207.0,8989.801204698579,0.6491590502371614,1.564660499361608
ID1290849,1290849,19,5478.71337890625,208.31542685870764,33.03749918371496,0.0,0.54,18,0.5,1,,10997.857142857143,10607.0,3308.0,18764.0,230955.0,4127.361969657063,0.4731754665471513,1.7117220802246151
ID1290848,1290848,20,10559.591796875,197.0727425806047,30.591131381553872,0.0,0.54,18,0.5,1,,16970.85714285714,15080.0,7328.0,30698.0,356388.0,7129.379547237714,0.6301167199115727,1.8402818340982163
ID1290855,1290855,5,7236.93505859375,161.10840163459983,51.616904420493405,0.0,0.54,18,0.5,1,,13086.761904761905,12032.0,5635.0,23822.0,274822.0,5411.627369883868,0.5292740710433746,1.673900371091337
ID1290854,1290854,6,6115.46630859375,222.28834659374832,48.852711737845354,0.0,0.54,18,0.5,1,,11706.666666666666,11592.0,6386.0,22848.0,245840.0,4464.524614483981,0.4338756011705786,1.5868715719470416
ID1290853,1290853,7,17946.994140625,44.46671659378063,47.604691446846715,0.0,0.54,18,0.5,1,,21855.714285714286,14677.0,6596.0,57596.0,458970.0,15416.93728385394,0.7442376614646644,1.2097701887490047
ID1290852,1290852,1,20022.234375,177.49494562419503,39.801723985879065,0.0,0.54,18,0.5,1,,26702.238095238095,23226.0,7952.0,63476.0,560747.0,16258.927369001814,0.7541606278790124,1.4121481626642602
ID1290859,1290859,9,1466.4869384765625,120.22799819895677,68.80032998196904,0.0,0.54,18,0.5,1,,4887.0952380952385,4811.0,3053.0,6567.0,102629.0,961.5347578097167,0.2534518400050654,2.0554343333221734
ID1290858,1290858,10,1468.5904541015625,155.50131561546297,64.63218824548723,0.0,0.54,18,0.5,1,,4973.523809523809,4819.0,2730.0,6872.0,104444.0,1162.4519611170012,0.23232286223589513,1.6131941055242685
ID1290857,1290857,11,1749.4356689453125,163.99594103955823,63.22016753591255,0.0,0.54,18,0.5,1,,5658.714285714285,5976.0,2406.0,8077.0,118833.0,1760.6752438441663,0.24541430194606065,1.2666438652090157
ID1290856,1290856,4,1691.9857177734375,112.81163178289938,61.58836119453015,0.0,0.54,18,0.5,1,,5285.952380952381,5262.0,3334.0,7331.0,111005.0,1161.5207908681823,0.26865451684425423,1.9274229718808877
ID1290863,1290863,13,1847.1953125,213.2341863798229,93.73575976636472,0.0,0.54,18,0.5,1,,6169.666666666667,6692.0,2735.0,8432.0,129563.0,1676.4447600005597,0.254150458754858,1.4915702249076574
ID1290862,1290862,14,9139.099609375,68.0733626345556,93.07054390162762,0.0,0.54,18,0.5,1,,17846.238095238095,15713.0,10835.0,29922.0,374771.0,5618.911566351279,0.48925783759654223,2.086855501786279
ID1290861,1290861,15,2125.09765625,197.54041425741073,75.06629441539393,0.0,0.54,18,0.5,1,,6676.142857142857,7255.0,2325.0,9740.0,140199.0,2196.6583549954753,0.2661060811062513,1.277549701428054
ID1290860,1290860,8,2443.467041015625,130.75169690468817,69.69069797177976,0.0,0.54,18,0.5,1,,8528.57142857143,8475.0,5212.0,10622.0,179100.0,1638.790211449549,0.26208552874240404,2.161410118033249
ID1290835,1290835,28,4584.73828125,27.588218789134977,145.31675568199464,0.0,0.57,19,0.5,1,,10414.190476190477,10506.0,3725.0,16382.0,218698.0,3722.7562855906594,0.41733247389164474,1.6474086757288784
ID1290834,1290834,29,7083.54345703125,29.230448457583503,138.779873605536,0.0,0.57,19,0.5,1,,12034.380952380952,11062.0,5441.0,22975.0,252722.0,5388.188262080218,0.5372434872409221,1.5611315004085748
ID1290833,1290833,23,1596.737060546875,192.609853866567,135.2936434698492,0.0,0.57,19,0.5,1,,8441.142857142857,8456.0,6067.0,9927.0,177264.0,1107.4278435055842,0.16960564283424176,2.2106330048591007
ID1290832,1290832,24,23014.314453125,214.85784380344023,113.62074635210139,0.0,0.57,19,0.5,1,,24645.285714285714,13739.0,5517.0,65535.0,517551.0,20226.03417168788,0.8046771907565036,1.0866139546134037
ID1290839,1290839,33,24887.486328125,214.40139453258584,169.24540462572628,0.0,0.57,19,0.5,1,,25678.85714285714,10939.0,5209.0,65535.0,539256.0,21827.297657487776,0.8458646525108263,1.0782184013003069
ID1290838,1290838,42,1707.8970947265625,53.9110196862821,165.68070346373776,0.0,0.57,19,0.5,1,,5248.428571428572,5488.0,2442.0,7801.0,110217.0,1485.8019912299408,0.26786013490656213,1.4925713026525564
ID1290837,1290837,27,1698.6942138671875,144.9583001456406,155.0524366678149,0.0,0.57,19,0.5,1,,5758.619047619048,5822.0,2678.0,7875.0,120931.0,1521.9293175502755,0.2290245236417321,1.4101824376719594
ID1290836,1290836,44,2059.309814453125,65.64322384641119,147.33587865127248,0.0,0.57,19,0.5,1,,5927.333333333333,5635.0,4077.0,8152.0,124474.0,1189.904505972363,0.32472033908273573,2.4420948357937378
ID1290842,1290842,30,4135.10986328125,98.10292486382288,216.98286996428828,0.0,0.57,19,0.5,1,,10681.380952380952,11571.0,5066.0,15347.0,224309.0,2978.69886823409,0.37349499029367766,1.950241981796519
ID1290841,1290841,32,22757.865234375,110.61614348348442,175.51202658511025,0.0,0.57,19,0.5,1,,45158.0,45051.0,24726.0,65535.0,948318.0,13160.033218043183,0.5531092432411395,2.44408677584458
ID1290840,1290840,31,16322.146484375,119.4980778814692,175.20117315400057,0.0,0.57,19,0.5,1,,22947.04761904762,19833.0,6915.0,50029.0,481888.0,11972.898635986987,0.7081977426978119,1.589182966038494
ID1290819,1290819,7,14568.2734375,44.56707469656947,47.27126326748483,0.0,0.57,19,0.5,1,,18712.95238095238,14922.0,2625.0,46773.0,392972.0,13385.219252878118,0.6898002611433246,1.1413919368586916
ID1290818,1290818,0,1605.143310546875,35.0655429225119,45.988493159239624,0.0,0.57,19,0.5,1,,4891.714285714285,4418.0,2531.0,7405.0,102726.0,1363.571015490471,0.25443112140191687,1.455247056606847
ID1290817,1290817,1,25523.611328125,177.63557813172963,39.660094597847596,0.0,0.57,19,0.5,1,,27317.85714285714,14301.0,7067.0,65535.0,573675.0,21966.909969965538,0.8382375959817335,1.1341569190384364
ID1290816,1290816,2,2671.099609375,198.03304713692776,38.47220958439306,0.0,0.57,19,0.5,1,,7065.714285714285,7332.0,2210.0,11136.0,148380.0,2675.793623261277,0.32734520894433267,1.3024334921745984
ID1290823,1290823,11,1821.9327392578125,163.9992380724449,63.22234541685946,0.0,0.57,19,0.5,1,,5678.714285714285,6039.0,2265.0,8233.0,119253.0,1807.983687505425,0.2511040580968125,1.2607988529717615
ID1290822,1290822,4,1692.779296875,112.81865414254892,61.587318446270324,0.0,0.57,19,0.5,1,,5278.571428571428,5136.0,3300.0,7244.0,110850.0,1185.1087111074903,0.26869990562231666,1.886673781804467
ID1290821,1290821,5,4832.6357421875,160.9152741246215,51.676112391601954,0.0,0.57,19,0.5,1,,10290.857142857143,9583.0,6560.0,16742.0,216108.0,3016.5528055334003,0.4397243169723675,2.0838754386201903
ID1290820,1290820,6,4784.68115234375,222.320495144748,48.44863635962875,0.0,0.57,19,0.5,1,,10414.047619047618,9633.0,6135.0,17457.0,218695.0,3280.3738883881892,0.3859408986240921,1.768081587348877
ID1290827,1290827,14,14152.0576171875,68.07598160838408,92.80443691176639,0.0,0.57,19,0.5,1,,24049.85714285714,21064.0,14283.0,45056.0,505047.0,9777.991298245845,0.5512263206404069,1.748024968624909
ID1290826,1290826,15,2140.25146484375,197.7203768480294,74.96845584817527,0.0,0.57,19,0.5,1,,6749.761904761905,6354.0,3567.0,9820.0,141745.0,1940.9012315097823,0.25881283323915955,1.4300119242043543
ID1290825,1290825,8,2464.9072265625,130.74213856523306,69.70073089882294,0.0,0.57,19,0.5,1,,8534.238095238095,8393.0,5296.0,10839.0,179219.0,1672.1270557216012,0.26372545535804,2.130221648495282
ID1290824,1290824,10,1533.3394775390625,155.5026135674389,64.6296798355029,0.0,0.57,19,0.5,1,,5032.619047619048,4864.0,2767.0,7087.0,105685.0,1234.4506663366699,0.2399852104462416,1.5780410166102776
ID1290831,1290831,25,1898.6156005859375,132.26880681790698,113.36249600076228,0.0,0.57,19,0.5,1,,5837.285714285715,5980.0,2745.0,8154.0,122583.0,1597.6978169496617,0.26940958259456643,1.550806353070266
ID1290830,1290830,26,1476.3558349609375,211.27528925897312,110.21907484841803,0.0,0.57,19,0.5,1,,5639.571428571428,5853.0,2964.0,7486.0,118431.0,1273.2334260232321,0.21659194716217264,1.5771225226577696
ID1290829,1290829,12,1500.6314697265625,86.10204619276855,106.54672611145668,0.0,0.57,19,0.5,1,,4595.666666666667,4794.0,2123.0,6450.0,96509.0,1303.0261829039864,0.2688232459125179,1.494483305663915
ID1290828,1290828,13,1835.0958251953125,213.1833955975822,93.75138902780215,0.0,0.57,19,0.5,1,,6187.952380952381,6203.0,3392.0,8468.0,129947.0,1404.5119250540554,0.25028850337092073,1.763933431004345
ID1290811,1290811,21,1824.658447265625,138.04612786184356,27.021331051129145,0.0,0.57,19,0.5,1,,5697.809523809524,6024.0,3165.0,8271.0,119654.0,1600.5540796564053,0.25211099236124096,1.4335621416980824
ID1290810,1290810,16,2095.9521484375,145.4962598542492,24.13787455761167,0.0,0.57,19,0.5,1,,6227.523809523809,6418.0,2924.0,9138.0,130778.0,1856.1268981146634,0.2834443747857241,1.4819328308129793
ID1290809,1290809,17,1690.3912353515625,109.11179773431631,18.754068406756566,0.0,0.57,19,0.5,1,,5175.476190476191,5432.0,2395.0,7365.0,108685.0,1462.4395925660526,0.277645906566712,1.5380949331188878
ID1290808,1290808,18,19083.052734375,154.61668968192515,0.9384731401653881,0.0,0.57,19,0.5,1,,24446.571428571428,17109.0,10107.0,57542.0,513378.0,14374.945121882827,0.7669676062134183,1.4763529391772239
ID1290815,1290815,35,9307.2900390625,140.46797145047685,38.0859402659242,0.0,0.57,19,0.5,1,,14671.904761904761,13405.0,6082.0,31314.0,308110.0,7354.206802264687,0.5631616474279558,1.4375065640148905
ID1290814,1290814,3,1464.5009765625,118.09948014667161,37.65798498837525,0.0,0.57,19,0.5,1,,4912.428571428572,4931.0,2778.0,6847.0,103161.0,1113.5991007282905,0.2518184550646228,1.774776125853378
ID1290813,1290813,19,5474.62939453125,208.32440411434737,33.045742395578806,0.0,0.57,19,0.5,1,,10970.761904761905,10503.0,3444.0,18873.0,230386.0,4112.621425620912,0.4775778551034403,1.7244152655867393
ID1290812,1290812,20,5071.41357421875,197.20938184717113,31.128605895859348,0.0,0.57,19,0.5,1,,10037.190476190477,10230.0,4521.0,18615.0,210781.0,4020.9567595169133,0.42935116626181624,1.499638098719356
ID1290899,1290899,13,1796.5723876953125,213.2029365059278,93.74115743768249,0.0,0.6,20,0.5,1,,6118.190476190476,6543.0,2658.0,8431.0,128482.0,1707.1884084379092,0.2499907351265818,1.4334701559533334
ID1290898,1290898,14,14834.1513671875,68.05694491290495,92.60481768996856,0.0,0.6,20,0.5,1,,26005.380952380954,22226.0,15854.0,47382.0,546113.0,9852.66680892128,0.5617193924183368,1.8986977412653427
ID1290897,1290897,15,2157.693603515625,197.5263701480811,75.06604462001137,0.0,0.6,20,0.5,1,,6697.428571428572,7347.0,2436.0,9585.0,140646.0,2243.7089733614866,0.26711262371396155,1.258492862865767
ID1290896,1290896,8,2455.583984375,130.74910336191732,69.70176898429413,0.0,0.6,20,0.5,1,,8499.0,8523.0,5285.0,10803.0,178479.0,1674.8227667427977,0.2630430404201774,2.1136721962970033
ID1290903,1290903,24,22528.169921875,214.77037769951227,113.55819494053293,0.0,0.6,20,0.5,1,,25398.809523809523,18010.0,5043.0,65535.0,533375.0,21681.72587138544,0.8075222560360525,1.046695494703129
ID1290902,1290902,25,1895.2904052734375,132.27018343463584,113.37392375410532,0.0,0.6,20,0.5,1,,5801.0952380952385,6026.0,2628.0,8297.0,121823.0,1577.6500849289077,0.26436397980414855,1.5376570095952324
ID1290901,1290901,26,1533.322509765625,211.2692347419147,110.21079517975458,0.0,0.6,20,0.5,1,,5681.142857142857,5847.0,3050.0,7586.0,119304.0,1336.6195900746886,0.22037355761999602,1.535057251308363
ID1290900,1290900,12,1508.1427001953125,86.23453239929849,106.48948470740835,0.0,0.6,20,0.5,1,,4779.952380952381,5056.0,2550.0,6457.0,100379.0,1152.6988104526906,0.27882162335229516,1.80823221026481
ID1290907,1290907,44,1729.7586669921875,65.66684959263337,147.28130708436075,0.0,0.6,20,0.5,1,,5671.666666666667,5537.0,4077.0,7074.0,119105.0,974.3563174390226,0.3052296900036589,2.722467603785962
ID1290906,1290906,28,2917.998779296875,27.88789429107134,145.45781795352573,0.0,0.6,20,0.5,1,,7865.428571428572,7814.0,4446.0,11639.0,165174.0,2358.0349779303224,0.3386620794874678,1.687709728089609
ID1290905,1290905,29,8984.3623046875,29.203259896013634,138.47409748481917,0.0,0.6,20,0.5,1,,13630.380952380952,11448.0,4269.0,29454.0,286238.0,7329.147757251115,0.5807054441726908,1.3664365209446185
ID1290904,1290904,23,1708.8121337890625,192.61318069300296,135.28761137810588,0.0,0.6,20,0.5,1,,7972.809523809524,8259.0,4841.0,10087.0,167429.0,1512.74157142083,0.19415471931258846,1.7138152165504936
ID1290911,1290911,32,22214.556640625,110.76809776149237,175.51685760558124,0.0,0.6,20,0.5,1,,43121.57142857143,43128.0,19619.0,65535.0,905553.0,14566.010876597022,0.543068140493223,2.083786238021118
ID1290910,1290910,33,22557.93359375,214.0950522743799,169.44510032917884,0.0,0.6,20,0.5,1,,25201.04761904762,16439.0,4422.0,65535.0,529222.0,20974.12928461201,0.815602480875365,1.0794994380793526
ID1290909,1290909,42,2142.817626953125,53.94704661924141,165.48585044921174,0.0,0.6,20,0.5,1,,6464.285714285715,6539.0,3348.0,8861.0,135750.0,1689.601880410209,0.2883805049559941,1.7127260696865165
ID1290908,1290908,27,1625.37255859375,144.93334394227662,155.0765832755067,0.0,0.6,20,0.5,1,,5794.428571428572,6049.0,2846.0,7899.0,121683.0,1475.9869434188288,0.22794712232881,1.4575133515129484
ID1290883,1290883,19,5497.609375,208.32771127077143,33.04429232612813,0.0,0.6,20,0.5,1,,10983.42857142857,10470.0,3609.0,18943.0,230652.0,4162.734997227527,0.47604334323014946,1.7019098330253182
ID1290882,1290882,20,7878.24755859375,197.31524292882997,31.04563688252058,0.0,0.6,20,0.5,1,,13523.619047619048,12499.0,5540.0,26325.0,283996.0,5878.1516182911655,0.537524288171756,1.6086377198261168
ID1290881,1290881,21,1785.62646484375,138.03926759007857,27.0236694312419,0.0,0.6,20,0.5,1,,5632.238095238095,5999.0,2986.0,7916.0,118277.0,1553.0947461363041,0.2541385705581757,1.4697318613425212
ID1290880,1290880,22,2273.496337890625,140.67476111549541,24.242587334388357,0.0,0.6,20,0.5,1,,6783.047619047619,6757.0,4736.0,8978.0,142444.0,1356.6854269207167,0.3144039790982242,2.3918551221073194
ID1290887,1290887,1,24287.6328125,177.65086623477617,39.67046586695981,0.0,0.6,20,0.5,1,,27328.666666666668,22042.0,4718.0,65535.0,573902.0,20875.072774324246,0.8263651457597101,1.184690270610836
ID1290886,1290886,2,2729.09912109375,197.98916458486207,38.49529332840082,0.0,0.6,20,0.5,1,,7120.666666666667,7326.0,2254.0,11135.0,149534.0,2685.8352208081074,0.3329381483503627,1.3244173131352397
ID1290885,1290885,35,20423.75,140.44959234642747,37.89254549367202,0.0,0.6,20,0.5,1,,23500.380952380954,14009.0,7521.0,65535.0,493508.0,17859.953425124575,0.7633531544755727,1.1392283439151998
ID1290884,1290884,3,1462.6087646484375,118.09816663648098,37.667095265983065,0.0,0.6,20,0.5,1,,4918.476190476191,5002.0,2829.0,6675.0,103288.0,1137.2572540567776,0.2541782706440289,1.7529963095966572
ID1290891,1290891,5,4551.18212890625,160.77295582960963,51.806330363750526,0.0,0.6,20,0.5,1,,9778.47619047619,9371.0,4667.0,16042.0,205348.0,3330.2587229680466,0.4309572188073508,1.7686044511740535
ID1290890,1290890,6,8877.5986328125,221.9966802420604,48.38318344270887,0.0,0.6,20,0.5,1,,15501.047619047618,14032.0,6996.0,28433.0,325522.0,6306.457686183191,0.5546596907562411,1.7538676871046923
ID1290889,1290889,7,8341.48046875,44.38792512152807,47.217896005665644,0.0,0.6,20,0.5,1,,13034.190476190477,10908.0,4136.0,26766.0,273718.0,6821.462113205992,0.5811533370929228,1.404602168447335
ID1290888,1290888,0,1480.269287109375,35.29152391746268,45.924639603716074,0.0,0.6,20,0.5,1,,4750.285714285715,5053.0,2170.0,6699.0,99756.0,1334.7539152539373,0.24983345623200107,1.4228102139697372
ID1290895,1290895,10,1476.35693359375,155.5032638384102,64.63169632187437,0.0,0.6,20,0.5,1,,4987.857142857143,4778.0,2871.0,6932.0,104745.0,1153.8081420112396,0.23430827564825799,1.6412486801528545
ID1290894,1290894,11,1796.599365234375,164.00488452856368,63.22138306580833,0.0,0.6,20,0.5,1,,5649.0,6052.0,2217.0,8125.0,118629.0,1814.4961559617589,0.24665052180427546,1.2319209286441686
ID1290893,1290893,45,1554.9671630859375,193.90465312418877,61.992896025013714,0.0,0.6,20,0.5,1,,6008.047619047619,6097.0,4243.0,7381.0,126169.0,893.2148384454031,0.24147285951041106,2.6166071758923017
ID1290892,1290892,4,1717.749267578125,112.81578479066779,61.59048377856736,0.0,0.6,20,0.5,1,,5313.761904761905,5232.0,3430.0,7698.0,111589.0,1216.1542215016116,0.26829272669737014,1.848556939627872
ID1290879,1290879,16,2028.9259033203125,145.46032390152237,24.150184825904383,0.0,0.6,20,0.5,1,,6195.285714285715,6245.0,3088.0,8952.0,130101.0,1812.6573074593318,0.2818512156011383,1.5029963369367914
ID1290878,1290878,17,1725.017822265625,109.09593497329276,18.75043457663812,0.0,0.6,20,0.5,1,,5170.714285714285,5395.0,2221.0,7420.0,108585.0,1541.520325615499,0.2797270481333999,1.4663862993903283
ID1290877,1290877,18,21864.7890625,154.66182867068878,1.3004062931047053,0.0,0.6,20,0.5,1,,24754.0,17766.0,4577.0,65535.0,519834.0,18179.412597771137,0.8126062241063685,1.2208778466243912
ID1290913,1290913,30,3990.074951171875,97.86460484278905,216.73752471294318,0.0,0.6,20,0.5,1,,10700.333333333334,11278.0,5186.0,14499.0,224707.0,2742.270288161496,0.37614929367090316,2.1331025920026434
ID1290912,1290912,31,17768.947265625,119.70625106726392,175.3849581139065,0.0,0.6,20,0.5,1,,23954.190476190477,19642.0,5509.0,57266.0,503038.0,14079.225740853251,0.7311953107477742,1.4372094113551779
ID1290963,1290963,,1459.3197021484375,120.24507965059692,68.78741057127411,0.0,0.63,21,0.5,1,,4883.380952380952,4861.0,3047.0,6417.0,102551.0,930.9060895810316,0.2543178817816361,2.127227864977041
ID1290962,1290962,10,1499.46533203125,155.5114553105659,64.62812411769234,0.0,0.63,21,0.5,1,,4975.761904761905,4925.0,2838.0,7051.0,104491.0,1161.1355607663518,0.23630324388641158,1.6381412078790094
ID1290961,1290961,11,1736.8887939453125,164.01358841831444,63.21960602498241,0.0,0.63,21,0.5,1,,5654.809523809524,6220.0,2297.0,7885.0,118751.0,1731.9937534254452,0.24686538609258749,1.2928325754256493
ID1290960,1290960,45,1505.449951171875,193.27094525718195,61.72718728150156,0.0,0.63,21,0.5,1,,5991.523809523809,5858.0,4937.0,7339.0,125822.0,722.114368992033,0.23672490747330638,3.1763777575175647
ID1290967,1290967,13,1789.9942626953125,213.2517846250972,93.73570455968793,0.0,0.63,21,0.5,1,,6116.047619047619,6510.0,2547.0,8304.0,128437.0,1661.6800376784477,0.24771125819891213,1.4614538398571844
ID1290966,1290966,14,12377.7060546875,67.94828345404363,92.62431470412947,0.0,0.63,21,0.5,1,,22400.380952380954,21163.0,10782.0,41129.0,470408.0,8486.667487749184,0.5247177933558553,1.8167055221003043
ID1290965,1290965,15,2094.301025390625,197.70931983487253,74.97698093490149,0.0,0.63,21,0.5,1,,6708.714285714285,6442.0,3423.0,9608.0,140883.0,1893.6611403009026,0.25532637804885766,1.441139608934641
ID1290964,1290964,8,2443.21435546875,130.74151071637115,69.70682428035514,0.0,0.63,21,0.5,1,,8510.904761904761,8487.0,5335.0,10878.0,178729.0,1627.202350808341,0.26414509344488646,2.1857968110151225
ID1290971,1290971,24,24723.205078125,214.5948632708781,113.60503822749743,0.0,0.63,21,0.5,1,,25296.95238095238,14428.0,4851.0,65535.0,531236.0,22693.267540123412,0.8346156403934982,1.0142443405177823
ID1290970,1290970,25,1897.5740966796875,132.2648868894644,113.37624442769116,0.0,0.63,21,0.5,1,,5829.523809523809,6106.0,2751.0,8186.0,122420.0,1549.4817397777756,0.26712683941133386,1.5862588177607109
ID1290969,1290969,26,1473.8848876953125,211.38962409792782,110.18114875259641,0.0,0.63,21,0.5,1,,5648.809523809524,6032.0,3218.0,7579.0,118625.0,1258.784954591038,0.21567747269613746,1.5922886511977097
ID1290968,1290968,12,1454.0865478515625,86.26728784422512,106.49558755328074,0.0,0.63,21,0.5,1,,4769.428571428572,4890.0,2801.0,6175.0,100158.0,1081.106357923612,0.27322678851628257,1.8934133427343631
ID1290975,1290975,27,1561.1024169921875,144.94917915895547,155.06567647878322,0.0,0.63,21,0.5,1,,5677.619047619048,5883.0,2839.0,7542.0,119230.0,1395.838044910314,0.22350501237820117,1.486081842731345
ID1290974,1290974,28,2309.265380859375,27.94909132527232,145.69503537090714,0.0,0.63,21,0.5,1,,6471.0,6835.0,2673.0,9504.0,135891.0,1994.5949463487568,0.30342343583940035,1.5104636474737925
ID1290973,1290973,29,12206.2607421875,29.242208766635617,138.40653965136642,0.0,0.63,21,0.5,1,,16919.238095238095,13878.0,4089.0,38881.0,355304.0,10506.812608516257,0.6457432836861533,1.2636814708454716
ID1290972,1290972,23,1550.0810546875,192.61813934109443,135.235183712867,0.0,0.63,21,0.5,1,,8048.0952380952385,8121.0,5335.0,10021.0,169010.0,1460.5875839798825,0.17896348403298407,1.6728598974750897
ID1290947,1290947,17,1699.8760986328125,109.09436929301245,18.756644436197625,0.0,0.63,21,0.5,1,,5171.0,5454.0,2301.0,7219.0,108591.0,1476.0512863718523,0.279473359498233,1.5304257128205037
ID1290946,1290946,18,21976.62109375,154.97735705474685,1.303247239220716,0.0,0.63,21,0.5,1,,24523.85714285714,17974.0,5287.0,65535.0,515001.0,19218.51580972296,0.8140085028355066,1.1452190165122516
ID1290951,1290951,20,9986.6328125,197.2701294585742,31.358384114203993,0.0,0.63,21,0.5,1,,16842.47619047619,14607.0,8241.0,29345.0,353692.0,6449.37326117079,0.6247866381166671,2.0084166782593234
ID1290950,1290950,21,1806.2718505859375,138.02368746153994,27.03647976100016,0.0,0.63,21,0.5,1,,5651.0,6017.0,2973.0,7882.0,118671.0,1585.4363437237082,0.25749672432345383,1.4597259869439816
ID1290949,1290949,16,2056.62451171875,145.52769057322763,24.109093687164446,0.0,0.63,21,0.5,1,,5952.666666666667,6253.0,2346.0,8836.0,125006.0,2015.2282087479157,0.2780951860770186,1.285427532880193
ID1290948,1290948,22,2593.710205078125,140.77074446158764,24.168767828581966,0.0,0.63,21,0.5,1,,7382.285714285715,7038.0,5112.0,9926.0,155028.0,1423.3585332886842,0.332174392645826,2.5864947674076726
ID1290955,1290955,1,23006.857421875,177.75954115560475,39.705001760801515,0.0,0.63,21,0.5,1,,26545.809523809523,18762.0,5302.0,65535.0,557462.0,20270.425209203302,0.8070589720601195,1.16975808300115
ID1290954,1290954,2,2684.18701171875,198.0002323305746,38.47994660519026,0.0,0.63,21,0.5,1,,7040.523809523809,7045.0,2156.0,10849.0,147851.0,2649.0621853600874,0.329855356159605,1.3184447876982115
ID1290953,1290953,35,21857.32421875,140.35280169979524,38.0246327479812,0.0,0.63,21,0.5,1,,26450.428571428572,22446.0,6685.0,65535.0,555459.0,17958.119268373925,0.7791341069795876,1.29004656914018
ID1290952,1290952,19,5422.970703125,208.32079076952138,33.045479619822835,0.0,0.63,21,0.5,1,,10887.095238095239,10342.0,3540.0,18799.0,228629.0,4075.302343443513,0.4729848846106439,1.7156597206705908
ID1290959,1290959,4,1660.1043701171875,112.79426097601664,61.604203256455875,0.0,0.63,21,0.5,1,,5315.047619047619,5431.0,3298.0,7264.0,111616.0,1156.2147930289802,0.2686161076613782,1.9467064342308065
ID1290958,1290958,5,3455.69189453125,160.7745167536777,51.85321372064561,0.0,0.63,21,0.5,1,,8412.285714285714,8240.0,5238.0,12700.0,176658.0,2072.632508257485,0.3850133005452829,2.2565423750102354
ID1290957,1290957,6,13280.5771484375,221.75147853754999,48.71621381459807,0.0,0.63,21,0.5,1,,20192.85714285714,16674.0,7855.0,40187.0,424050.0,10638.566723415868,0.6661106553938289,1.5177043738967144
ID1290956,1290956,7,8233.4169921875,44.5210887481407,47.22904227032804,0.0,0.63,21,0.5,1,,13256.238095238095,12728.0,5931.0,26366.0,278381.0,6142.495094867898,0.5759991743436603,1.5775071938758538
ID1290979,1290979,32,23139.71484375,110.94194734165083,175.59877256442354,0.0,0.63,21,0.5,1,,43325.23809523809,47528.0,13862.0,65535.0,909830.0,16803.447500155322,0.5424177896752819,1.8134452963773375
ID1290978,1290978,31,19545.595703125,119.78543311770913,175.4875423877452,0.0,0.63,21,0.5,1,,25145.95238095238,21735.0,10125.0,60101.0,528065.0,15112.763580749188,0.7637078024927324,1.4409694965426862
ID1290977,1290977,33,17351.15625,213.9108390088503,169.7816137758947,0.0,0.63,21,0.5,1,,21577.428571428572,16771.0,6148.0,57053.0,453126.0,14386.501960419107,0.7392232912329856,1.274954756076787
ID1290976,1290976,42,2786.58349609375,53.88011045951925,165.59189958336466,0.0,0.63,21,0.5,1,,7560.0952380952385,7194.0,3624.0,11450.0,158762.0,2302.926136565433,0.3148695217320661,1.5722630903877235
ID1290980,1290980,30,6027.09912109375,97.62724227475546,216.5166868669974,0.0,0.63,21,0.5,1,,12930.619047619048,13192.0,4243.0,20659.0,271543.0,4821.153279830361,0.43649388394759986,1.6299442678492704
ID1290945,1290945,30,4671.82763671875,97.65140436152996,216.17072233560367,0.0,0.6599999999999999,22,0.5,1,,11047.57142857143,11510.0,4516.0,16777.0,231999.0,3538.0559007939455,0.40633749517546475,1.8043860741600768
ID1290944,1290944,32,24229.904296875,111.02114553921653,175.5908333720745,0.0,0.6599999999999999,22,0.5,1,,46031.80952380953,48021.0,20393.0,65535.0,966668.0,14807.496964777834,0.5624008775775285,2.2379990936884604
ID1290931,1290931,15,2105.051025390625,197.4925341912687,75.08026613839932,0.0,0.6599999999999999,22,0.5,1,,6651.476190476191,7287.0,2457.0,9467.0,139681.0,2165.3248398115147,0.26687451555793706,1.2941913194755381
ID1290930,1290930,8,2458.8896484375,130.74112794989372,69.7041836335516,0.0,0.6599999999999999,22,0.5,1,,8506.666666666666,8410.0,5372.0,10764.0,178640.0,1631.0482621103931,0.2661647322410721,2.1927185771522817
ID1290929,1290929,10,1479.6607666015625,155.5114783565738,64.63528778198152,0.0,0.6599999999999999,22,0.5,1,,4968.047619047619,4921.0,2901.0,6956.0,104329.0,1160.1927631299238,0.23430840119314866,1.6257350502789072
ID1290928,1290928,11,1790.3814697265625,163.99135499648128,63.22876303097107,0.0,0.6599999999999999,22,0.5,1,,5660.047619047619,6040.0,2265.0,8115.0,118861.0,1761.5610541843414,0.24901128169292663,1.2811649333786843
ID1290935,1290935,25,1884.22119140625,132.2695936666492,113.37303233400262,0.0,0.6599999999999999,22,0.5,1,,5802.476190476191,6088.0,2643.0,8075.0,121852.0,1564.2356797825455,0.2655524241218757,1.5567228679840635
ID1290934,1290934,26,1527.90283203125,211.3403062640777,110.20093824177987,0.0,0.6599999999999999,22,0.5,1,,5675.9047619047615,6052.0,3122.0,7556.0,119194.0,1308.3475037145865,0.21758629243233069,1.5505071279352933
ID1290933,1290933,13,1833.0687255859375,213.26814073866845,93.73165521666758,0.0,0.6599999999999999,22,0.5,1,,6195.0952380952385,6647.0,2865.0,8388.0,130097.0,1673.1677412848333,0.2550151435165682,1.504719346155259
ID1290932,1290932,14,11839.0556640625,67.83887910625428,92.6245846042813,0.0,0.6599999999999999,22,0.5,1,,23085.380952380954,22665.0,13405.0,40474.0,484793.0,7280.372164087426,0.5538400676069868,2.2604323620014566
ID1290939,1290939,28,1988.6312255859375,27.745568167109884,145.38681162845515,0.0,0.6599999999999999,22,0.5,1,,5673.428571428572,5949.0,2432.0,8082.0,119142.0,1765.7191331417514,0.29610234963489657,1.4681029786343076
ID1290938,1290938,29,10163.0615234375,29.317328331604106,138.43537278385668,0.0,0.6599999999999999,22,0.5,1,,15913.238095238095,16020.0,5523.0,30785.0,334178.0,7531.225324638495,0.6191041262422335,1.6158901516685602
ID1290937,1290937,23,1523.2728271484375,192.60759656467894,135.30194813118194,0.0,0.6599999999999999,22,0.5,1,,8173.9047619047615,8323.0,5841.0,9664.0,171652.0,1047.4549586861435,0.17128856402057935,2.282383806352587
ID1290936,1290936,24,24506.990234375,214.67783589286964,113.68383257882914,0.0,0.6599999999999999,22,0.5,1,,26568.85714285714,17210.0,5504.0,65535.0,557946.0,21321.762617770873,0.8379972888996703,1.136259461545917
ID1290943,1290943,31,10642.0888671875,119.72758611755596,175.3920238333412,0.0,0.6599999999999999,22,0.5,1,,17236.571428571428,15285.0,5673.0,35439.0,361968.0,7924.230666578482,0.5735588539987297,1.5856917531491526
ID1290942,1290942,33,22217.2421875,213.9370812117064,169.6631917771292,0.0,0.6599999999999999,22,0.5,1,,24342.333333333332,14943.0,5670.0,65535.0,511189.0,19669.026784092126,0.8105789997965971,1.108121033132641
ID1290941,1290941,42,3316.33349609375,53.83578031793621,165.55191977716268,0.0,0.6599999999999999,22,0.5,1,,8710.619047619048,9426.0,3200.0,13063.0,182923.0,2625.6481195352603,0.35400524698231317,1.73472982398602
ID1290940,1290940,27,1599.2154541015625,144.96720160913637,155.06908190632686,0.0,0.6599999999999999,22,0.5,1,,5753.666666666667,5978.0,2860.0,7755.0,120827.0,1392.6372583459533,0.22278314883653302,1.5054612325961145
ID1290915,1290915,17,1763.5775146484375,109.0976796556015,18.7505269492996,0.0,0.6599999999999999,22,0.5,1,,5207.476190476191,5475.0,2255.0,7552.0,109357.0,1545.442092705114,0.28160744421526346,1.4807906431941966
ID1290914,1290914,18,18731.45703125,155.048354026104,1.235060409251659,0.0,0.6599999999999999,22,0.5,1,,22351.04761904762,20220.0,6028.0,60806.0,469372.0,15828.451899905405,0.7673696612591258,1.2262151229614453
ID1290919,1290919,19,5424.0419921875,208.316608841693,33.04248656372777,0.0,0.6599999999999999,22,0.5,1,,10898.0,10384.0,3310.0,19084.0,228858.0,4111.282670894814,0.4733615761671516,1.703268537244247
ID1290918,1290918,20,9344.845703125,197.42539027994144,31.54944588299843,0.0,0.6599999999999999,22,0.5,1,,15011.619047619048,12650.0,6075.0,30441.0,315244.0,7261.135968126409,0.5820273935841984,1.521186237075892
ID1290917,1290917,21,1843.6282958984375,138.04033968415396,27.011751119500584,0.0,0.6599999999999999,22,0.5,1,,5705.761904761905,5982.0,3020.0,8214.0,119821.0,1576.0598308681654,0.26543489685889526,1.5187600081689
ID1290916,1290916,16,2028.5850830078125,145.53022489272217,24.10252291832823,0.0,0.6599999999999999,22,0.5,1,,5908.666666666667,6290.0,2321.0,8864.0,124082.0,2001.4498578114146,0.2742277363232314,1.2706884903060347
ID1290923,1290923,7,9860.953125,44.65986738130699,47.140911554413684,0.0,0.6599999999999999,22,0.5,1,,14251.952380952382,12852.0,5952.0,32232.0,299291.0,7648.353806383374,0.6027772875651829,1.4015870906694843
ID1290922,1290922,1,22713.58203125,177.5557977419937,39.617222687602855,0.0,0.6599999999999999,22,0.5,1,,25832.85714285714,20861.0,6684.0,65535.0,542490.0,19135.32038217734,0.8025393451467634,1.2021212660402996
ID1290921,1290921,2,2691.14892578125,197.97989897007415,38.496766766656116,0.0,0.6599999999999999,22,0.5,1,,7071.857142857143,6976.0,2209.0,10888.0,148509.0,2614.651626617097,0.3296908656091635,1.3412380697497197
ID1290920,1290920,35,16324.1318359375,140.84623248091162,37.89032059493279,0.0,0.6599999999999999,22,0.5,1,,24194.380952380954,20533.0,9031.0,46680.0,508082.0,10641.347384030796,0.7110197067174578,1.889620168472952
ID1290927,1290927,45,1658.718994140625,193.49142080156193,61.826238553712535,0.0,0.6599999999999999,22,0.5,1,,6210.619047619048,6296.0,4339.0,8131.0,130423.0,997.8511149560578,0.23757401907461134,2.3896093064764945
ID1290926,1290926,4,1676.0037841796875,112.81209582232287,61.59633338818735,0.0,0.6599999999999999,22,0.5,1,,5279.809523809524,5375.0,3390.0,7276.0,110876.0,1175.1129570831743,0.2673560144874188,1.8956578956611756
ID1290925,1290925,5,2798.31787109375,160.6362197866645,52.084785063514396,0.0,0.6599999999999999,22,0.5,1,,7575.809523809524,7496.0,4882.0,10627.0,159092.0,1762.7956948849069,0.3503000038919846,2.2298052543255884
ID1290924,1290924,6,14313.9052734375,221.76784025594185,48.85420907593384,0.0,0.6599999999999999,22,0.5,1,,21139.809523809523,19465.0,9408.0,44034.0,443936.0,10277.457300417489,0.677988246470558,1.662182229794974
ID1291011,1291011,33,23350.880859375,214.11452908180675,169.68918850245723,0.0,0.69,23,0.5,1,,25671.52380952381,16696.0,4885.0,65535.0,539102.0,20437.585727328576,0.8229764452994415,1.1341184100616444
ID1291010,1291010,42,3489.48046875,53.8338398225238,165.4979108301995,0.0,0.69,23,0.5,1,,8622.42857142857,9068.0,2753.0,13734.0,181071.0,3163.5892838898762,0.3481766633720022,1.4077721165115427
ID1291009,1291009,27,1578.640380859375,144.98239064468427,155.0847496561213,0.0,0.69,23,0.5,1,,5747.142857142857,5928.0,3262.0,7677.0,120690.0,1311.974019777613,0.22357246277634107,1.600830571825466
ID1291008,1291008,28,3272.820068359375,27.61664008095333,145.4830663892474,0.0,0.69,23,0.5,1,,8648.380952380952,8888.0,4423.0,12489.0,181616.0,2492.3958850108556,0.36508108089397534,1.856002948045126
ID1291014,1291014,30,6678.13037109375,97.7123759777901,216.61711862735154,0.0,0.69,23,0.5,1,,14313.809523809523,13931.0,8294.0,21847.0,300590.0,4137.804811963074,0.4740982602905378,2.225139058308741
ID1291013,1291013,32,24088.365234375,111.11760780631377,175.44954339526095,0.0,0.69,23,0.5,1,,48778.47619047619,45409.0,26067.0,65535.0,1024348.0,12690.703056249671,0.573310184148986,2.8012240416230476
ID1291012,1291012,31,5112.65185546875,119.72741409492123,175.30439313875684,0.0,0.69,23,0.5,1,,11375.333333333334,11158.0,4650.0,17737.0,238882.0,4001.9830251180892,0.43812952711960546,1.7319023634400859
ID1290995,1290995,4,1703.1934814453125,112.8043062811426,61.59966421880864,0.0,0.69,23,0.5,1,,5293.238095238095,5122.0,3450.0,7401.0,111158.0,1204.9823610643396,0.2673479905810091,1.853325832397074
ID1290994,1290994,5,3718.450927734375,160.56880517376206,51.98829091086141,0.0,0.69,23,0.5,1,,8989.47619047619,8545.0,5036.0,13567.0,188779.0,2472.8013793883165,0.3843005071338416,2.0184394574874283
ID1290993,1290993,6,12360.6865234375,221.71055567576363,49.17002936001344,0.0,0.69,23,0.5,1,,19750.95238095238,18406.0,6754.0,35658.0,414770.0,9467.57698398165,0.6409436431153771,1.6296913901885164
ID1290992,1290992,7,10002.4853515625,44.6068601030406,47.434602640431926,0.0,0.69,23,0.5,1,,14499.285714285714,11876.0,3630.0,32269.0,304485.0,8689.030821345135,0.6137889725752196,1.2693389417926464
ID1290999,1290999,8,2458.169189453125,130.73949242261125,69.69580477888299,0.0,0.69,23,0.5,1,,8515.952380952382,8525.0,5319.0,10764.0,178835.0,1649.4843277882478,0.26695913903760415,2.175690978063523
ID1290998,1290998,10,1504.8341064453125,155.49014705601877,64.642185017382,0.0,0.69,23,0.5,1,,4995.285714285715,4948.0,2895.0,7161.0,104901.0,1170.9058947181513,0.23658631351919798,1.6324260573418499
ID1290997,1290997,11,1792.421875,163.99738072098117,63.2263224960867,0.0,0.69,23,0.5,1,,5633.714285714285,6077.0,2264.0,8146.0,118308.0,1795.3735584233477,0.24732416991887765,1.2443920017417291
ID1290996,1290996,45,2683.58251953125,193.33743992815874,62.09002129239793,0.0,0.69,23,0.5,1,,8228.761904761905,8065.0,5518.0,11061.0,172804.0,1541.2589952620522,0.3285252020236557,2.6405096649515456
ID1291003,1291003,26,1489.8079833984375,211.38137772242584,110.18816833294588,0.0,0.69,23,0.5,1,,5639.380952380952,6082.0,3180.0,7581.0,118427.0,1280.7486278029141,0.21488953226807267,1.557671952349608
ID1291002,1291002,13,1845.626708984375,213.27002448458256,93.7358470212294,0.0,0.69,23,0.5,1,,6203.285714285715,6667.0,2745.0,8410.0,130269.0,1643.3437298038757,0.25726174196469576,1.544802180701771
ID1291001,1291001,14,7939.50439453125,68.12601915628153,92.4385810895934,0.0,0.69,23,0.5,1,,17327.52380952381,17332.0,9402.0,26099.0,363878.0,4858.832551334195,0.46170203887372824,2.2528771348348795
ID1291000,1291000,15,2126.480712890625,197.54325181875382,75.06019546852275,0.0,0.69,23,0.5,1,,6623.142857142857,7211.0,2329.0,9653.0,139086.0,2219.7729677990556,0.2637842488938114,1.2455509034805923
ID1291007,1291007,29,12599.822265625,29.08074661563552,138.56121559285054,0.0,0.69,23,0.5,1,,18398.095238095237,15686.0,7617.0,38645.0,386360.0,9727.498208197017,0.6588042542330541,1.5023217447509722
ID1291006,1291006,23,1604.068359375,192.6497628508994,135.2727812806853,0.0,0.69,23,0.5,1,,8287.095238095239,8407.0,5761.0,9997.0,174029.0,1361.1727261726155,0.17972923553368858,1.8550493688014733
ID1291005,1291005,24,22169.5390625,214.69729546702757,113.84421698165565,0.0,0.69,23,0.5,1,,25089.95238095238,15270.0,4795.0,65535.0,526889.0,19552.440547093323,0.8081739301278386,1.1470794311806036
ID1291004,1291004,25,1831.7099609375,132.27542894515176,113.36303233598923,0.0,0.69,23,0.5,1,,5764.238095238095,5970.0,2727.0,7970.0,121049.0,1535.9499309795845,0.2612466302626152,1.5546961626126652
ID1290983,1290983,22,2431.058349609375,141.41597972633278,24.029650998415924,0.0,0.69,23,0.5,1,,7434.190476190476,7206.0,5553.0,9863.0,156118.0,1303.783441337081,0.3112900443253701,2.7072270844241944
ID1290982,1290982,17,1703.2457275390625,109.08897723401738,18.75116176605765,0.0,0.69,23,0.5,1,,5156.0952380952385,5317.0,2233.0,7360.0,108278.0,1507.200315311867,0.2794798200142421,1.4945035957352033
ID1290981,1290981,18,18409.525390625,154.742510398656,1.284306012198438,0.0,0.69,23,0.5,1,,22102.190476190477,17086.0,5710.0,58896.0,464146.0,15900.873125772205,0.7696790217351361,1.2090923897478194
ID1290987,1290987,19,5420.669921875,208.3203815808217,33.04604328681136,0.0,0.69,23,0.5,1,,10927.42857142857,10301.0,3329.0,18907.0,229476.0,4092.5085164410907,0.4729179239971886,1.7146110074507759
ID1290986,1290986,20,5158.10205078125,197.61048492341854,31.76271966619071,0.0,0.69,23,0.5,1,,10232.190476190477,10435.0,5222.0,18681.0,214876.0,3839.160984108997,0.4388357770945776,1.6257474722990046
ID1290985,1290985,21,1823.7152099609375,137.95596203306536,27.066104907041893,0.0,0.69,23,0.5,1,,5457.285714285715,6139.0,2102.0,8057.0,114603.0,1894.7409359291612,0.2726533109949774,1.2341203493964548
ID1290984,1290984,16,2030.4124755859375,145.5324138985696,24.101512049872582,0.0,0.69,23,0.5,1,,5924.190476190476,6350.0,2216.0,8948.0,124408.0,2029.5441266217301,0.2729488039407392,1.2517879576592332
ID1290991,1290991,1,23338.349609375,177.47217065753847,39.41336597637922,0.0,0.69,23,0.5,1,,25818.380952380954,16006.0,4410.0,65535.0,542186.0,20762.25143975525,0.8194282781430653,1.1201097068357118
ID1290990,1290990,2,2654.94921875,197.99327929420846,38.49444585946298,0.0,0.69,23,0.5,1,,7039.142857142857,7180.0,2150.0,10888.0,147822.0,2645.045373631883,0.32662538288402776,1.3104434295838523
ID1290989,1290989,35,22587.94140625,141.08523092516322,37.61120461414053,0.0,0.69,23,0.5,1,,27041.666666666668,19830.0,7088.0,65535.0,567875.0,18653.53498491193,0.7860355225678357,1.276010903795997
ID1290988,1290988,48,1462.4884033203125,118.09140396118505,37.6732322283242,0.0,0.69,23,0.5,1,,4903.523809523809,4901.0,2844.0,6711.0,102974.0,1093.4106099287503,0.2532023938878627,1.8121810800603466
ID1291027,1291027,6,15174.353515625,221.8731457726528,49.49814012023726,0.0,0.72,24,0.5,1,,21492.761904761905,15664.0,9776.0,46697.0,451348.0,10490.724984026423,0.685014808160018,1.6657620331344394
ID1291026,1291026,7,12829.3525390625,44.50430251584496,47.53619150667379,0.0,0.72,24,0.5,1,,16631.47619047619,10847.0,5839.0,43609.0,349261.0,10632.72771502707,0.6515722808286297,1.2341874233748051
ID1291025,1291025,1,25788.828125,177.62804122620648,39.43301536726567,0.0,0.72,24,0.5,1,,28343.333333333332,15436.0,7079.0,65535.0,595210.0,21392.17287545455,0.8380268490468529,1.2081812800172764
ID1291024,1291024,2,2707.259765625,198.0221462005967,38.480057438701756,0.0,0.72,24,0.5,1,,7081.0952380952385,7198.0,2276.0,11064.0,148703.0,2664.813274973725,0.33251066109645405,1.326167956354161
ID1291031,1291031,11,1754.3365478515625,164.0215064892844,63.21348800906936,0.0,0.72,24,0.5,1,,5620.9047619047615,6043.0,2281.0,8042.0,118039.0,1748.3184179308387,0.2446540257907057,1.2639194820634767
ID1291030,1291030,45,2090.88427734375,193.11785591783516,62.13301644797513,0.0,0.72,24,0.5,1,,7114.476190476191,7046.0,5584.0,9198.0,149404.0,966.2473088732314,0.29077246418979297,3.3173264649620795
ID1291029,1291029,4,1671.7950439453125,112.82094311119,61.586038641203615,0.0,0.72,24,0.5,1,,5264.952380952381,5204.0,3487.0,7319.0,110564.0,1180.8276113044815,0.26624759617395055,1.8750161165007724
ID1291028,1291028,5,6683.7607421875,160.4200420057684,51.79868056041584,0.0,0.72,24,0.5,1,,12837.666666666666,12436.0,5669.0,22105.0,269591.0,5168.090966046682,0.5154716465327813,1.6898295792066085
ID1291035,1291035,14,5060.17626953125,68.57486582345814,92.60626255319393,0.0,0.72,24,0.5,1,,12832.333333333334,12955.0,8572.0,18362.0,269479.0,2774.9968168149912,0.386067373998268,2.5760358299347073
ID1291034,1291034,15,2120.137451171875,197.5152122940154,75.06645161194315,0.0,0.72,24,0.5,1,,6657.714285714285,7317.0,2447.0,9504.0,139812.0,2182.5629691456134,0.26669747068492206,1.2845007447807821
ID1291033,1291033,8,2481.610595703125,130.76009303346095,69.68652249968109,0.0,0.72,24,0.5,1,,8474.714285714286,8369.0,5248.0,10943.0,177969.0,1693.284563883376,0.2637072658960615,2.0888185962096166
ID1291032,1291032,10,1477.9932861328125,155.4986227317318,64.6334505930505,0.0,0.72,24,0.5,1,,4972.0952380952385,4846.0,2928.0,7051.0,104414.0,1146.1565296573547,0.23509676732518822,1.6514718444793117
ID1291039,1291039,24,22214.017578125,214.6951985081515,113.93085951065702,0.0,0.72,24,0.5,1,,24930.85714285714,17328.0,6301.0,65535.0,523548.0,20098.48326189246,0.803468755137314,1.105259589190105
ID1291038,1291038,25,1858.8414306640625,132.27224470213147,113.37336938169265,0.0,0.72,24,0.5,1,,5775.476190476191,6006.0,2733.0,8209.0,121285.0,1545.1750263011506,0.2622318308870128,1.553053413059256
ID1291037,1291037,26,1572.359130859375,211.31747565314606,110.1981551389027,0.0,0.72,24,0.5,1,,5710.380952380952,6088.0,3064.0,7850.0,119918.0,1336.625806880537,0.2216541771442309,1.5502897351701577
ID1291036,1291036,13,1816.373046875,213.24878673391999,93.73293023796434,0.0,0.72,24,0.5,1,,6099.142857142857,6642.0,2799.0,8351.0,128082.0,1670.2753750718557,0.2532120679360189,1.475606483647225
ID1291015,1291015,18,15915.333984375,154.7108216089572,1.2848587622884078,0.0,0.72,24,0.5,1,,19995.761904761905,15631.0,6072.0,51520.0,419911.0,13662.81597220998,0.7234422925171845,1.2286689455804953
ID1291019,1291019,21,1825.384765625,138.02769044851166,27.03110472498734,0.0,0.72,24,0.5,1,,5679.428571428572,6158.0,3022.0,8049.0,119268.0,1601.0115418518558,0.26166440657795426,1.4714346355439645
ID1291018,1291018,16,2039.343994140625,145.50187061785465,24.13122651542162,0.0,0.72,24,0.5,1,,6157.190476190476,6265.0,3105.0,8868.0,129301.0,1796.367796946038,0.27622611526388036,1.4837284768014072
ID1291017,1291017,22,2200.678955078125,141.20785637804332,24.14562746399319,0.0,0.72,24,0.5,1,,6850.523809523809,6549.0,4990.0,9375.0,143861.0,1170.363730600347,0.29118801388825005,2.640079042185686
ID1291016,1291016,17,1721.9749755859375,109.08462280075271,18.760260896541624,0.0,0.72,24,0.5,1,,5157.952380952381,5409.0,2165.0,7343.0,108317.0,1520.5330471972807,0.2792344818214218,1.4809157436409508
ID1291023,1291023,35,23164.091796875,141.0266159072214,37.71890040075764,0.0,0.72,24,0.5,1,,26361.333333333332,15635.0,7293.0,65535.0,553588.0,19130.6282890378,0.8065937963548812,1.230445827431311
ID1291022,1291022,48,1455.12841796875,118.09670498120163,37.66586366635795,0.0,0.72,24,0.5,1,,4892.523809523809,4956.0,2747.0,6602.0,102743.0,1108.1674340571292,0.25459527427684336,1.7918607272105451
ID1291021,1291021,19,5414.22607421875,208.32753370539163,33.04269006903651,0.0,0.72,24,0.5,1,,10913.0,10365.0,3513.0,18655.0,229173.0,4072.768947534343,0.4756283832170196,1.7273293055707808
ID1291020,1291020,20,3808.716552734375,197.61871190438518,31.932153896366557,0.0,0.72,24,0.5,1,,8504.904761904761,8102.0,4728.0,13611.0,178603.0,2743.700546793726,0.40108169749587785,1.7747293232224661
ID1291043,1291043,27,1581.7158203125,144.9741721572223,155.0802201817968,0.0,0.72,24,0.5,1,,5697.761904761905,5759.0,2926.0,7621.0,119653.0,1374.39673692722,0.22001578545519085,1.4952388369610474
ID1291042,1291042,28,2598.684326171875,27.779935387511618,145.81953593632028,0.0,0.72,24,0.5,1,,7137.714285714285,7308.0,3010.0,10303.0,149892.0,2141.9816092314413,0.32250581581738635,1.6252245644016658
ID1291041,1291041,29,20473.4765625,28.69141037273901,138.16894586784974,0.0,0.72,24,0.5,1,,23558.190476190477,13675.0,6126.0,65535.0,494722.0,16845.3938618812,0.7641451146728727,1.2115247465364363
ID1291040,1291040,23,1525.675048828125,192.57721307836778,135.3197653691721,0.0,0.72,24,0.5,1,,8216.47619047619,8463.0,5818.0,9468.0,172546.0,1037.612337004896,0.16736816195652515,2.270625298130029
ID1291047,1291047,31,2806.695068359375,119.94336876242183,175.34669425953476,0.0,0.72,24,0.5,1,,7488.380952380952,7546.0,2529.0,11102.0,157256.0,2692.113769441969,0.32415145250581473,1.3618674094046535
ID1291046,1291046,32,25079.669921875,111.15869492268567,175.3750910223993,0.0,0.72,24,0.5,1,,46257.71428571428,52759.0,12437.0,65535.0,971412.0,19500.904012744788,0.5607014140114486,1.7043989102838502
ID1291045,1291045,33,24440.041015625,214.10640597902525,169.94931459798815,0.0,0.72,24,0.5,1,,26254.85714285714,17150.0,4392.0,65535.0,551352.0,21505.385091380518,0.840639346036996,1.1151503969773846
ID1291044,1291044,42,4823.05908203125,53.663734978507996,165.49305550145195,0.0,0.72,24,0.5,1,,10902.666666666666,10794.0,3915.0,17665.0,228956.0,3640.094508846348,0.4219694081353115,1.7776275974194728
ID1291048,1291048,30,10554.5693359375,97.60163436562792,216.52289619655966,0.0,0.72,24,0.5,1,,18553.714285714286,18716.0,7285.0,33849.0,389628.0,7499.605930599668,0.5713304173350137,1.7990459049715746
ID1291075,1291075,29,15027.2138671875,29.057256970266888,138.20901198321974,0.0,0.75,25,0.5,1,,20890.285714285714,17056.0,4637.0,44964.0,438696.0,11908.798302695604,0.7035228022329855,1.4488941627266467
ID1291074,1291074,23,1477.3564453125,192.57008650147307,135.22537986112147,0.0,0.75,25,0.5,1,,8110.285714285715,8386.0,6677.0,9366.0,170316.0,808.7218398718525,0.16409276487653002,2.827279999102134
ID1291073,1291073,66,1468.2523193359375,59.597977513996035,126.50030122453948,0.0,0.75,25,0.5,1,,4945.666666666667,5262.0,2326.0,6701.0,103859.0,1282.9169237847527,0.2394446080996118,1.489478513811439
ID1291072,1291072,24,23211.576171875,214.7750831457335,114.13033556463151,0.0,0.75,25,0.5,1,,25296.428571428572,15773.0,5245.0,65535.0,531225.0,20887.762614917447,0.8169247518785298,1.0890364015502945
ID1291079,1291079,33,23104.166015625,214.48539973041025,169.8705187917234,0.0,0.75,25,0.5,1,,24612.285714285714,14933.0,3488.0,65535.0,516858.0,22396.06767301541,0.8430304344031777,1.0053584190183131
ID1291078,1291078,42,5596.45068359375,53.646083555478306,165.47507709235254,0.0,0.75,25,0.5,1,,11716.190476190477,11724.0,3293.0,19977.0,246040.0,4665.148300097732,0.45013163916173743,1.5591326888536865
ID1291077,1291077,27,1618.691162109375,144.9531693653463,155.05796299520014,0.0,0.75,25,0.5,1,,5746.333333333333,5894.0,2796.0,7535.0,120673.0,1464.7484539446807,0.224158881539145,1.43673253159511
ID1291076,1291076,28,2544.419677734375,27.80856915813168,145.98270886288594,0.0,0.75,25,0.5,1,,6673.238095238095,7325.0,2461.0,10034.0,140138.0,2353.7790232891853,0.3219204899396221,1.3808427169225246
ID1291082,1291082,30,12530.724609375,97.20918060835521,216.60646591018437,0.0,0.75,25,0.5,1,,21200.380952380954,19616.0,12024.0,35343.0,445208.0,7280.756447486692,0.6393070424348973,2.27115273241388
ID1291081,1291081,32,24422.560546875,111.02388139679228,175.3179089195673,0.0,0.75,25,0.5,1,,48014.619047619046,51934.0,12362.0,65535.0,1008307.0,16437.134240725147,0.5677202137569711,2.1156468743218
ID1291080,1291080,31,2734.94921875,119.77613195734307,175.12757435103833,0.0,0.75,25,0.5,1,,7319.380952380952,7726.0,3019.0,10956.0,153707.0,2360.3333551892724,0.3167128246228918,1.4917827724843236
ID1291059,1291059,7,17584.958984375,44.52304595888649,47.86269466498249,0.0,0.75,25,0.5,1,,21414.52380952381,17023.0,4431.0,55545.0,449705.0,16250.145564329718,0.7368555307253228,1.1181493437746302
ID1291058,1291058,1,23833.3359375,177.687236561822,39.78810894873538,0.0,0.75,25,0.5,1,,27192.14285714286,19508.0,4909.0,65535.0,571035.0,21341.139473527917,0.8241521843846071,1.151336230108399
ID1291057,1291057,2,2727.88720703125,198.01093160313414,38.48619842861065,0.0,0.75,25,0.5,1,,7106.761904761905,7214.0,2264.0,11135.0,149242.0,2714.642221449484,0.3325026723732119,1.3065204544997646
ID1291056,1291056,35,19781.57421875,140.95846905814426,37.61069084496432,0.0,0.75,25,0.5,1,,22823.47619047619,14728.0,3672.0,65535.0,479293.0,18480.619923636346,0.7417863109877141,1.051911476498299
ID1291063,1291063,45,2801.323486328125,192.71564591231635,62.324208901212046,0.0,0.75,25,0.5,1,,8201.904761904761,8259.0,5054.0,11201.0,172240.0,1620.7230764310696,0.3416129869035761,2.5771697255727535
ID1291062,1291062,4,1686.071044921875,112.80925881753417,61.598092786907216,0.0,0.75,25,0.5,1,,5256.9047619047615,5272.0,3242.0,7351.0,110395.0,1227.702851049956,0.26630094453147196,1.8009539840696853
ID1291061,1291061,5,7531.93212890625,160.28180628138833,51.46157720903484,0.0,0.75,25,0.5,1,,13070.190476190477,11986.0,7074.0,24923.0,274474.0,5226.841834406773,0.5284273606940079,1.7290718753991747
ID1291060,1291060,6,14763.083984375,222.23495058899428,49.56737964352529,0.0,0.75,25,0.5,1,,21239.04761904762,18326.0,8404.0,46146.0,446020.0,11409.922499632461,0.6751248955039693,1.5004421983187402
ID1291067,1291067,15,2127.66064453125,197.55423488034853,75.0641129902665,0.0,0.75,25,0.5,1,,6657.619047619048,6937.0,2289.0,9590.0,139810.0,2222.847576335149,0.26374540600721386,1.250157028708598
ID1291066,1291066,8,2487.58203125,130.74118900901917,69.70257296527842,0.0,0.75,25,0.5,1,,8513.095238095239,8432.0,5338.0,10835.0,178775.0,1674.4491603139793,0.26813667192268553,2.149986211490136
ID1291065,1291065,10,1482.9034423828125,155.49731659274912,64.63412135542973,0.0,0.75,25,0.5,1,,4993.238095238095,4848.0,2948.0,6915.0,104858.0,1170.716101570398,0.23587737947485962,1.6280644390011574
ID1291064,1291064,11,1778.9271240234375,164.01598822873976,63.22413613068976,0.0,0.75,25,0.5,1,,5616.714285714285,6210.0,2297.0,8059.0,117951.0,1786.5646403882827,0.24418554782243,1.2340376161512163
ID1291071,1291071,25,1857.6783447265625,132.26402955188433,113.36830801313582,0.0,0.75,25,0.5,1,,5803.523809523809,6130.0,2557.0,8049.0,121874.0,1581.1560207344378,0.2644824876100177,1.535433960844289
ID1291070,1291070,26,1484.340576171875,211.2797561086999,110.21600295538116,0.0,0.75,25,0.5,1,,5675.285714285715,6052.0,3135.0,7525.0,119181.0,1282.9661002090875,0.21718387960601046,1.5786066926089353
ID1291069,1291069,13,1860.11669921875,213.25170807007063,93.7299773977369,0.0,0.75,25,0.5,1,,6178.285714285715,6808.0,2625.0,8522.0,129744.0,1751.8941504228255,0.2542870782612877,1.4299388482773254
ID1291068,1291068,14,4340.83740234375,68.75760846594618,92.56837196093372,0.0,0.75,25,0.5,1,,11938.0,11346.0,8370.0,16299.0,250698.0,2340.054764316425,0.3643500379325304,2.7247619168971613
ID1291051,1291051,16,2041.65673828125,145.49344661490224,24.13818207540139,0.0,0.75,25,0.5,1,,6200.285714285715,6135.0,3186.0,8928.0,130206.0,1823.026224245201,0.2779314766781667,1.4793772975696986
ID1291050,1291050,17,1748.765869140625,109.08816080851794,18.762426718885138,0.0,0.75,25,0.5,1,,5170.476190476191,5459.0,2286.0,7603.0,108580.0,1534.2844462174419,0.278099188177914,1.4665261720449354
ID1291049,1291049,18,22028.66796875,154.6746341370064,0.8156833582963218,0.0,0.75,25,0.5,1,,24400.52380952381,16779.0,3004.0,65535.0,512411.0,20138.91196817506,0.794951691511515,1.0732011138956659
ID1291055,1291055,48,1488.9049072265625,118.10321178379336,37.66191911823567,0.0,0.75,25,0.5,1,,4916.0952380952385,4800.0,2851.0,6620.0,103238.0,1134.9540917923468,0.25198950166079037,1.7436276565453066
ID1291054,1291054,19,5557.8955078125,208.32478559230535,33.0408058683128,0.0,0.75,25,0.5,1,,11005.761904761905,10418.0,3425.0,19511.0,231121.0,4252.772612129196,0.47630452616133295,1.6698855385437028
ID1291053,1291053,20,2251.063720703125,197.51512626829,31.825501126608078,0.0,0.75,25,0.5,1,,6863.952380952381,6785.0,4948.0,8810.0,144143.0,1161.0211658790065,0.3158664718768439,2.8382838667849826
ID1291052,1291052,21,1802.178955078125,138.02189691374468,27.03300151765696,0.0,0.75,25,0.5,1,,5653.333333333333,5839.0,2937.0,8133.0,118720.0,1637.708439659921,0.25453859723827477,1.400772544116725
ID1291091,1291091,1,24260.255859375,177.46246022857326,39.80513137381402,0.0,0.78,26,0.5,1,,27519.714285714286,18464.0,4989.0,65535.0,577914.0,21103.109752221015,0.8261485907785439,1.1799117136448025
ID1291090,1291090,2,2725.06298828125,198.01201795084614,38.48360046540486,0.0,0.78,26,0.5,1,,7122.285714285715,7272.0,2174.0,10889.0,149568.0,2676.2577817328647,0.33451979041762736,1.3341917216702628
ID1291089,1291089,35,21431.25390625,141.0178127862923,37.78602375103154,0.0,0.78,26,0.5,1,,24742.714285714286,18036.0,4304.0,65535.0,519597.0,19398.316329369558,0.774599176989019,1.1134995713308502
ID1291088,1291088,19,5457.78857421875,208.3246919881175,33.03620489018931,0.0,0.78,26,0.5,1,,10941.666666666666,10481.0,3244.0,19052.0,229775.0,4178.718515685561,0.476210186720144,1.68935468919473
ID1291095,1291095,4,1731.06005859375,112.81877245782555,61.58672167319283,0.0,0.78,26,0.5,1,,5341.857142857143,5293.0,3427.0,7613.0,112179.0,1216.9778669192915,0.2729531914893617,1.8824147958058715
ID1291094,1291094,5,7404.14501953125,160.23201826224448,51.74601434102134,0.0,0.78,26,0.5,1,,13386.42857142857,12662.0,6142.0,24036.0,281115.0,5311.577991251081,0.5308448937174802,1.747863898228691
ID1291093,1291093,6,11889.193359375,222.37702247336824,49.39616599781543,0.0,0.78,26,0.5,1,,18431.619047619046,16400.0,5109.0,38692.0,387064.0,10135.652122464497,0.6042573304569965,1.3699025698553857
ID1291092,1291092,7,20350.7578125,44.438510663386005,47.90214161448028,0.0,0.78,26,0.5,1,,22668.666666666668,15457.0,4698.0,65535.0,476042.0,17985.406774197054,0.7642045532122894,1.0919340018018149
ID1291099,1291099,8,2445.46435546875,130.74696287630658,69.6963240872978,0.0,0.78,26,0.5,1,,8473.238095238095,8389.0,5393.0,10628.0,177938.0,1618.0449284479682,0.26574731670887064,2.198926443199217
ID1291098,1291098,10,1488.6009521484375,155.51854727244557,64.61640914528232,0.0,0.78,26,0.5,1,,4999.952380952381,4855.0,2864.0,7003.0,104999.0,1151.6123686462595,0.23736134985934568,1.6657238343845011
ID1291097,1291097,11,1767.5931396484375,164.001576006517,63.213781983692236,0.0,0.78,26,0.5,1,,5638.952380952381,6022.0,2307.0,8112.0,118418.0,1807.5596940679573,0.24675850018566786,1.2348822785268636
ID1291096,1291096,45,2057.640869140625,192.49159052301673,62.485422873851334,0.0,0.78,26,0.5,1,,6825.190476190476,6813.0,4289.0,8995.0,143329.0,1155.7147407144903,0.2793352955359753,2.578906234277226
ID1291103,1291103,26,1535.66650390625,211.29494114466567,110.21035760174483,0.0,0.78,26,0.5,1,,5689.619047619048,5895.0,3159.0,7792.0,119482.0,1305.163149808884,0.22066214026999353,1.5760889804823093
ID1291102,1291102,13,1836.8123779296875,213.19556137400681,93.74823866274511,0.0,0.78,26,0.5,1,,6210.714285714285,6151.0,3462.0,8262.0,130425.0,1398.441280242297,0.2559612640426588,1.8101947958665408
ID1291101,1291101,14,3821.427734375,68.39191362208548,92.6277648991456,0.0,0.78,26,0.5,1,,11036.761904761905,10835.0,6749.0,15014.0,231772.0,2145.6246154619384,0.337374559959323,2.5952380493198106
ID1291100,1291100,15,2092.6201171875,197.50243872715083,75.07732820971982,0.0,0.78,26,0.5,1,,6638.428571428572,7313.0,2416.0,9496.0,139407.0,2182.6457928722325,0.2625346543856231,1.2648975464945218
ID1291083,1291083,18,21388.3046875,154.73068539511783,0.989605339842917,0.0,0.78,26,0.5,1,,24492.285714285714,22353.0,3720.0,65535.0,514338.0,20930.549283625736,0.7996813033166746,1.0399202242048815
ID1291087,1291087,20,1519.622802734375,197.17309519442364,31.507425739006464,0.0,0.78,26,0.5,1,,5522.047619047619,5457.0,3975.0,6614.0,115963.0,741.6630957645442,0.2780384087811387,3.239547573455487
ID1291086,1291086,21,1841.161865234375,138.04943969023216,27.017898998754273,0.0,0.78,26,0.5,1,,5656.666666666667,5747.0,2884.0,8229.0,118790.0,1630.3780952077752,0.258725151860585,1.4262970752655881
ID1291085,1291085,16,2064.919677734375,145.5428871675465,24.09335270892299,0.0,0.78,26,0.5,1,,6008.619047619048,6339.0,2422.0,9039.0,126181.0,2035.6963053508366,0.27165115771932113,1.2610585374478827
ID1291084,1291084,17,1722.978759765625,109.09226140478998,18.750745792531227,0.0,0.78,26,0.5,1,,5143.857142857143,5573.0,2285.0,7278.0,108021.0,1528.699293049954,0.27826705169155286,1.4649979649792881
ID1291107,1291107,23,1580.3001708984375,192.53558532778717,135.25986669885236,0.0,0.78,26,0.5,1,,7636.190476190476,7923.0,4450.0,9646.0,160360.0,1419.5042662509902,0.18370329484136907,1.6697218702664016
ID1291106,1291106,66,1461.123046875,59.56422267210967,126.51618406179979,0.0,0.78,26,0.5,1,,4903.047619047619,5209.0,2395.0,6621.0,102964.0,1248.4454123505152,0.24029122481956947,1.5217411655712525
ID1291105,1291105,24,23998.83984375,214.70396915313987,114.35048894123322,0.0,0.78,26,0.5,1,,25558.666666666668,14169.0,5412.0,65535.0,536732.0,22255.57493153869,0.842202622574678,1.0500465803631116
ID1291104,1291104,25,1889.1727294921875,132.2517669977843,113.3733719179555,0.0,0.78,26,0.5,1,,5788.619047619048,6163.0,2629.0,8091.0,121561.0,1606.7533561872674,0.2674827314279506,1.5205806078320796
ID1291111,1291111,27,1631.9189453125,144.93984115679322,155.06611866918112,0.0,0.78,26,0.5,1,,5707.476190476191,5930.0,2715.0,7816.0,119857.0,1544.9177524725262,0.21942415874640356,1.3295307539013657
ID1291110,1291110,49,2664.155029296875,65.32598425584112,148.18786965751494,0.0,0.78,26,0.5,1,,6873.857142857143,6510.0,4550.0,9635.0,144351.0,1548.1057872675979,0.3696745400621035,2.396801245894361
ID1291109,1291109,28,2923.7451171875,28.049629436747917,146.03497840684338,0.0,0.78,26,0.5,1,,7390.0952380952385,7252.0,3097.0,11361.0,155192.0,2417.6999794176677,0.3348538027050654,1.5335542941753666
ID1291108,1291108,29,14769.2822265625,29.425348733225864,138.3933237012219,0.0,0.78,26,0.5,1,,18987.666666666668,12730.0,6427.0,48762.0,398741.0,12501.964083028448,0.6852286141649986,1.235094004001695
ID1291115,1291115,31,1934.607177734375,119.8599800139956,175.04310857588257,0.0,0.78,26,0.5,1,,6264.714285714285,6533.0,4173.0,8626.0,131559.0,1405.5536326607087,0.27431225932158965,1.918903781242046
ID1291114,1291114,32,24431.884765625,111.1366077313785,175.21175886274338,0.0,0.78,26,0.5,1,,50021.666666666664,47821.0,28335.0,65535.0,1050455.0,12689.716751501324,0.5834016978653744,2.904777070083382
ID1291113,1291113,33,23928.34375,214.25049622014026,169.905252112303,0.0,0.78,26,0.5,1,,26154.85714285714,20285.0,4655.0,65535.0,549252.0,20916.01644263485,0.8423308111990074,1.1434533333533603
ID1291112,1291112,42,6465.90283203125,53.8199044040106,165.7284987529304,0.0,0.78,26,0.5,1,,13244.285714285714,13082.0,4388.0,21499.0,278130.0,4662.8366703419615,0.4829154375614552,1.8499629727192026
ID1291116,1291116,30,9049.2080078125,97.01256982778088,216.38482256954921,0.0,0.78,26,0.5,1,,17434.04761904762,16609.0,9792.0,28051.0,366115.0,5236.580272240562,0.5446602220934053,2.347865175738506
ID1291139,1291139,26,1526.0714111328125,211.30586339160462,110.20860208367728,0.0,0.8099999999999999,27,0.5,1,,5659.0,5928.0,3128.0,7554.0,118839.0,1301.9494613847344,0.22104731202028244,1.573723063380397
ID1291138,1291138,13,1793.8004150390625,213.20314298075795,93.748336397281,0.0,0.8099999999999999,27,0.5,1,,6099.333333333333,6572.0,2688.0,8303.0,128086.0,1679.2697321554192,0.24788608788741592,1.4430092485950277
ID1291137,1291137,14,4584.0390625,68.41801402000391,92.59407032077982,0.0,0.8099999999999999,27,0.5,1,,12397.333333333334,12150.0,8195.0,17019.0,260344.0,2649.8126223062136,0.36392366811868865,2.496682660644998
ID1291136,1291136,,1497.8839111328125,12.63328706863621,75.84822660413911,0.0,0.8099999999999999,27,0.5,1,,4724.761904761905,4726.0,3224.0,6480.0,99220.0,924.0774807753896,0.29523529464304726,2.330886580734985
ID1291143,1291143,28,1605.324462890625,27.968184716027952,145.66459684867303,0.0,0.8099999999999999,27,0.5,1,,5776.761904761905,5987.0,3390.0,7130.0,121312.0,1073.048969281547,0.2653551943767066,2.2579278646919665
ID1291142,1291142,29,14805.13671875,29.419363417099607,138.21690204636502,0.0,0.8099999999999999,27,0.5,1,,19061.571428571428,12440.0,5813.0,48721.0,400293.0,12602.08204850067,0.6802834595882187,1.224767780494391
ID1291141,1291141,24,23214.69921875,214.70281998647965,114.41291886668836,0.0,0.8099999999999999,27,0.5,1,,27000.619047619046,16275.0,6186.0,65535.0,567013.0,21306.443526492618,0.8394704416977712,1.1566590205262413
ID1291140,1291140,25,1876.9466552734375,132.2612067732051,113.36641991617594,0.0,0.8099999999999999,27,0.5,1,,5804.190476190476,6159.0,2635.0,8038.0,121888.0,1584.0935142550018,0.2676173866398825,1.547094969909025
ID1291147,1291147,33,24443.9453125,214.2205213193292,169.7578376429824,0.0,0.8099999999999999,27,0.5,1,,24732.285714285714,13437.0,5215.0,65535.0,519378.0,22145.830797562907,0.84738932366074,1.024535076535702
ID1291146,1291146,42,2634.165283203125,53.85595716737467,165.6909120115257,0.0,0.8099999999999999,27,0.5,1,,7466.238095238095,7954.0,3099.0,10767.0,156791.0,2217.1232014654015,0.31025938726947394,1.5948125876080754
ID1291145,1291145,27,1663.302001953125,144.94054956712534,155.04932344258296,0.0,0.8099999999999999,27,0.5,1,,5763.571428571428,6100.0,2761.0,7827.0,121035.0,1553.1699704613327,0.22840086582826777,1.3799403771955534
ID1291144,1291144,49,3915.53662109375,65.01190522697472,147.90598243051633,0.0,0.8099999999999999,27,0.5,1,,8397.238095238095,7929.0,4904.0,13105.0,176342.0,2509.7325535754185,0.442573133507091,2.0529871257451706
ID1291150,1291150,30,6089.8857421875,97.54062512970138,216.26924567259616,0.0,0.8099999999999999,27,0.5,1,,13790.904761904761,13403.0,8341.0,19882.0,289609.0,3967.0271728936004,0.4417102484723784,2.13018376201442
ID1291149,1291149,31,1988.434814453125,119.93352897679915,175.23340551564485,0.0,0.8099999999999999,27,0.5,1,,6272.047619047619,6129.0,2765.0,8404.0,131713.0,1731.248696062772,0.28541401592458093,1.6088373815858916
ID1291148,1291148,32,25280.197265625,111.0483199947385,175.1806009408108,0.0,0.8099999999999999,27,0.5,1,,48479.0,46635.0,21683.0,65535.0,1018059.0,14145.112491599351,0.5766368383767129,2.5069631886525885
ID1291123,1291123,35,18416.75,141.00021164764533,37.81521573830528,0.0,0.8099999999999999,27,0.5,1,,21826.904761904763,14121.0,4079.0,63186.0,458365.0,16651.397148301887,0.7212738480118572,1.0985546971500777
ID1291122,1291122,,1465.7510986328125,118.09539485363358,37.6650182902759,0.0,0.8099999999999999,27,0.5,1,,4926.952380952381,5051.0,2875.0,6556.0,103466.0,1104.136607317703,0.25574517339002284,1.8175713987689914
ID1291121,1291121,19,5420.30029296875,208.33063808344474,33.03933741941203,0.0,0.8099999999999999,27,0.5,1,,10839.809523809523,10328.0,3254.0,18835.0,227636.0,4214.40715426319,0.47224547795393507,1.6500713925254449
ID1291120,1291120,21,1880.8712158203125,138.05206527712372,27.021494907042374,0.0,0.8099999999999999,27,0.5,1,,5680.047619047619,5997.0,2948.0,8396.0,119281.0,1658.897298695446,0.2618350327883274,1.420978952233603
ID1291127,1291127,6,16562.3515625,222.3005526943241,49.497443889616626,0.0,0.8099999999999999,27,0.5,1,,22046.285714285714,16869.0,9695.0,53363.0,462972.0,12262.337885341674,0.6990816711682644,1.479468793816882
ID1291126,1291126,7,21836.142578125,44.45537185129533,47.559743991888084,0.0,0.8099999999999999,27,0.5,1,,25792.714285714286,18229.0,5825.0,65535.0,541647.0,17215.08470540548,0.8054844172521309,1.3368456820261272
ID1291125,1291125,1,24253.509765625,177.54635130694274,39.630454809100726,0.0,0.8099999999999999,27,0.5,1,,26268.190476190477,17490.0,4603.0,65535.0,551632.0,21485.244191349208,0.8196370563829676,1.1014294154219073
ID1291124,1291124,2,2753.5791015625,198.00138721224124,38.50025446943688,0.0,0.8099999999999999,27,0.5,1,,7112.666666666667,7181.0,2249.0,11029.0,149366.0,2676.4642223152046,0.3290100780800223,1.3157759269190477
ID1291131,1291131,11,1784.5618896484375,164.01579105814852,63.21765767751965,0.0,0.8099999999999999,27,0.5,1,,5644.666666666667,5979.0,2303.0,8213.0,118538.0,1796.1641164808225,0.2453675524981687,1.2383455996117545
ID1291130,1291130,45,2242.830322265625,192.44519271987554,62.63528774927026,0.0,0.8099999999999999,27,0.5,1,,7200.238095238095,6989.0,5971.0,9108.0,151205.0,994.8518937390581,0.3061857578379267,3.393114101927159
ID1291129,1291129,4,1667.435791015625,112.81926424826324,61.59357201094313,0.0,0.8099999999999999,27,0.5,1,,5285.428571428572,5279.0,3274.0,7173.0,110994.0,1152.287445537292,0.267829763461669,1.937970974784763
ID1291128,1291128,5,4967.5185546875,160.3142240834327,51.88779876299442,0.0,0.8099999999999999,27,0.5,1,,10233.52380952381,9958.0,6035.0,17861.0,214904.0,3197.714115099216,0.4422156252541451,1.962544230842369
ID1291135,1291135,15,2078.6669921875,197.73770713696857,74.9611755440293,0.0,0.8099999999999999,27,0.5,1,,6691.428571428572,6212.0,3497.0,9656.0,140520.0,1866.6993483533597,0.2544310098006828,1.4541115579960746
ID1291134,1291134,8,2439.655029296875,130.7344038261533,69.70779470952745,0.0,0.8099999999999999,27,0.5,1,,8484.952380952382,8558.0,5372.0,10764.0,178184.0,1663.0303207154848,0.2636235095462847,2.1288530183089653
ID1291133,1291133,50,1476.4053955078125,120.23497448201823,68.78813998838238,0.0,0.8099999999999999,27,0.5,1,,4901.666666666667,4837.0,2963.0,6468.0,102935.0,966.5466017390643,0.25836456969264326,2.082463734280889
ID1291132,1291132,10,1521.294921875,155.5139362310989,64.61604598982811,0.0,0.8099999999999999,27,0.5,1,,5020.666666666667,4813.0,2766.0,7172.0,105434.0,1225.4056199207403,0.23809668020082767,1.57583338637226
ID1291119,1291119,16,2048.86865234375,145.49455959845508,24.13541015437067,0.0,0.8099999999999999,27,0.5,1,,6240.9047619047615,6572.0,3063.0,9158.0,131059.0,1826.35620580329,0.2750908009997454,1.474439718697378
ID1291118,1291118,17,1700.193359375,109.10103924284445,18.748431727791782,0.0,0.8099999999999999,27,0.5,1,,5158.285714285715,5406.0,2245.0,7234.0,108324.0,1478.7072780931708,0.27949808684308014,1.5240260051811738
ID1291117,1291117,18,21850.287109375,154.86118965942768,0.7277589310973283,0.0,0.8099999999999999,27,0.5,1,,25805.47619047619,15346.0,8848.0,65535.0,541915.0,18694.912448629035,0.7211016878819565,1.1566671969911058
ID1291155,1291155,21,1888.19775390625,138.04580976735477,27.024088488873375,0.0,0.84,28,0.5,1,,5690.333333333333,6032.0,2944.0,8363.0,119497.0,1626.4327324956705,0.26681075454758046,1.4737478571941771
ID1291154,1291154,51,1481.5509033203125,141.59288003034771,24.699744750605916,0.0,0.84,28,0.5,1,,5891.428571428572,5746.0,4952.0,7205.0,123720.0,725.8277048603595,0.23169327762712458,3.053710998175805
ID1291153,1291153,16,2036.932861328125,145.4433556713774,24.149384440187756,0.0,0.84,28,0.5,1,,6229.619047619048,6327.0,3181.0,9063.0,130822.0,1831.7727882079282,0.27533359351024295,1.468436887558046
ID1291152,1291152,17,1755.2457275390625,109.07301404217388,18.76362011437034,0.0,0.84,28,0.5,1,,5213.428571428572,5574.0,2243.0,7614.0,109482.0,1503.9610224812534,0.2840196143789397,1.5335343837864472
ID1291159,1291159,2,2687.63427734375,197.99129304237036,38.490463437592425,0.0,0.84,28,0.5,1,,7079.190476190476,7104.0,2191.0,11066.0,148663.0,2679.2811091605827,0.3298995058718438,1.310865555050363
ID1291158,1291158,35,12698.25,140.50711508230765,37.97980638607912,0.0,0.84,28,0.5,1,,18572.809523809523,16816.0,7116.0,40642.0,390029.0,10690.564538971024,0.6442762915429021,1.3614582129103805
ID1291157,1291157,19,5425.99951171875,208.32726510549452,33.035056850306155,0.0,0.84,28,0.5,1,,10891.952380952382,10304.0,3284.0,18659.0,228731.0,4136.843307114622,0.4744673728016758,1.6944854522165222
ID1291156,1291156,20,1464.7628173828125,197.45079820161703,31.614725945120114,0.0,0.84,28,0.5,1,,5432.666666666667,5534.0,3919.0,6694.0,114086.0,780.0443149804588,0.2539188507235366,2.8206505885444084
ID1291163,1291163,5,6280.97607421875,160.3327416146313,51.493032067893694,0.0,0.84,28,0.5,1,,11764.666666666666,11104.0,5832.0,21962.0,247058.0,4332.796687283322,0.4811466536424936,1.764089924849117
ID1291162,1291162,6,12886.453125,222.38188107163944,49.66962268504282,0.0,0.84,28,0.5,1,,18941.380952380954,16977.0,6440.0,43049.0,397769.0,10518.071807494902,0.6225152212556571,1.3818684398351204
ID1291161,1291161,7,21220.21875,44.18651539105132,47.632220023223034,0.0,0.84,28,0.5,1,,25244.04761904762,19076.0,3966.0,65535.0,530125.0,18971.872607827067,0.8017055552651307,1.1841585687496117
ID1291160,1291160,1,23404.6640625,177.37359954531036,39.061377498138306,0.0,0.84,28,0.5,1,,27626.761904761905,23198.0,5960.0,65535.0,580162.0,19260.71723977267,0.8188089760632086,1.2914661601996726
ID1291167,1291167,10,1528.5096435546875,155.49532152220425,64.63100850992703,0.0,0.84,28,0.5,1,,5002.476190476191,4851.0,2719.0,7093.0,105052.0,1200.8322372025002,0.23747053550061442,1.5988493772947816
ID1291166,1291166,11,1789.8314208984375,163.99410558636663,63.227856856893894,0.0,0.84,28,0.5,1,,5646.047619047619,6138.0,2305.0,8040.0,118567.0,1790.8938404101589,0.2474558307408962,1.2507692733789613
ID1291165,1291165,45,1570.045654296875,192.5241856749995,62.456927267789474,0.0,0.84,28,0.5,1,,6058.476190476191,6083.0,4340.0,7378.0,127228.0,829.0186137263518,0.24856877538591304,2.90980055467295
ID1291164,1291164,4,1704.623046875,112.80191440757724,61.59804649562261,0.0,0.84,28,0.5,1,,5311.619047619048,5109.0,3459.0,7423.0,111544.0,1182.4056611920664,0.27128841809820153,1.9172448401479425
ID1291151,1291151,18,20555.82421875,155.05431625632048,0.786161413890248,0.0,0.84,28,0.5,1,,24535.904761904763,19023.0,4769.0,65535.0,515254.0,17847.398605692546,0.7601978612631527,1.1874690635594065
ID1291171,1291171,14,5401.3505859375,68.65357256523494,92.54149270843469,0.0,0.84,28,0.5,1,,13723.0,13899.0,8957.0,19261.0,288183.0,3354.2394070787495,0.39687769545208595,2.3247877657109135
ID1291170,1291170,15,2099.191650390625,197.69822880862762,74.97988295682714,0.0,0.84,28,0.5,1,,6744.476190476191,6396.0,3602.0,9658.0,141634.0,1851.4546070332813,0.2575242068395694,1.491993246245385
ID1291169,1291169,8,2445.949462890625,130.75355874757227,69.68517367577789,0.0,0.84,28,0.5,1,,8466.42857142857,8395.0,5313.0,10765.0,177795.0,1591.6423772766473,0.26598488117004393,2.235183501486106
ID1291168,1291168,50,1467.166748046875,120.22587056284775,68.79701867132813,0.0,0.84,28,0.5,1,,4880.523809523809,4817.0,2969.0,6470.0,102491.0,967.0700915159985,0.2551857096724499,2.052044826279308
ID1291175,1291175,24,24561.607421875,214.6963445028288,114.51399957402982,0.0,0.84,28,0.5,1,,25725.809523809523,13922.0,4398.0,65535.0,540242.0,22976.42013591118,0.843205651401863,1.0244161034546642
ID1291174,1291174,25,1897.400634765625,132.25159805886796,113.38400113471646,0.0,0.84,28,0.5,1,,5813.857142857143,5985.0,2770.0,8234.0,122091.0,1571.7658949638233,0.2677946301668581,1.5626418353565779
ID1291173,1291173,26,1516.635498046875,211.30510299416613,110.20850365735315,0.0,0.84,28,0.5,1,,5690.190476190476,6021.0,3030.0,7690.0,119494.0,1307.2828163426468,0.22049803174394972,1.5727325716834546
ID1291172,1291172,13,1863.9058837890625,213.2495966032325,93.73086462916437,0.0,0.84,28,0.5,1,,6167.761904761905,6468.0,2533.0,8585.0,129523.0,1746.0164347669213,0.25348459237118454,1.4287026003190963
ID1291179,1291179,27,1643.560302734375,144.9427934193736,155.07434090307513,0.0,0.84,28,0.5,1,,5749.0952380952385,5952.0,2806.0,7716.0,120731.0,1502.8555787154633,0.22253539142078654,1.3926753871628081
ID1291178,1291178,49,5434.029296875,64.6158955807049,147.91340457255723,0.0,0.84,28,0.5,1,,10131.047619047618,8691.0,4936.0,18077.0,212752.0,3847.191930177002,0.49699642974938807,1.748529660095615
ID1291177,1291177,28,2295.3427734375,28.17221513595124,144.96970962875756,0.0,0.84,28,0.5,1,,6521.9047619047615,7008.0,2385.0,9498.0,136960.0,2147.6640543800586,0.3006659050159113,1.4039657929825975
ID1291176,1291176,29,9690.1708984375,29.486327429848487,138.36311687644437,0.0,0.84,28,0.5,1,,14992.285714285714,13028.0,5351.0,30249.0,314838.0,7420.960093834606,0.6054607310678315,1.5237862249538352
ID1291183,1291183,30,6896.02587890625,97.10373597438841,216.2815409619445,0.0,0.84,28,0.5,1,,15568.809523809523,15133.0,8339.0,22054.0,326945.0,4058.309926792773,0.48054101987242087,2.4902916474075547
ID1291182,1291182,32,24773.09375,111.0833087072789,175.20436829771785,0.0,0.84,28,0.5,1,,48911.28571428572,47723.0,27665.0,65535.0,1027137.0,13133.992672233591,0.5717054881631644,2.7092151578019656
ID1291181,1291181,33,22345.431640625,214.29329478351394,169.5937831766586,0.0,0.84,28,0.5,1,,25626.619047619046,20102.0,4297.0,65535.0,538159.0,21449.494468346315,0.8235333811478557,1.0791249589239043
ID1291180,1291180,42,3056.967529296875,53.622631801677734,165.36442291623342,0.0,0.84,28,0.5,1,,8203.47619047619,8235.0,3450.0,12446.0,172273.0,2426.976650465505,0.3372413985753147,1.7048783200666922
ID1291216,1291216,30,10215.1298828125,96.90700937215763,216.4585481537661,0.0,0.87,29,0.5,1,,19281.47619047619,18980.0,9851.0,31277.0,404911.0,6538.825740291965,0.5893519555288552,2.186881047632039
ID1291203,1291203,15,2128.9267578125,197.490140945993,75.08005675053333,0.0,0.87,29,0.5,1,,6676.857142857143,7345.0,2260.0,9493.0,140214.0,2222.6793805160987,0.2668828374619245,1.26563784570852
ID1291202,1291202,8,2479.537841796875,130.74092207010554,69.69626441903377,0.0,0.87,29,0.5,1,,8480.142857142857,8474.0,5211.0,11013.0,178083.0,1669.4189493867104,0.2655788116967903,2.13192564333636
ID1291201,1291201,10,1531.3680419921875,155.50822615854682,64.62977284505573,0.0,0.87,29,0.5,1,,5024.523809523809,4806.0,2896.0,7068.0,105515.0,1193.3783816982616,0.2386958809871765,1.6226579028519774
ID1291200,1291200,11,1747.9727783203125,163.99604827203603,63.22627123554615,0.0,0.87,29,0.5,1,,5624.476190476191,6112.0,2262.0,7978.0,118114.0,1749.6913618992244,0.24727564211672698,1.274587126493158
ID1291207,1291207,25,1928.4515380859375,132.26632249469114,113.37559916601533,0.0,0.87,29,0.5,1,,5842.380952380952,6077.0,2657.0,8132.0,122690.0,1601.8970465104953,0.27088265682083473,1.5547516055653166
ID1291206,1291206,26,1516.836181640625,211.34389363601284,110.20043957978768,0.0,0.87,29,0.5,1,,5644.285714285715,5951.0,3061.0,7678.0,118530.0,1315.724216652454,0.21528171959716447,1.519862520961908
ID1291205,1291205,13,1853.4771728515625,213.2310688392252,93.73999610234084,0.0,0.87,29,0.5,1,,6099.809523809524,6683.0,2639.0,8501.0,128096.0,1740.7544806504914,0.25094497442194064,1.4058825601875071
ID1291204,1291204,14,8881.494140625,68.88913910090257,92.66818669074857,0.0,0.87,29,0.5,1,,18647.47619047619,17748.0,11201.0,30750.0,391597.0,5448.125270393914,0.4959014391154965,2.2693180146280336
ID1291211,1291211,49,3480.513916015625,64.53508790437972,148.15498776713446,0.0,0.87,29,0.5,1,,7873.571428571428,7990.0,4612.0,11904.0,165345.0,2339.8550290868143,0.42269310886740286,1.9995246227655565
ID1291210,1291210,28,3267.34326171875,28.120522601898728,144.88213419734765,0.0,0.87,29,0.5,1,,8160.619047619048,7671.0,3505.0,12856.0,171373.0,2813.119575776872,0.3445202328423016,1.4866621942824139
ID1291209,1291209,29,11137.4306640625,29.28683138097996,138.572321121934,0.0,0.87,29,0.5,1,,15537.714285714286,13065.0,5150.0,36356.0,326292.0,9128.153866707426,0.6276402923113791,1.3127636976258337
ID1291208,1291208,24,23253.71484375,214.60450393706313,114.45058984790475,0.0,0.87,29,0.5,1,,26450.0,17943.0,4580.0,65535.0,555450.0,20243.789146303614,0.816163785412235,1.1743192384006982
ID1291215,1291215,32,22627.642578125,111.12694075768763,175.2636943939598,0.0,0.87,29,0.5,1,,47340.23809523809,46554.0,23717.0,65535.0,994145.0,12059.95749538431,0.5556458362714229,2.804154832898972
ID1291214,1291214,33,19281.0859375,214.3708159289385,169.4224973890026,0.0,0.87,29,0.5,1,,25424.85714285714,22100.0,6890.0,57824.0,533922.0,14709.544473863609,0.7707691900846527,1.5047061037621556
ID1291213,1291213,42,3965.142333984375,53.911141872298664,165.57241836307944,0.0,0.87,29,0.5,1,,9824.761904761905,10164.0,4749.0,14707.0,206320.0,2879.195910402102,0.3818513045538121,1.8858788027323006
ID1291212,1291212,27,1682.98486328125,144.93196998509706,155.0380044490937,0.0,0.87,29,0.5,1,,5814.333333333333,6314.0,2709.0,7977.0,122101.0,1601.5180402772032,0.2311855868774385,1.3634377637486037
ID1291187,1291187,51,2048.126220703125,141.43121020899915,24.47468315363856,0.0,0.87,29,0.5,1,,6635.0952380952385,6498.0,5148.0,8775.0,139337.0,1076.6616880321276,0.28454090566605794,2.730201293040127
ID1291186,1291186,16,2050.898681640625,145.4712453210973,24.151506776931505,0.0,0.87,29,0.5,1,,6236.142857142857,6339.0,3071.0,8956.0,130959.0,1859.6805716497197,0.2778604722643719,1.4583139500645221
ID1291185,1291185,17,1732.7303466796875,109.09701924482732,18.753261920210836,0.0,0.87,29,0.5,1,,5187.238095238095,5437.0,2342.0,7386.0,108932.0,1519.7501737049386,0.28016922884823026,1.493987718851818
ID1291184,1291184,18,11914.2744140625,154.63240485537796,0.48915230366993995,0.0,0.87,29,0.5,1,,21518.571428571428,18242.0,8626.0,39972.0,451890.0,8982.9342843607,0.4790864633164172,1.5518350144403072
ID1291191,1291191,,1461.33203125,118.07751616258791,37.68152339976909,0.0,0.87,29,0.5,1,,4897.0,4914.0,2828.0,6726.0,102837.0,1109.7687146428304,0.2501830738946703,1.766086340838906
ID1291190,1291190,19,5424.21240234375,208.32992340528955,33.041426941383726,0.0,0.87,29,0.5,1,,10863.285714285714,10238.0,3429.0,18801.0,228129.0,4147.524142700765,0.4739283750954636,1.6843743019558814
ID1291189,1291189,20,1587.1177978515625,197.76108093241388,31.77722683606208,0.0,0.87,29,0.5,1,,5577.523809523809,5495.0,3877.0,6905.0,117128.0,795.4255853973783,0.2715836020698791,2.995232212262016
ID1291188,1291188,21,1823.5709228515625,138.05043089341547,27.024300653593137,0.0,0.87,29,0.5,1,,5656.809523809524,5942.0,3047.0,7973.0,118793.0,1547.4442677863274,0.26150336612147995,1.5155679212832314
ID1291195,1291195,7,21901.78515625,43.955961074712604,47.30142763576972,0.0,0.87,29,0.5,1,,24625.571428571428,17165.0,4998.0,65535.0,517137.0,18607.753622002383,0.7967117940513152,1.1736678092485027
ID1291194,1291194,1,23188.349609375,177.24423351588547,38.82689540541993,0.0,0.87,29,0.5,1,,28645.0,21709.0,8701.0,65535.0,601545.0,19175.3807237301,0.8090463953398993,1.3361602540303228
ID1291193,1291193,2,2738.102783203125,198.02030537385716,38.49098139170957,0.0,0.87,29,0.5,1,,7090.333333333333,7099.0,2307.0,11206.0,148897.0,2689.485626162247,0.3292298078425246,1.3059498437793273
ID1291192,1291192,35,19432.779296875,140.34199892622902,38.18410879950604,0.0,0.87,29,0.5,1,,23737.380952380954,16238.0,6715.0,63234.0,498485.0,16648.02574324112,0.7519706737014589,1.2239794551596892
ID1291199,1291199,45,1555.341796875,192.31102831374378,62.3325665743158,0.0,0.87,29,0.5,1,,6046.666666666667,5869.0,4790.0,7542.0,126980.0,743.40031835703,0.252464815762829,3.279129804165795
ID1291198,1291198,4,1674.5848388671875,112.81884520080128,61.59151553039533,0.0,0.87,29,0.5,1,,5276.571428571428,5388.0,3448.0,7242.0,110808.0,1222.5131316852417,0.26654493625396086,1.8166786730323656
ID1291197,1291197,5,7177.02685546875,160.3232179855392,51.429160120200414,0.0,0.87,29,0.5,1,,12552.857142857143,11943.0,5582.0,24245.0,263610.0,5212.129442806599,0.5149199236973183,1.637221382944217
ID1291196,1291196,6,7629.9873046875,222.2505549164322,49.66864860664015,0.0,0.87,29,0.5,1,,14612.095238095239,14133.0,6369.0,25374.0,306854.0,5558.588390092955,0.5121210085637716,1.780590363543765
ID1291283,1291283,30,8903.62890625,97.22925585709031,216.48381724552036,0.0,0.8999999999999999,30,0.5,1,,16966.809523809523,17455.0,8174.0,28494.0,356303.0,6022.2136097870825,0.5308755265894867,1.9540102993726935
ID1291282,1291282,52,1602.0814208984375,120.45174569969602,175.33508092387467,0.0,0.8999999999999999,30,0.5,1,,5343.333333333333,5654.0,2679.0,7316.0,112210.0,1309.0572689280377,0.2571550041947131,1.6698973222617235
ID1291281,1291281,32,21929.724609375,111.1641045598681,175.29705799279063,0.0,0.8999999999999999,30,0.5,1,,42230.76190476191,44106.0,14395.0,65535.0,886846.0,16129.474966361311,0.5278305004178281,1.809080898387068
ID1291280,1291280,33,20003.298828125,214.36683176148773,169.5127143568427,0.0,0.8999999999999999,30,0.5,1,,25484.761904761905,19361.0,9246.0,62409.0,535180.0,14442.529075285816,0.7774369960073341,1.5436125960547917
ID1291267,1291267,10,1528.096435546875,155.5023906950582,64.63052545878345,0.0,0.8999999999999999,30,0.5,1,,5039.857142857143,4850.0,2862.0,6883.0,105837.0,1189.515165338983,0.24045337642744227,1.6425881027669011
ID1291266,1291266,11,1756.5216064453125,163.98443376822678,63.233688153670876,0.0,0.8999999999999999,30,0.5,1,,5588.809523809524,5896.0,2178.0,8122.0,117365.0,1763.526541309986,0.24311077749926208,1.239543248905447
ID1291265,1291265,45,1909.4647216796875,192.1263302473127,61.93366607248732,0.0,0.8999999999999999,30,0.5,1,,6763.523809523809,6798.0,5130.0,8258.0,142034.0,932.823006740701,0.2836834513210141,3.204644282125782
ID1291264,1291264,4,1696.7154541015625,112.82647673136907,61.58732248875267,0.0,0.8999999999999999,30,0.5,1,,5294.380952380952,5163.0,3385.0,7358.0,111182.0,1189.9597252088188,0.2737937724567146,1.9126581911328535
ID1291271,1291271,13,1836.118896484375,213.249248440552,93.73060942134519,0.0,0.8999999999999999,30,0.5,1,,6151.523809523809,6632.0,2576.0,8363.0,129182.0,1731.3026488470357,0.25445498537157535,1.4414367614292884
ID1291270,1291270,14,14915.1923828125,68.81571284387023,92.67154691759093,0.0,0.8999999999999999,30,0.5,1,,25318.238095238095,24133.0,10892.0,51869.0,531683.0,11067.584523755677,0.5426142232119151,1.6093276392834226
ID1291269,1291269,15,2159.675048828125,197.53907643538355,75.06700444427204,0.0,0.8999999999999999,30,0.5,1,,6657.619047619048,7298.0,2428.0,9539.0,139810.0,2198.455536875615,0.26813690788661415,1.280624200119
ID1291268,1291268,8,2441.271484375,130.74788245153795,69.69951705730988,0.0,0.8999999999999999,30,0.5,1,,8472.190476190477,8336.0,5258.0,10771.0,177916.0,1652.8594803868725,0.2624191867024142,2.130991770123293
ID1291275,1291275,29,14066.24609375,28.899104205613366,138.61573784457138,0.0,0.8999999999999999,30,0.5,1,,18749.14285714286,13242.0,8048.0,44667.0,393732.0,10506.640925080263,0.6770086648568157,1.4408091051858989
ID1291274,1291274,24,16264.5625,214.54807676533596,114.39100974565473,0.0,0.8999999999999999,30,0.5,1,,23176.809523809523,21435.0,9675.0,48917.0,486713.0,12172.21988225257,0.7220343439592258,1.5967241910573686
ID1291273,1291273,25,1877.119384765625,132.27680878977378,113.36446247697171,0.0,0.8999999999999999,30,0.5,1,,5797.523809523809,5995.0,2739.0,8124.0,121748.0,1559.123683966337,0.26501207988122655,1.5579839008140806
ID1291272,1291272,26,1513.7747802734375,211.3173923055109,110.20601742685122,0.0,0.8999999999999999,30,0.5,1,,5657.0952380952385,5994.0,3161.0,7410.0,118799.0,1248.9053168580037,0.22060298603307116,1.637310059052083
ID1291279,1291279,42,4003.340576171875,53.888164519723695,165.48024579557173,0.0,0.8999999999999999,30,0.5,1,,9500.42857142857,9519.0,3716.0,15529.0,199509.0,3220.6636982371906,0.37777807460792406,1.6176527267921352
ID1291278,1291278,27,1666.443359375,144.92601391259444,155.04671842673872,0.0,0.8999999999999999,30,0.5,1,,5805.190476190476,6391.0,2744.0,7923.0,121909.0,1608.285814743375,0.22439493270282965,1.3230454397635212
ID1291277,1291277,49,3909.07763671875,64.3391024390082,148.03622916776928,0.0,0.8999999999999999,30,0.5,1,,8211.142857142857,7871.0,5480.0,13262.0,172434.0,2380.4354913694738,0.4437493947647522,2.120426120466341
ID1291276,1291276,28,4996.8583984375,27.87325869728464,144.61263460225874,0.0,0.8999999999999999,30,0.5,1,,11963.666666666666,12762.0,6865.0,17797.0,251237.0,3330.9815420283157,0.44803556550269397,2.222569421621644
ID1291251,1291251,18,13989.654296875,154.55277643048774,0.6688934571373043,0.0,0.8999999999999999,30,0.5,1,,21249.380952380954,19116.0,6975.0,45049.0,446237.0,10216.778056100615,0.5780919189126089,1.523796324206309
ID1291255,1291255,21,1813.544921875,138.0250776244807,27.033011249971455,0.0,0.8999999999999999,30,0.5,1,,5641.0,5953.0,2932.0,8010.0,118461.0,1590.9752983626113,0.2598825975476259,1.4627489005116177
ID1291254,1291254,51,2845.691162109375,141.82056016169653,24.637066734021285,0.0,0.8999999999999999,30,0.5,1,,8392.0,8143.0,5407.0,11282.0,176232.0,1691.9694737199013,0.322191241254211,2.4172546350021498
ID1291253,1291253,16,2029.1185302734375,145.4966755122615,24.129103493327626,0.0,0.8999999999999999,30,0.5,1,,6215.857142857143,6460.0,3181.0,9149.0,130533.0,1831.0410504877898,0.27442134181602296,1.4619677323005371
ID1291252,1291252,17,1718.5517578125,109.10902083051617,18.74309219047138,0.0,0.8999999999999999,30,0.5,1,,5198.047619047619,5382.0,2162.0,7437.0,109159.0,1520.841526135793,0.27902723378472444,1.4912590383047546
ID1291259,1291259,2,2761.3642578125,197.98508789040426,38.49545219384902,0.0,0.8999999999999999,30,0.5,1,,7143.333333333333,7095.0,2116.0,11100.0,150010.0,2738.589150152562,0.33334752357148645,1.304241164307325
ID1291258,1291258,35,17869.404296875,140.69861082022302,38.307040845620755,0.0,0.8999999999999999,30,0.5,1,,21967.761904761905,17000.0,6554.0,58577.0,461323.0,15844.7393254189,0.7236528647869787,1.1641560247870788
ID1291257,1291257,19,5415.333984375,208.32116768551603,33.04251856035917,0.0,0.8999999999999999,30,0.5,1,,10922.190476190477,10425.0,3370.0,18587.0,229366.0,4118.155444116304,0.47525494370495674,1.708820993205747
ID1291256,1291256,20,2861.8837890625,197.55594592613943,31.81743731475488,0.0,0.8999999999999999,30,0.5,1,,7539.333333333333,7114.0,4334.0,10764.0,158326.0,1722.7112739322667,0.35115996373258795,2.2748285602568274
ID1291263,1291263,5,6902.357421875,160.29575219878262,51.40300052898504,0.0,0.8999999999999999,30,0.5,1,,12401.0,11048.0,5541.0,23138.0,260421.0,5066.762901498352,0.510541605061445,1.65445351345167
ID1291262,1291262,6,6268.9697265625,222.15731164665743,49.83909233853462,0.0,0.8999999999999999,30,0.5,1,,12308.238095238095,11410.0,5291.0,22382.0,258473.0,5269.025316932553,0.44353751989471357,1.4354824475960681
ID1291261,1291261,7,17336.736328125,44.159178843442234,47.62839222926269,0.0,0.8999999999999999,30,0.5,1,,22123.904761904763,18381.0,4823.0,55559.0,464602.0,15880.836114338443,0.7425228908218587,1.1872707453546607
ID1291260,1291260,1,23885.173828125,177.4317397167716,38.81753608025745,0.0,0.8999999999999999,30,0.5,1,,27488.285714285714,17856.0,10180.0,65535.0,577254.0,19863.914169022322,0.8255929370004399,1.2516267718116596
ID1291219,1291219,16,2037.9814453125,145.53433831116723,24.108938243998736,0.0,0.9299999999999999,31,0.5,1,,5992.380952380952,6336.0,2402.0,9139.0,125840.0,2015.8302626012555,0.26968558360347017,1.2628070348078786
ID1291218,1291218,17,1713.5732421875,109.09228730101894,18.750554979894915,0.0,0.9299999999999999,31,0.5,1,,5122.0952380952385,5342.0,2138.0,7416.0,107564.0,1546.1037773953567,0.2757664635914383,1.4322184761235066
ID1291217,1291217,18,12739.076171875,154.61447587348522,0.7416391793234207,0.0,0.9299999999999999,31,0.5,1,,20395.52380952381,17384.0,10082.0,39264.0,428306.0,9100.678983565169,0.580547939531783,1.646347387897007
ID1291223,1291223,19,5494.01611328125,208.31973664596063,33.043648385921486,0.0,0.9299999999999999,31,0.5,1,,10965.666666666666,10315.0,3488.0,18872.0,230279.0,4179.441760969201,0.4762313579567529,1.6928182021320035
ID1291222,1291222,20,4180.0390625,197.65184091345955,31.848639996347643,0.0,0.9299999999999999,31,0.5,1,,9484.190476190477,9069.0,4917.0,15344.0,199168.0,2991.2859044071265,0.4041914323435968,1.8252952490533854
ID1291221,1291221,21,1821.421875,138.01758419278653,27.035844088971405,0.0,0.9299999999999999,31,0.5,1,,5630.619047619048,5961.0,2822.0,8048.0,118243.0,1625.0989654845785,0.26361875179501926,1.4456613300033931
ID1291220,1291220,51,3935.40576171875,142.1668362343352,24.741528721223816,0.0,0.9299999999999999,31,0.5,1,,9386.190476190477,9703.0,5935.0,14821.0,197110.0,2487.132196306574,0.3708043802095377,2.041690281532299
ID1291227,1291227,1,22499.513671875,177.67698442970527,39.184527763889086,0.0,0.9299999999999999,31,0.5,1,,25448.52380952381,16746.0,5461.0,65535.0,534419.0,19185.924175340235,0.8017519993919018,1.1804698685081476
ID1291226,1291226,2,2729.681640625,197.9670684960072,38.509320991431444,0.0,0.9299999999999999,31,0.5,1,,7076.428571428572,7091.0,2142.0,11171.0,148605.0,2675.814559558053,0.330938253029086,1.315155704413282
ID1291225,1291225,35,22092.142578125,140.64085626063508,38.245310995811224,0.0,0.9299999999999999,31,0.5,1,,26041.95238095238,19498.0,6011.0,65535.0,546881.0,18923.19653619914,0.7857421637015545,1.211073054689474
ID1291224,1291224,,1467.0416259765625,118.07775280443352,37.68225243724332,0.0,0.9299999999999999,31,0.5,1,,4888.380952380952,4931.0,2830.0,6616.0,102656.0,1130.232165362076,0.2532450723243539,1.747963557521461
ID1291231,1291231,4,1694.54541015625,112.81605681192585,61.589810903179156,0.0,0.9299999999999999,31,0.5,1,,5297.0952380952385,5400.0,3353.0,7332.0,111239.0,1193.6965236089911,0.2692768812847524,1.8828535728795006
ID1291230,1291230,5,5946.46630859375,160.0645877112382,51.04165254858604,0.0,0.9299999999999999,31,0.5,1,,11859.57142857143,11112.0,7293.0,19468.0,249051.0,3589.9877795255597,0.4830496143990895,2.1519990736461074
ID1291229,1291229,6,5429.3740234375,222.1056526248614,49.358978410805996,0.0,0.9299999999999999,31,0.5,1,,11681.190476190477,10730.0,5287.0,19960.0,245305.0,4234.855199638444,0.40932001853877087,1.6022559769498497
ID1291228,1291228,7,17264.671875,44.48171803738217,47.80867382861479,0.0,0.9299999999999999,31,0.5,1,,21347.095238095237,15014.0,8632.0,56126.0,448289.0,14304.081777257714,0.7335081734462493,1.262954959911611
ID1291250,1291250,30,6084.68212890625,97.60755337474639,216.76723907212207,0.0,0.9299999999999999,31,0.5,1,,12826.47619047619,12712.0,3905.0,21358.0,269356.0,4957.584286918858,0.43971036800319796,1.5803701646409511
ID1291249,1291249,32,22016.236328125,111.17197844364327,175.34059123628703,0.0,0.9299999999999999,31,0.5,1,,41874.28571428572,46095.0,12949.0,65535.0,879360.0,16787.373305978686,0.5198395229488426,1.7063425514159833
ID1291248,1291248,52,1939.4442138671875,120.27181131933058,175.02646106944485,0.0,0.9299999999999999,31,0.5,1,,6123.333333333333,6425.0,3565.0,8415.0,128590.0,1416.171258475942,0.27700832545180804,1.8758634195895538
ID1291235,1291235,8,2407.8095703125,130.7548123272052,69.69115608899129,0.0,0.9299999999999999,31,0.5,1,,8432.095238095239,8416.0,5113.0,10622.0,177074.0,1602.265050007704,0.2624087681794686,2.1878093772539557
ID1291234,1291234,10,1467.4447021484375,155.51263855971956,64.63168672986143,0.0,0.9299999999999999,31,0.5,1,,4962.428571428572,4767.0,2777.0,7080.0,104211.0,1171.1279849541884,0.23323497083459263,1.6027572209880128
ID1291233,1291233,11,1752.652587890625,164.0190278629959,63.22166900054291,0.0,0.9299999999999999,31,0.5,1,,5594.142857142857,5947.0,2251.0,8069.0,117477.0,1765.8801002818477,0.24150592587509406,1.2324841151927346
ID1291232,1291232,45,2144.001220703125,192.00541350055718,62.09111560844465,0.0,0.9299999999999999,31,0.5,1,,7319.0,7326.0,5700.0,9319.0,153699.0,990.2964202702138,0.3075142035771624,3.476444482528177
ID1291239,1291239,26,1531.3184814453125,211.33277418931903,110.19703216929018,0.0,0.9299999999999999,31,0.5,1,,5661.809523809524,6124.0,3079.0,7586.0,118898.0,1304.4140684248855,0.21730836743167106,1.5496928097362794
ID1291238,1291238,13,1857.192626953125,213.22626229197826,93.739293507645,0.0,0.9299999999999999,31,0.5,1,,6155.238095238095,6664.0,2724.0,8562.0,129260.0,1730.8110787940404,0.2552018392529373,1.4460903206221678
ID1291237,1291237,14,16988.69140625,69.01533766468911,92.52481743642274,0.0,0.9299999999999999,31,0.5,1,,28327.95238095238,23444.0,9567.0,56795.0,594887.0,14085.520166029335,0.5880874330567938,1.4894975031446627
ID1291236,1291236,15,2140.459716796875,197.72145711435368,74.96973007874607,0.0,0.9299999999999999,31,0.5,1,,6751.952380952381,6429.0,3297.0,9682.0,141791.0,1940.8030419439908,0.25728769235238724,1.4238434759487468
ID1291243,1291243,28,5171.103515625,27.9457024597686,144.90252793039136,0.0,0.9299999999999999,31,0.5,1,,10890.380952380952,11445.0,2280.0,18233.0,228698.0,5103.147974301652,0.4350380992852736,1.293894203579995
ID1291242,1291242,29,20090.62890625,28.83148571804663,138.28166664808046,0.0,0.9299999999999999,31,0.5,1,,23572.47619047619,20979.0,3771.0,65535.0,495022.0,18903.27103339273,0.7541885393306258,1.0722644298988664
ID1291241,1291241,24,13531.341796875,214.54289603771946,114.56996576885486,0.0,0.9299999999999999,31,0.5,1,,21201.47619047619,19788.0,7856.0,40572.0,445231.0,9276.227016514029,0.6659260867174205,1.8272376147266818
ID1291240,1291240,25,1886.1298828125,132.26526733865197,113.37036152909918,0.0,0.9299999999999999,31,0.5,1,,5818.809523809524,6091.0,2727.0,8055.0,122195.0,1575.004686312,0.2674374114733355,1.5591141897732916
ID1291247,1291247,33,21176.044921875,214.49875986897013,169.5275697939396,0.0,0.9299999999999999,31,0.5,1,,26987.190476190477,20846.0,6494.0,59367.0,566731.0,16825.770733072073,0.809945790783162,1.435499640865579
ID1291246,1291246,42,3563.78173828125,53.934525105756364,165.38667608730006,0.0,0.9299999999999999,31,0.5,1,,10113.380952380952,10525.0,7087.0,13298.0,212381.0,1914.1179032700804,0.3712362262212072,2.8608543507027946
ID1291245,1291245,27,1680.8282470703125,144.96817312559224,155.05278083530527,0.0,0.9299999999999999,31,0.5,1,,5899.9047619047615,5995.0,3009.0,7864.0,123898.0,1504.3222362499964,0.22697445853327114,1.45102731585153
ID1291244,1291244,49,3037.944091796875,64.41581007497079,147.96417811464698,0.0,0.9299999999999999,31,0.5,1,,7334.0,7113.0,4712.0,10765.0,154014.0,1774.009300990274,0.39883853416386,2.3574610868174757
ID1291287,1291287,51,5943.46337890625,142.28545518526195,24.56001077463886,0.0,0.96,32,0.5,1,,12268.57142857143,11866.0,7155.0,20388.0,257640.0,3814.932929573318,0.45015707176198766,1.9965772429788422
ID1291286,1291286,16,2020.5589599609375,145.50268648796794,24.135328816479127,0.0,0.96,32,0.5,1,,6221.9047619047615,6324.0,3280.0,8823.0,130660.0,1773.8714977348811,0.2743950314538212,1.5104396332866645
ID1291285,1291285,17,1704.5997314453125,109.09717987881125,18.75152937383489,0.0,0.96,32,0.5,1,,5161.571428571428,5382.0,2235.0,7324.0,108393.0,1518.031639045398,0.27755338558235104,1.477401671689358
ID1291284,1291284,18,11107.1572265625,154.45889808101606,0.701035691978988,0.0,0.96,32,0.5,1,,19008.666666666668,17656.0,8328.0,34495.0,399182.0,7648.542869941525,0.5453236230088339,1.7540332157040788
ID1291291,1291291,35,20742.9609375,141.17524452610684,38.23399702004596,0.0,0.96,32,0.5,1,,25767.904761904763,22900.0,4753.0,65535.0,541126.0,18263.000393978975,0.7532178290526358,1.2123323296776485
ID1291290,1291290,19,5398.33203125,208.3273283761576,33.0397823558677,0.0,0.96,32,0.5,1,,10893.57142857143,10412.0,3318.0,18763.0,228765.0,4119.344020246774,0.4731304766135218,1.6986813854647682
ID1291289,1291289,20,4386.2236328125,197.4699325926125,31.704538900374978,0.0,0.96,32,0.5,1,,9584.809523809523,8810.0,5132.0,15645.0,201281.0,3070.344665001759,0.42292091136256404,1.855687103288278
ID1291288,1291288,21,1816.98974609375,138.02875114063485,27.033326120344643,0.0,0.96,32,0.5,1,,5628.761904761905,6023.0,3011.0,7997.0,118204.0,1603.7242875495122,0.26323581150648623,1.462762138187905
ID1291295,1291295,6,5335.62451171875,221.73717257216344,49.427257229316204,0.0,0.96,32,0.5,1,,11082.904761904761,10299.0,5763.0,19502.0,232741.0,4336.710699421416,0.4107085605383183,1.4880571083098437
ID1291294,1291294,7,19467.818359375,44.400653625503146,47.98306397655606,0.0,0.96,32,0.5,1,,22020.809523809523,14059.0,5406.0,65535.0,462437.0,17227.460865197307,0.7463114455254859,1.092547696319419
ID1291293,1291293,1,24078.3359375,177.39923503148273,39.05207675920863,0.0,0.96,32,0.5,1,,28023.333333333332,21901.0,8619.0,65535.0,588490.0,19576.115984365577,0.8338753982968402,1.3018309597267659
ID1291292,1291292,2,2710.581298828125,197.999867306428,38.48809654187396,0.0,0.96,32,0.5,1,,7074.523809523809,7121.0,2181.0,11107.0,148565.0,2691.9585178647835,0.33318605353164227,1.3135750701694544
ID1291315,1291315,33,21826.84375,214.604878431203,169.71129760393728,0.0,0.96,32,0.5,1,,26176.14285714286,18059.0,8304.0,65535.0,549699.0,16423.97744849193,0.8011978359045393,1.417867535992536
ID1291314,1291314,42,5876.41259765625,54.166166951939864,165.26999487783957,0.0,0.96,32,0.5,1,,12798.42857142857,12747.0,6318.0,19761.0,268767.0,4056.1129739126914,0.4613408401080172,1.992264435441756
ID1291313,1291313,27,1593.6490478515625,144.94652291310612,155.06013556853145,0.0,0.96,32,0.5,1,,5653.809523809524,5899.0,2764.0,7753.0,118730.0,1457.4244618177515,0.22141583166068185,1.4064692444832776
ID1291312,1291312,49,2906.525390625,64.37502924304384,147.98680946525207,0.0,0.96,32,0.5,1,,7150.380952380952,6706.0,4632.0,10212.0,150158.0,1637.3449384961764,0.39104644296375335,2.455306447309904
ID1291318,1291318,30,8898.0166015625,97.36421569276848,216.89140091032425,0.0,0.96,32,0.5,1,,16511.0,17677.0,4825.0,28980.0,346731.0,7032.9690103113635,0.5324977788090753,1.6314832378485904
ID1291317,1291317,32,22254.2578125,111.12970527119984,175.36663002738925,0.0,0.96,32,0.5,1,,46143.333333333336,43559.0,26181.0,65535.0,969010.0,11599.13897379169,0.5496552497696473,2.822074641822474
ID1291316,1291316,52,1859.2176513671875,120.32459457677119,174.81459955624845,0.0,0.96,32,0.5,1,,6194.761904761905,6554.0,4223.0,8301.0,130090.0,1324.3998604938731,0.26838063965931364,1.9794159594473213
ID1291299,1291299,11,1787.0694580078125,163.99084903137245,63.226086239857686,0.0,0.96,32,0.5,1,,5634.333333333333,6176.0,2208.0,8160.0,118321.0,1807.0770136696813,0.248159282095727,1.2398135660756964
ID1291298,1291298,45,1943.6085205078125,192.346915882394,62.15721375816484,0.0,0.96,32,0.5,1,,6783.285714285715,6726.0,5023.0,8455.0,142449.0,986.5542632241343,0.2848673531477881,3.0488321402968936
ID1291297,1291297,4,1675.3052978515625,112.80893961763593,61.58968817664898,0.0,0.96,32,0.5,1,,5273.619047619048,5278.0,3293.0,7168.0,110746.0,1187.3126579039942,0.2688586538094798,1.8822808590869253
ID1291296,1291296,5,5939.18115234375,159.83406438828158,51.01076799721288,0.0,0.96,32,0.5,1,,11320.904761904761,10845.0,5992.0,20623.0,237739.0,4074.997115394831,0.47531244058498034,1.7901070531156549
ID1291303,1291303,15,2132.07275390625,197.75096078990285,74.95920221281986,0.0,0.96,32,0.5,1,,6752.0,6342.0,3643.0,9629.0,141792.0,1891.1275736977661,0.2597803525112653,1.4724924385649172
ID1291302,1291302,8,2449.8115234375,130.74652855402508,69.69982197356511,0.0,0.96,32,0.5,1,,8463.619047619048,8337.0,5310.0,10725.0,177736.0,1673.8314573513808,0.263308536374653,2.1078023562223387
ID1291301,1291301,,1465.017822265625,120.23836537324,68.7884127343624,0.0,0.96,32,0.5,1,,4869.238095238095,4821.0,2967.0,6572.0,102254.0,962.7648676993725,0.25332595763759475,2.044496782365033
ID1291300,1291300,10,1495.6920166015625,155.49614280083176,64.63790516024928,0.0,0.96,32,0.5,1,,4968.666666666667,4862.0,2784.0,6986.0,104342.0,1194.9911436212963,0.23702595573220936,1.593390653530792
ID1291307,1291307,26,1524.8133544921875,211.3392657867793,110.19657726536684,0.0,0.96,32,0.5,1,,5664.9047619047615,6051.0,3183.0,7666.0,118963.0,1281.1212629865256,0.21987841002457176,1.594037052467718
ID1291306,1291306,,1498.66552734375,86.29460475330313,106.52583346981382,0.0,0.96,32,0.5,1,,4800.047619047619,4906.0,2931.0,6621.0,100801.0,1119.9019366083119,0.2747757874209992,1.8477371933294722
ID1291305,1291305,13,1863.994384765625,213.21281698153157,93.73993289897979,0.0,0.96,32,0.5,1,,6153.285714285715,6680.0,2681.0,8387.0,129219.0,1717.999014634675,0.2550249141891454,1.45560798429127
ID1291304,1291304,14,17177.634765625,69.31650436573852,92.49802541687723,0.0,0.96,32,0.5,1,,29815.14285714286,29009.0,9968.0,60127.0,626118.0,13812.479409163709,0.633139005619996,1.6736751381595962
ID1291311,1291311,28,7283.05419921875,27.783376513311847,144.8301692914055,0.0,0.96,32,0.5,1,,14276.952380952382,14384.0,5907.0,23642.0,299816.0,4825.096356304094,0.519724152852422,2.023800274073817
ID1291310,1291310,29,21164.6640625,28.885427818312277,138.11155409370028,0.0,0.96,32,0.5,1,,26789.285714285714,21240.0,7223.0,65535.0,562575.0,16742.783625021428,0.773886286394905,1.3960945755497887
ID1291309,1291309,24,21316.478515625,214.47169301403846,114.74016338322316,0.0,0.96,32,0.5,1,,26238.619047619046,21385.0,10046.0,65535.0,551011.0,16616.180007679835,0.7952217429267721,1.3989749170311798
ID1291308,1291308,25,1919.349609375,132.26450488726704,113.36704828090654,0.0,0.96,32,0.5,1,,5853.333333333333,6224.0,2806.0,8399.0,122920.0,1607.6391489800606,0.270524304527509,1.5504865060041277
ID1291347,1291347,49,2516.990234375,64.24275386665303,147.8003368781298,0.0,0.99,33,0.5,1,,6877.428571428572,6968.0,5401.0,9174.0,144426.0,1249.6839829104224,0.361303845297384,2.9212813970187956
ID1291346,1291346,28,15845.3232421875,27.28374681966086,144.67598409966828,0.0,0.99,33,0.5,1,,22786.714285714286,21861.0,7462.0,47185.0,478521.0,12348.36357232349,0.7040883815427299,1.5248859295708768
ID1291345,1291345,29,18662.357421875,28.668504417849654,138.27042459826905,0.0,0.99,33,0.5,1,,25064.714285714286,20461.0,6379.0,57974.0,526359.0,14397.089175048048,0.7344707318759381,1.4744348173978257
ID1291344,1291344,24,25337.888671875,214.41215647456755,114.95801253475034,0.0,0.99,33,0.5,1,,26185.619047619046,12432.0,5966.0,65535.0,549898.0,21959.527015571603,0.8437595141630746,1.09140080050056
ID1291351,1291351,57,1840.377685546875,129.39817255241124,170.9228939582087,0.0,0.99,33,0.5,1,,6123.285714285715,6000.0,4075.0,8321.0,128589.0,1205.1896175646862,0.2770397782734653,2.2044326965450685
ID1291350,1291350,33,22560.99609375,214.73348190680275,169.57321944418894,0.0,0.99,33,0.5,1,,26747.85714285714,21719.0,5350.0,65535.0,561705.0,20230.457588215137,0.8142700821943831,1.1868062476566503
ID1291349,1291349,42,8052.646484375,54.06462091091357,165.21485818458027,0.0,0.99,33,0.5,1,,14903.809523809523,15197.0,5093.0,26693.0,312980.0,5999.587957677157,0.5272061900874915,1.7150970009725648
ID1291348,1291348,27,1648.3948974609375,144.95740344595646,155.04286356963746,0.0,0.99,33,0.5,1,,5718.952380952381,5923.0,2818.0,7794.0,120098.0,1491.4468973513765,0.22913379475321505,1.4296465120033348
ID1291354,1291354,30,15976.6611328125,97.48379162288367,216.72349969133347,0.0,0.99,33,0.5,1,,23818.14285714286,22519.0,7455.0,48947.0,500181.0,11550.07982780082,0.7033916527134316,1.7030821652902288
ID1291353,1291353,32,23361.646484375,111.27373487726898,175.44656093998515,0.0,0.99,33,0.5,1,,45577.04761904762,44633.0,27801.0,65535.0,957118.0,13078.690230585746,0.5540651958634472,2.4848693959224026
ID1291352,1291352,52,1875.348388671875,120.582799273903,174.82781077870607,0.0,0.99,33,0.5,1,,5920.285714285715,6011.0,2486.0,8184.0,124326.0,1749.3970430653283,0.27801528947752835,1.4723698137633434
ID1291331,1291331,6,8584.9140625,221.90905872568646,49.09945036100449,0.0,0.99,33,0.5,1,,15616.380952380952,14625.0,7472.0,27903.0,327944.0,6006.0830869726615,0.530397889424301,1.8022560155573244
ID1291330,1291330,7,20587.31640625,44.42418961332933,47.96149272780742,0.0,0.99,33,0.5,1,,26474.47619047619,20482.0,7475.0,60076.0,555964.0,14531.193287610786,0.792655960422911,1.6111792958796305
ID1291329,1291329,1,22399.5,177.0502412601999,39.13202607383953,0.0,0.99,33,0.5,1,,28149.0,23995.0,7295.0,65535.0,591129.0,18529.71150342066,0.8047952702796757,1.3548205651173757
ID1291328,1291328,2,2640.46826171875,198.02622410966634,38.4706920371659,0.0,0.99,33,0.5,1,,7024.142857142857,7176.0,2140.0,10815.0,147507.0,2656.829657424696,0.3280764850457214,1.3062058877787672
ID1291335,1291335,11,1721.0997314453125,164.02636922992363,63.21057948670635,0.0,0.99,33,0.5,1,,5583.238095238095,6188.0,2223.0,7855.0,117248.0,1760.4216797336342,0.24417909447461122,1.2448729065097766
ID1291334,1291334,45,1732.772216796875,192.15561173327515,62.134648427905425,0.0,0.99,33,0.5,1,,6439.619047619048,6490.0,4759.0,8088.0,135232.0,928.7810547265959,0.27197054140447624,2.9649791003227746
ID1291333,1291333,4,1659.3319091796875,112.83144690282657,61.57741125894792,0.0,0.99,33,0.5,1,,5266.380952380952,5290.0,3403.0,7210.0,110594.0,1141.4557142609815,0.270735980888942,1.9659562582902388
ID1291332,1291332,5,3831.90625,159.9430122157742,51.029499243156856,0.0,0.99,33,0.5,1,,8956.714285714286,8974.0,5688.0,14163.0,188091.0,2414.7855420897554,0.3914461912331367,2.086920017482436
ID1291339,1291339,53,1555.63525390625,12.50305068022695,75.41569026932238,0.0,0.99,33,0.5,1,,4716.952380952381,4671.0,3138.0,6301.0,99056.0,895.9403147637947,0.32238549669274336,2.567023395949961
ID1291338,1291338,15,2102.616943359375,197.71003220174268,74.97892399666229,0.0,0.99,33,0.5,1,,6711.666666666667,6389.0,3510.0,9570.0,140945.0,1864.8099456334237,0.2556247353789701,1.4654425970987168
ID1291337,1291337,8,2426.906982421875,130.75014226982753,69.68938557290981,0.0,0.99,33,0.5,1,,8429.809523809523,8333.0,5156.0,10800.0,177026.0,1640.9014784272586,0.26112216545204303,2.127413107476189
ID1291336,1291336,10,1461.769775390625,155.5016483323538,64.62325804197108,0.0,0.99,33,0.5,1,,4953.0,4851.0,2704.0,6907.0,104013.0,1170.7213161124214,0.2328946140203491,1.598373561877051
ID1291343,1291343,25,1889.267578125,132.27039141659353,113.36794320159946,0.0,0.99,33,0.5,1,,5797.761904761905,6042.0,2685.0,8061.0,121753.0,1562.5051969437386,0.26660026065068493,1.5620318973450207
ID1291342,1291342,26,1459.708251953125,211.29466417409083,110.20825167028632,0.0,0.99,33,0.5,1,,5561.428571428572,5905.0,3118.0,7461.0,116790.0,1315.3398257267424,0.21207180386974983,1.4795613283999547
ID1291341,1291341,13,1816.217041015625,213.26010822941478,93.72484730008374,0.0,0.99,33,0.5,1,,6102.761904761905,6479.0,2668.0,8183.0,128158.0,1653.3104035468325,0.2536268430889726,1.4935816073784927
ID1291340,1291340,14,20656.263671875,69.63082948277453,92.62167444162901,0.0,0.99,33,0.5,1,,31589.238095238095,29151.0,9771.0,65535.0,663374.0,16493.213889065897,0.6496886654390742,1.5085758651030707
ID1291319,1291319,18,8283.55859375,154.92572188095204,0.7675751257237557,0.0,0.99,33,0.5,1,,15795.380952380952,15801.0,4536.0,27021.0,331703.0,6321.733587206839,0.5293317902969795,1.729617901976632
ID1291323,1291323,21,1804.468994140625,138.02996862296385,27.031814620550076,0.0,0.99,33,0.5,1,,5585.9047619047615,6067.0,2928.0,7941.0,117304.0,1562.945741373062,0.2622260707594406,1.48497226503543
ID1291322,1291322,51,5071.6962890625,142.44404871806591,24.486818076928202,0.0,0.99,33,0.5,1,,11007.57142857143,10718.0,6632.0,18182.0,231159.0,3592.731962886023,0.41464268968284473,1.7960728318550057
ID1291321,1291321,16,1983.8160400390625,145.48032050721264,24.143469740855625,0.0,0.99,33,0.5,1,,6207.0952380952385,6223.0,3256.0,8846.0,130349.0,1781.833126439227,0.26720119278948734,1.4690757685627
ID1291320,1291320,17,1705.532958984375,109.0927129492179,18.76117758169075,0.0,0.99,33,0.5,1,,5166.761904761905,5397.0,2352.0,7304.0,108502.0,1474.8428358561432,0.2790703752612557,1.5286990568195291
ID1291327,1291327,35,20177.736328125,141.38895692442532,38.18341722884596,0.0,0.99,33,0.5,1,,26795.238095238095,23764.0,8270.0,58346.0,562700.0,16063.180562717838,0.76556732110978,1.4466223812626458
ID1291326,1291326,54,1460.1033935546875,118.11034047939772,37.65601568496114,0.0,0.99,33,0.5,1,,4907.333333333333,4951.0,2821.0,6559.0,103054.0,1111.702268295488,0.2535636539230723,1.785778838977088
ID1291325,1291325,19,5374.763671875,208.3195307795978,33.03082019565246,0.0,0.99,33,0.5,1,,10816.619047619048,10395.0,3314.0,18445.0,227149.0,4068.5842436428734,0.4723446321985741,1.7057984845555818
ID1291324,1291324,20,4745.52392578125,197.3121089648623,31.75277265163509,0.0,0.99,33,0.5,1,,9853.095238095239,9876.0,6003.0,17305.0,206915.0,3173.1841091364668,0.42917683604292023,1.8649092828287057
ID1291355,1291355,18,6851.677734375,154.9460175572877,0.7840666423728574,0.0,1.02,34,0.5,1,,12362.952380952382,11734.0,2020.0,23959.0,259622.0,6698.684172852088,0.4704655392756111,1.1809612734899984
ID1291359,1291359,21,1832.330322265625,137.94554742262005,27.070040626267723,0.0,1.02,34,0.5,1,,5466.190476190476,6134.0,2034.0,7963.0,114790.0,1886.5344051738793,0.27806578727041176,1.260794701082808
ID1291358,1291358,51,4576.6806640625,142.66261271430238,24.47461693727953,0.0,1.02,34,0.5,1,,10297.857142857143,9196.0,5359.0,16970.0,216255.0,3387.4261952950988,0.3885886756642767,1.701467029146684
ID1291357,1291357,16,2060.57373046875,145.49938779453768,24.13813781295934,0.0,1.02,34,0.5,1,,6339.380952380952,6492.0,3191.0,9110.0,133127.0,1857.2866089053264,0.26986795768074073,1.4507436434071568
ID1291356,1291356,17,1700.1806640625,109.09349590364424,18.75742489449191,0.0,1.02,34,0.5,1,,5171.809523809524,5329.0,2272.0,7423.0,108608.0,1485.2988796551226,0.2783449273023529,1.5163306803103342
ID1291394,1291394,30,9919.09765625,97.72796040325149,216.32942193760877,0.0,1.02,34,0.5,1,,18313.904761904763,15266.0,10917.0,29678.0,384592.0,6010.79353251101,0.5703021606233288,2.2130994247802867
ID1291393,1291393,32,23421.1328125,111.27918696084643,175.4441923524269,0.0,1.02,34,0.5,1,,45675.333333333336,44107.0,27091.0,65535.0,959182.0,13321.81911126755,0.5510427003158614,2.4361817658646743
ID1291392,1291392,52,1720.53515625,120.2743363067683,174.7152356504704,0.0,1.02,34,0.5,1,,6019.190476190476,5908.0,3877.0,7870.0,126403.0,1114.7127710333107,0.257050228605667,2.208363033204106
ID1291379,1291379,13,1814.6800537109375,213.18289961329853,93.7456682475434,0.0,1.02,34,0.5,1,,6146.761904761905,6103.0,3344.0,8535.0,129082.0,1389.9038781427262,0.25184791543220814,1.7794197641800698
ID1291378,1291378,14,19246.91015625,69.80768230996362,92.59415353731804,0.0,1.02,34,0.5,1,,31195.666666666668,29880.0,8086.0,64328.0,655109.0,15185.745534327029,0.6605109857560166,1.6342799051801475
ID1291377,1291377,53,1874.73388671875,12.663844720361386,75.50139469112248,0.0,1.02,34,0.5,1,,5189.476190476191,4991.0,3159.0,7410.0,108979.0,1123.779320820935,0.34373637184865224,2.362565725382944
ID1291376,1291376,15,2119.6923828125,197.52581127386637,75.07169388979396,0.0,1.02,34,0.5,1,,6668.523809523809,7272.0,2368.0,9545.0,140039.0,2177.5432399621277,0.2655470447569129,1.2851567236333137
ID1291383,1291383,25,1873.9017333984375,132.2670495951265,113.36564723812337,0.0,1.02,34,0.5,1,,5822.047619047619,6180.0,2694.0,8030.0,122263.0,1589.8070472919183,0.26349654900600483,1.527433117731807
ID1291382,1291382,26,1541.966552734375,211.34664482869482,110.18923858560781,0.0,1.02,34,0.5,1,,5648.0,5929.0,3083.0,7755.0,118608.0,1283.0543246488046,0.2211613960421953,1.5944683201501857
ID1291381,1291381,,1698.396728515625,99.51652002470296,107.97562151286884,0.0,1.02,34,0.5,1,,5563.857142857143,5641.0,3902.0,7639.0,116841.0,1127.0516973819028,0.2591001687465412,2.031746603963178
ID1291380,1291380,,1465.4285888671875,86.31915924080685,106.50698928896924,0.0,1.02,34,0.5,1,,4790.761904761905,4909.0,2740.0,6363.0,100606.0,1145.1835182520706,0.2730853887548222,1.7947353814375409
ID1291387,1291387,49,2809.507080078125,64.05714598914582,147.6213697584444,0.0,1.02,34,0.5,1,,7088.9047619047615,6786.0,4170.0,10138.0,148867.0,1700.387541261165,0.3768895750550109,2.2823184246915615
ID1291386,1291386,28,19008.2890625,26.719380751046458,144.74816504894483,0.0,1.02,34,0.5,1,,25233.95238095238,18547.0,9070.0,56695.0,529913.0,13311.987956260291,0.7642895044447966,1.6423299162377505
ID1291385,1291385,29,14565.349609375,28.906426560901703,138.36661195274627,0.0,1.02,34,0.5,1,,21753.761904761905,18892.0,6448.0,45105.0,456829.0,10183.405343522185,0.6590461921432256,1.6971831550453895
ID1291384,1291384,24,23272.74609375,214.4468146155391,115.00428415450453,0.0,1.02,34,0.5,1,,24771.14285714286,13171.0,5391.0,65535.0,520194.0,20433.32623017044,0.8247584937149967,1.095868323647825
ID1291391,1291391,57,1575.968994140625,129.29446691349693,170.71911151269833,0.0,1.02,34,0.5,1,,5391.476190476191,5481.0,3623.0,7469.0,113221.0,1210.762017039171,0.23231482473361031,1.6789360347799127
ID1291390,1291390,33,23606.29296875,214.8628289840811,169.82057439831732,0.0,1.02,34,0.5,1,,25834.52380952381,18608.0,4184.0,65535.0,542525.0,21161.16048003759,0.8456121049923612,1.1187208625251444
ID1291389,1291389,42,10242.05078125,53.98484506332649,164.71060577795606,0.0,1.02,34,0.5,1,,16789.428571428572,15150.0,3547.0,33894.0,352578.0,8619.208650284714,0.5725218497850277,1.418384229932329
ID1291388,1291388,27,1630.7283935546875,144.9446922795985,155.04255908582363,0.0,1.02,34,0.5,1,,5692.523809523809,6157.0,2635.0,7636.0,119543.0,1521.9339216617657,0.22600991358673087,1.379026341121911
ID1291363,1291363,35,13040.27734375,141.64819108787788,38.34954520923976,0.0,1.02,34,0.5,1,,23059.52380952381,23788.0,11956.0,36338.0,484250.0,7465.906673800895,0.669041039257974,2.476187440262747
ID1291362,1291362,54,1465.7109375,118.09111764756187,37.67222617744489,0.0,1.02,34,0.5,1,,4888.9047619047615,4975.0,2757.0,6742.0,102667.0,1150.8673644152875,0.2514315527489677,1.7069821300048331
ID1291361,1291361,19,5437.15673828125,208.3294728430894,33.035955521377744,0.0,1.02,34,0.5,1,,10840.190476190477,10319.0,3099.0,19190.0,227644.0,4241.179666308039,0.474955555534716,1.6460926525176198
ID1291360,1291360,20,2771.4052734375,197.16130365774129,31.66966394722839,0.0,1.02,34,0.5,1,,7361.952380952381,7147.0,4276.0,10288.0,154601.0,1852.914069140565,0.35941688547615064,2.1009394555975516
ID1291367,1291367,55,1507.140869140625,34.556057580518505,45.49232236568639,0.0,1.02,34,0.5,1,,4690.333333333333,5112.0,1919.0,6675.0,98497.0,1422.1766533498337,0.254653050880865,1.3387682239024599
ID1291366,1291366,56,2978.659423828125,18.411825980217163,43.48135881048153,0.0,1.02,34,0.5,1,,6651.571428571428,6243.0,3783.0,10144.0,139683.0,1919.0633801786894,0.4275261319824968,2.0760773725875605
ID1291365,1291365,1,24014.625,177.11208602195794,39.15906254771785,0.0,1.02,34,0.5,1,,27800.0,22056.0,5752.0,65535.0,583800.0,19813.719514518216,0.811770678264926,1.257299996370215
ID1291364,1291364,2,2734.01416015625,198.00071060331734,38.486497580447015,0.0,1.02,34,0.5,1,,7075.333333333333,6966.0,2125.0,10958.0,148582.0,2724.528772711592,0.3329526886473824,1.2973384609898717
ID1291371,1291371,4,1706.274169921875,112.81579605854513,61.58222815382935,0.0,1.02,34,0.5,1,,5274.523809523809,5094.0,3270.0,7451.0,110765.0,1207.983469218334,0.2698486924569783,1.8557548468733949
ID1291370,1291370,5,3295.221923828125,159.81379490792744,51.12318066565281,0.0,1.02,34,0.5,1,,8383.380952380952,8063.0,5198.0,12493.0,176051.0,2057.049549140479,0.3641904935331113,2.175995689676637
ID1291369,1291369,6,4584.412109375,221.745551627886,49.125558756453266,0.0,1.02,34,0.5,1,,10705.238095238095,9536.0,6861.0,17171.0,224810.0,3019.495171460983,0.3863863031307934,1.9761934288517315
ID1291368,1291368,7,22602.7421875,44.28230197402646,47.7466727723128,0.0,1.02,34,0.5,1,,27212.85714285714,17691.0,10741.0,65535.0,571470.0,17358.36126564289,0.8157289537996386,1.4086083982502617
ID1291375,1291375,8,2423.09765625,130.74822925993155,69.6962483887895,0.0,1.02,34,0.5,1,,8491.809523809523,8395.0,5252.0,10585.0,178328.0,1612.2030771291693,0.26366148349499496,2.1979936682037216
ID1291374,1291374,10,1507.32275390625,155.5034747012101,64.6262507331243,0.0,1.02,34,0.5,1,,5014.571428571428,4774.0,2738.0,7008.0,105306.0,1185.5745683603614,0.23931646365243509,1.6335231756134698
ID1291373,1291373,11,1768.4251708984375,164.02324976450598,63.217573353796126,0.0,1.02,34,0.5,1,,5640.714285714285,6156.0,2245.0,8000.0,118455.0,1775.4431881323926,0.24739317580501347,1.2602063681821583
ID1291372,1291372,45,2079.75,192.4944152493916,62.365606442137675,0.0,1.02,34,0.5,1,,7105.619047619048,7021.0,5665.0,8760.0,149218.0,907.9620849017033,0.2962784669040048,3.577387491753502
ID1291411,1291411,4,1685.9449462890625,112.80808500964511,61.59824022330256,0.0,1.05,35,0.5,1,,5242.047619047619,5120.0,3379.0,7166.0,110083.0,1175.3982931836542,0.27115498320066284,1.9026766460142197
ID1291410,1291410,5,3390.115966796875,159.72067919528416,51.09306634904162,0.0,1.05,35,0.5,1,,8404.047619047618,7827.0,5022.0,12304.0,176485.0,2162.0337989076506,0.3711665295707318,2.1044306767661722
ID1291409,1291409,6,3078.2353515625,221.62220749024183,48.9628866810528,0.0,1.05,35,0.5,1,,8262.42857142857,7906.0,5420.0,11916.0,173511.0,1935.4566017203429,0.34493374790485737,2.189722455253098
ID1291408,1291408,7,22191.24609375,44.532621040394154,47.84950488707353,0.0,1.05,35,0.5,1,,26787.619047619046,19835.0,6760.0,65535.0,562540.0,20291.757315413048,0.8236712114085024,1.192481897059038
ID1291415,1291415,58,1453.5281982421875,120.23703507839214,68.77790655145483,0.0,1.05,35,0.5,1,,4890.428571428572,4806.0,2976.0,6440.0,102699.0,954.692231634288,0.25650047558713096,2.0914093458382212
ID1291414,1291414,10,1482.9947509765625,155.48704577314422,64.64032750511163,0.0,1.05,35,0.5,1,,4977.142857142857,4830.0,2828.0,7026.0,104520.0,1187.5281169603643,0.23555784514650266,1.5980880022848054
ID1291413,1291413,11,1787.380859375,163.99901859325416,63.22240042812478,0.0,1.05,35,0.5,1,,5670.714285714285,6181.0,2226.0,8220.0,119085.0,1798.8058022715277,0.25121313118074784,1.265885791502019
ID1291412,1291412,45,2151.0625,192.66973780356915,62.14539674355551,0.0,1.05,35,0.5,1,,7328.190476190476,7290.0,5992.0,9238.0,153892.0,965.2920604173443,0.2980247166236019,3.486079862272654
ID1291419,1291419,14,14701.2529296875,69.7968554921893,92.5057133992586,0.0,1.05,35,0.5,1,,26680.714285714286,26136.0,11238.0,44559.0,560295.0,10442.176009543495,0.6156445298383062,1.9472452317434124
ID1291418,1291418,53,1484.427978515625,12.463996063455625,75.7778947966282,0.0,1.05,35,0.5,1,,4722.285714285715,4618.0,3466.0,6384.0,99168.0,809.9487726305375,0.30251579761630715,2.7082563074406316
ID1291417,1291417,15,2133.876953125,197.7105077658891,74.97307520316367,0.0,1.05,35,0.5,1,,6753.571428571428,6519.0,3378.0,9731.0,141825.0,1932.0361169354098,0.25872712275103116,1.4370061304882524
ID1291416,1291416,8,2476.06884765625,130.74073706709797,69.6971250870841,0.0,1.05,35,0.5,1,,8479.190476190477,8494.0,5327.0,10871.0,178063.0,1658.5399789889789,0.26425171157307786,2.1371878723012743
ID1291423,1291423,24,22318.025390625,214.76186927147785,115.03654425407154,0.0,1.05,35,0.5,1,,24246.761904761905,15529.0,5212.0,65535.0,509182.0,21127.48942469209,0.8120693153002824,1.0286180592058927
ID1291422,1291422,25,1904.669677734375,132.26822525613053,113.37757583751602,0.0,1.05,35,0.5,1,,5838.619047619048,6128.0,2648.0,8125.0,122611.0,1587.9571302837642,0.2655616359640631,1.5430620696934272
ID1291421,1291421,26,1548.560302734375,211.36756719223186,110.18864375150021,0.0,1.05,35,0.5,1,,5645.142857142857,6145.0,3016.0,7487.0,118548.0,1307.8113505285955,0.22286955856077423,1.5733684924057703
ID1291420,1291420,13,1850.3917236328125,213.2369069304011,93.73606252612558,0.0,1.05,35,0.5,1,,6155.9047619047615,6704.0,2621.0,8520.0,129274.0,1705.706976733164,0.2530688301037802,1.457743764427459
ID1291395,1291395,18,7553.84912109375,154.99480473144243,0.8749841253373708,0.0,1.05,35,0.5,1,,13160.095238095239,11608.0,3110.0,26507.0,276362.0,6167.525337643631,0.49313654145954783,1.4094372538497746
ID1291399,1291399,21,1833.009765625,138.05018543703204,27.01873378916472,0.0,1.05,35,0.5,1,,5626.238095238095,5900.0,2905.0,8046.0,118151.0,1573.8802020726325,0.26275294941387894,1.487666688218257
ID1291398,1291398,51,3999.206787109375,142.77118159368794,24.21431246969309,0.0,1.05,35,0.5,1,,10403.904761904761,10493.0,7089.0,14651.0,218482.0,2346.5541311625843,0.3718493496748818,2.4035678765831254
ID1291397,1291397,16,2025.51611328125,145.46519791214718,24.14871639037715,0.0,1.05,35,0.5,1,,6329.857142857143,6477.0,3296.0,9130.0,132927.0,1838.52822349058,0.26842960700153873,1.4571949185941517
ID1291396,1291396,17,1730.5814208984375,109.09381165390258,18.757092243013346,0.0,1.05,35,0.5,1,,5187.428571428572,5495.0,2213.0,7403.0,108936.0,1508.1032647477616,0.27957951225777317,1.5031042761813491
ID1291403,1291403,35,21841.46484375,141.66636254001952,38.195822114506925,0.0,1.05,35,0.5,1,,27594.666666666668,20806.0,9637.0,65535.0,579488.0,17434.436934794692,0.7823022567500805,1.3894420818679831
ID1291402,1291402,54,1454.3038330078125,118.09224223410718,37.6734981939576,0.0,1.05,35,0.5,1,,4888.0952380952385,4766.0,2904.0,6521.0,102650.0,1116.4561749017248,0.24993721394291876,1.750937727821974
ID1291401,1291401,19,5431.57958984375,208.32256242872006,33.03305409857081,0.0,1.05,35,0.5,1,,10846.285714285714,10542.0,3079.0,19052.0,227772.0,4249.294354864784,0.4734934688724458,1.640438666936997
ID1291400,1291400,20,2757.80810546875,196.94764665850872,31.446621083887386,0.0,1.05,35,0.5,1,,7572.523809523809,7820.0,4837.0,10478.0,159023.0,1720.6426305031391,0.3567522988006704,2.314441343312685
ID1291407,1291407,55,2043.3319091796875,34.45117383397541,45.38692807500645,0.0,1.05,35,0.5,1,,6128.285714285715,6394.0,3249.0,8536.0,128694.0,1776.1793868541865,0.300241902372422,1.5934165377491223
ID1291406,1291406,56,3772.737060546875,18.088469486106057,43.3470417911291,0.0,1.05,35,0.5,1,,7471.333333333333,6797.0,3797.0,12458.0,156898.0,2532.740735514263,0.4748178299590444,1.8994418939893227
ID1291405,1291405,1,23010.07421875,177.06720326243703,39.27473563415986,0.0,1.05,35,0.5,1,,28195.190476190477,22836.0,7196.0,65535.0,592099.0,20293.997042522326,0.8086582148246069,1.2423556323574014
ID1291404,1291404,2,2772.451416015625,197.98647013136764,38.49892443301136,0.0,1.05,35,0.5,1,,7092.666666666667,7121.0,2095.0,11279.0,148946.0,2745.749430179916,0.3346924054007433,1.2955175834939834
ID1291427,1291427,27,1660.63232421875,144.94735285056797,155.05922800929196,0.0,1.05,35,0.5,1,,5829.047619047619,6098.0,2740.0,7713.0,122410.0,1524.2627226364384,0.22525431854220557,1.4060949687573059
ID1291426,1291426,49,2768.358154296875,64.03592226680487,147.30976117227723,0.0,1.05,35,0.5,1,,7100.952380952381,6653.0,4279.0,10247.0,149120.0,1748.9636210107537,0.36870140439861404,2.1874185905800463
ID1291425,1291425,28,22460.80859375,26.71932673330436,144.7089133995803,0.0,1.05,35,0.5,1,,26224.904761904763,17024.0,7163.0,65535.0,550723.0,18102.416515219073,0.8094714350336802,1.2961556529770808
ID1291424,1291424,29,12654.1484375,28.581143146110207,138.28213259746698,0.0,1.05,35,0.5,1,,19656.809523809523,20351.0,5454.0,39712.0,412793.0,10599.997682165065,0.631679824005601,1.4358177466939577
ID1291431,1291431,32,20796.935546875,111.36706162317226,175.51631812184073,0.0,1.05,35,0.5,1,,40328.90476190476,43235.0,11864.0,65535.0,846907.0,16337.544867282728,0.5115301468448451,1.6707599281262426
ID1291430,1291430,52,2050.787109375,119.86705951823475,174.7374282112787,0.0,1.05,35,0.5,1,,7122.380952380952,7383.0,5222.0,8648.0,149570.0,1090.2757209160661,0.2832343775664389,2.88375813418557
ID1291429,1291429,33,23254.833984375,215.08569282080396,170.0777286770725,0.0,1.05,35,0.5,1,,24949.52380952381,16507.0,4403.0,65535.0,523940.0,21291.9861441319,0.8358552223842308,1.0670105482754662
ID1291428,1291428,42,10170.1826171875,54.187379440744614,164.63587888390938,0.0,1.05,35,0.5,1,,18661.190476190477,17552.0,9929.0,30552.0,391885.0,6523.442677137952,0.587712175665121,2.117802242248461
ID1291432,1291432,30,14660.630859375,97.72076122714967,216.08039920972433,0.0,1.05,35,0.5,1,,23084.666666666668,19523.0,11530.0,42089.0,484778.0,9393.263939298913,0.6921192722474871,2.0104211686908213
ID1291459,1291459,25,1851.216064453125,132.26921654358927,113.35772341879613,0.0,1.08,36,0.5,1,,5819.428571428572,6147.0,2670.0,8011.0,122208.0,1569.231135665762,0.26262719570045345,1.5427230843958974
ID1291458,1291458,26,1509.8817138671875,211.33244630481892,110.1953360786962,0.0,1.08,36,0.5,1,,5615.952380952381,6091.0,3000.0,7520.0,117935.0,1327.732596428606,0.21824156033911551,1.5154682478166392
ID1291457,1291457,64,1563.1495361328125,86.33186911326983,106.44959772978716,0.0,1.08,36,0.5,1,,4876.857142857143,4986.0,2650.0,6738.0,102414.0,1230.0582622670477,0.2770421509535284,1.7202238534701155
ID1291456,1291456,65,1555.838623046875,193.1373167265152,97.94869416589498,0.0,1.08,36,0.5,1,,5441.761904761905,5348.0,3709.0,7384.0,114277.0,1030.904113133802,0.2297951599743649,1.9726923345198255
ID1291463,1291463,49,2472.972412109375,64.04894545239215,147.4943017838556,0.0,1.08,36,0.5,1,,6784.142857142857,6815.0,4095.0,9301.0,142467.0,1538.2513866632555,0.3633441777668651,2.3507712062025803
ID1291462,1291462,28,21853.443359375,26.92105076451852,144.65125811901987,0.0,1.08,36,0.5,1,,26311.904761904763,20459.0,5617.0,65535.0,552550.0,18925.006372270425,0.8060625612230018,1.2410297996824533
ID1291461,1291461,29,6764.4794921875,28.69873468522034,138.35296175141923,0.0,1.08,36,0.5,1,,14307.666666666666,13908.0,7834.0,21607.0,300461.0,3826.077943969952,0.4967613700755826,2.4822198621527227
ID1291460,1291460,24,20061.70703125,214.95196138040333,115.09619822660765,0.0,1.08,36,0.5,1,,23637.761904761905,20256.0,5259.0,65535.0,496393.0,20095.973076476694,0.7803083503341594,1.0310941785837218
ID1291467,1291467,52,2749.061279296875,119.72449697110466,174.82685604705438,0.0,1.08,36,0.5,1,,7801.666666666667,7993.0,3246.0,11114.0,163835.0,2301.039424549987,0.3306557338419227,1.6850146270212547
ID1291466,1291466,33,19562.84375,215.34114106489918,170.27334433364265,0.0,1.08,36,0.5,1,,23666.190476190477,18685.0,6722.0,61671.0,496990.0,17805.14405619637,0.7829596195797941,1.1673758815848996
ID1291465,1291465,42,13541.501953125,53.95140523743795,164.19384731394106,0.0,1.08,36,0.5,1,,21668.428571428572,18540.0,11916.0,39932.0,455037.0,9010.454975035547,0.6637150873747427,1.918728058666836
ID1291464,1291464,27,1628.9815673828125,144.96053876157328,155.04173347692242,0.0,1.08,36,0.5,1,,5791.952380952381,6020.0,2892.0,7698.0,121631.0,1502.676095377526,0.22542206108249002,1.4180786623432702
ID1291469,1291469,30,14766.6708984375,97.78725751634232,215.8258609191753,0.0,1.08,36,0.5,1,,22656.85714285714,24241.0,5611.0,45378.0,475794.0,11841.316262501034,0.6769535145812527,1.5447830825633595
ID1291468,1291468,32,21655.689453125,111.47907104660227,175.5630870417346,0.0,1.08,36,0.5,1,,42693.09523809524,44129.0,19778.0,65535.0,896555.0,13860.605293077073,0.5259626844456444,2.123324941444324
ID1291443,1291443,1,19625.32421875,177.1668348642484,39.48034378984671,0.0,1.08,36,0.5,1,,26925.714285714286,22576.0,13125.0,57368.0,565440.0,13707.584813317251,0.7607657525573975,1.697405708127528
ID1291442,1291442,2,2643.63525390625,198.0097587566275,38.48707486668503,0.0,1.08,36,0.5,1,,7016.809523809524,7011.0,2232.0,10783.0,147353.0,2583.5353223644456,0.32818898786447853,1.3422067200553582
ID1291441,1291441,35,16969.474609375,141.5192309190981,38.28594769639288,0.0,1.08,36,0.5,1,,24486.14285714286,22884.0,11163.0,49947.0,514209.0,11679.062193882324,0.7060988850514646,1.735416530669875
ID1291440,1291440,54,1458.5496826171875,118.12475877967721,37.65103841880373,0.0,1.08,36,0.5,1,,4912.952380952381,4837.0,2838.0,6509.0,103172.0,1101.2948504460771,0.2552056498943266,1.8140294831230754
ID1291447,1291447,5,3502.0791015625,159.59394646392786,51.02565421429559,0.0,1.08,36,0.5,1,,8799.714285714286,8230.0,6452.0,12976.0,184794.0,1915.21268121473,0.3830688219913192,2.5451569766139786
ID1291446,1291446,6,1781.7415771484375,221.46523151908303,49.315866134695725,0.0,1.08,36,0.5,1,,6101.952380952381,5948.0,3557.0,7925.0,128141.0,1102.397953381195,0.26342096347512,2.308142759910167
ID1291445,1291445,7,17237.529296875,44.4562192971184,48.09066837562887,0.0,1.08,36,0.5,1,,23107.47619047619,17492.0,5295.0,52557.0,485257.0,13224.692853216091,0.7590546315976298,1.5079627809033824
ID1291444,1291444,56,3501.89111328125,17.95791732954541,42.98501963932375,0.0,1.08,36,0.5,1,,7271.809523809524,6740.0,4151.0,11812.0,152708.0,2102.6319844197087,0.46118424357536025,2.18312551022873
ID1291451,1291451,58,1451.2120361328125,120.24859563934848,68.78898518335552,0.0,1.08,36,0.5,1,,4852.285714285715,4847.0,3004.0,6457.0,101898.0,964.2546936809352,0.25171458718016354,2.0238935677156316
ID1291450,1291450,10,1464.2244873046875,155.5052305125301,64.62277374583675,0.0,1.08,36,0.5,1,,4975.142857142857,4749.0,2834.0,6968.0,104478.0,1162.2344120578382,0.23494638819931488,1.6287802326713585
ID1291449,1291449,11,1769.891357421875,163.9977786137616,63.22211033350362,0.0,1.08,36,0.5,1,,5651.857142857143,6083.0,2271.0,8091.0,118689.0,1763.4726617023096,0.24886189591599184,1.2773103482788732
ID1291448,1291448,4,1671.9781494140625,112.80267661548687,61.59165403747273,0.0,1.08,36,0.5,1,,5237.476190476191,5076.0,3185.0,7380.0,109987.0,1177.2767142455345,0.2667290508486649,1.873527586431554
ID1291455,1291455,13,1811.93212890625,213.22430889609623,93.73808042247272,0.0,1.08,36,0.5,1,,6086.142857142857,6661.0,2692.0,8361.0,127809.0,1675.7886885199543,0.25057810445083456,1.455409422037938
ID1291454,1291454,14,18774.625,69.61906802204372,92.27693950191392,0.0,1.08,36,0.5,1,,28847.47619047619,27649.0,11734.0,58610.0,605797.0,14448.944458399194,0.6378041481285803,1.5549881018285274
ID1291453,1291453,15,2105.970458984375,197.69893949431568,74.9812358617289,0.0,1.08,36,0.5,1,,6692.619047619048,6236.0,3503.0,9577.0,140545.0,1899.0435086166528,0.25601665764661646,1.4366931139018606
ID1291452,1291452,8,2433.809814453125,130.7368629717505,69.7007423693194,0.0,1.08,36,0.5,1,,8468.047619047618,8442.0,5252.0,10586.0,177829.0,1643.4493139793049,0.263047302813048,2.1462050383863573
ID1291435,1291435,51,3282.603515625,142.58649460994735,23.899590116976047,0.0,1.08,36,0.5,1,,8929.047619047618,8716.0,5994.0,12752.0,187510.0,1810.9107784811065,0.340732780052616,2.5061656321336394
ID1291434,1291434,17,1726.546630859375,109.08426986912717,18.761582147708573,0.0,1.08,36,0.5,1,,5157.619047619048,5474.0,2252.0,7585.0,108310.0,1501.6528052845797,0.279119113457186,1.4989540281095044
ID1291433,1291433,18,6046.23193359375,154.87822053598552,0.709923059116455,0.0,1.08,36,0.5,1,,12476.857142857143,11728.0,6381.0,20935.0,262014.0,4206.227553113529,0.4160121640266299,1.742936157792719
ID1291439,1291439,19,5255.10107421875,208.32912050504308,33.03647058836258,0.0,1.08,36,0.5,1,,10792.47619047619,10218.0,3608.0,17875.0,226642.0,3934.323774412162,0.4679263174755181,1.7488566498997387
ID1291438,1291438,20,6700.46533203125,196.81875900702934,30.954998954976546,0.0,1.08,36,0.5,1,,12861.0,11805.0,5425.0,21541.0,270081.0,4602.203222370781,0.5129487483108814,1.8949104888511026
ID1291437,1291437,21,1820.748046875,138.04998694414653,27.018889552377427,0.0,1.08,36,0.5,1,,5594.285714285715,5774.0,2881.0,8040.0,117480.0,1582.610190250813,0.2611109298455773,1.4637686539872417
ID1291436,1291436,16,2021.64013671875,145.48876967183986,24.135672386599413,0.0,1.08,36,0.5,1,,6277.476190476191,6400.0,3339.0,9034.0,131827.0,1806.4024086301374,0.2674573833456119,1.4666341458452619
ID1291475,1291475,20,12963.6962890625,196.89124556204132,30.8790463374676,0.0,1.1099999999999999,37,0.5,1,,18129.04761904762,16025.0,7052.0,42054.0,380710.0,9719.68305283763,0.6672732490264526,1.4929656454146443
ID1291474,1291474,21,1832.2806396484375,138.03656669227425,27.022507674201382,0.0,1.1099999999999999,37,0.5,1,,5601.714285714285,5812.0,2855.0,8000.0,117636.0,1612.9328300601096,0.26275450644467874,1.4453263287023597
ID1291473,1291473,16,2031.7799072265625,145.53914973954736,24.096305373654136,0.0,1.1099999999999999,37,0.5,1,,5961.857142857143,6188.0,2308.0,8857.0,125199.0,2053.848662528821,0.2701102959285053,1.2346470515342258
ID1291472,1291472,51,3091.009765625,142.42405711176218,23.81297345808829,0.0,1.1099999999999999,37,0.5,1,,8591.142857142857,8328.0,5783.0,11649.0,180414.0,1827.8829362329056,0.3418586574772375,2.394817196413741
ID1291479,1291479,2,2712.77197265625,198.01421455932459,38.483816821818245,0.0,1.1099999999999999,37,0.5,1,,7079.142857142857,7155.0,2105.0,11100.0,148662.0,2690.086899817816,0.33389766815200056,1.3174533172197724
ID1291478,1291478,35,20211.47265625,141.77794282451273,38.09519817679741,0.0,1.1099999999999999,37,0.5,1,,26668.571428571428,22134.0,10184.0,61786.0,560040.0,15535.25109411312,0.7582482950939577,1.4806169208178397
ID1291477,1291477,54,1486.5787353515625,118.08159780251978,37.67846276745984,0.0,1.1099999999999999,37,0.5,1,,4908.9047619047615,4945.0,2710.0,6654.0,103087.0,1147.7676117037763,0.25444272444829,1.7350014286944666
ID1291476,1291476,19,5431.2861328125,208.32132772232455,33.03332322884644,0.0,1.1099999999999999,37,0.5,1,,10873.666666666666,10395.0,3235.0,18909.0,228347.0,4192.603920397601,0.4748169191374639,1.6699760765739233
ID1291483,1291483,6,2851.342041015625,221.70545502386685,49.39514908106727,0.0,1.1099999999999999,37,0.5,1,,7806.0,7774.0,4956.0,11222.0,163926.0,1934.6219010442323,0.3424556790448917,2.058575780272131
ID1291482,1291482,7,10801.6357421875,44.62495903898909,48.56131484297271,0.0,1.1099999999999999,37,0.5,1,,15902.714285714286,14457.0,6246.0,32878.0,333957.0,8231.172736268247,0.6341866625819618,1.499529378597604
ID1291481,1291481,56,4304.07666015625,17.72948127801078,42.95621154057804,0.0,1.1099999999999999,37,0.5,1,,8052.190476190476,7468.0,4269.0,14373.0,169096.0,2799.2134541518553,0.4973553080203661,1.910952575791247
ID1291480,1291480,1,15629.4326171875,177.46634181284904,39.322264460055514,0.0,1.1099999999999999,37,0.5,1,,23747.47619047619,24228.0,5242.0,47141.0,498697.0,11816.21197600588,0.68406715158855,1.6327079776558373
ID1291487,1291487,11,1736.259033203125,163.99373858488167,63.22723577756004,0.0,1.1099999999999999,37,0.5,1,,5585.9047619047615,6153.0,2371.0,8000.0,117304.0,1743.822694678616,0.24683403650782568,1.2682871524430444
ID1291486,1291486,4,1713.9281005859375,112.81132407374697,61.58681018354678,0.0,1.1099999999999999,37,0.5,1,,5266.0952380952385,5018.0,3163.0,7280.0,110588.0,1226.3586712198803,0.2694694259104175,1.823007477367997
ID1291485,1291485,62,2373.654052734375,192.6602126996709,61.36327279354064,0.0,1.1099999999999999,37,0.5,1,,7485.809523809524,7363.0,5528.0,9861.0,157202.0,1171.9708451598792,0.298385086714669,2.9357938392213554
ID1291484,1291484,5,3118.897705078125,159.40222384931832,51.104780334625936,0.0,1.1099999999999999,37,0.5,1,,8289.52380952381,8078.0,5176.0,12107.0,174080.0,1794.084351948024,0.36188652362758467,2.4555467613697544
ID1291471,1291471,17,1700.97900390625,109.09824873975066,18.742484639451753,0.0,1.1099999999999999,37,0.5,1,,5158.0,5490.0,2218.0,7318.0,108318.0,1535.6070460895912,0.2766994085615278,1.4559645837635526
ID1291470,1291470,18,7679.20166015625,154.78166162641014,0.7006132091372036,0.0,1.1099999999999999,37,0.5,1,,14719.57142857143,14260.0,5553.0,26246.0,309111.0,5549.959428423135,0.4445679179053982,1.6324335279326876
ID1291507,1291507,30,15828.9462890625,97.93435720169249,215.7653811115352,0.0,1.1099999999999999,37,0.5,1,,23615.571428571428,20177.0,9442.0,45910.0,495927.0,10624.868834820638,0.7016694151977754,1.8329990104277032
ID1291506,1291506,32,21502.978515625,111.54686412614775,175.55454311277725,0.0,1.1099999999999999,37,0.5,1,,44117.80952380953,41929.0,22749.0,65535.0,926474.0,12707.619633979637,0.5305892156731787,2.407018895549209
ID1291505,1291505,52,4117.10986328125,119.97505697168359,174.66061944729873,0.0,1.1099999999999999,37,0.5,1,,9583.047619047618,9780.0,3281.0,15400.0,201244.0,3511.2293926229104,0.3880988776983536,1.5261471931922301
ID1291504,1291504,33,16094.8427734375,215.40639666000462,170.27073549726944,0.0,1.1099999999999999,37,0.5,1,,21043.14285714286,18255.0,5223.0,50755.0,441906.0,14578.792341225368,0.7291839228609212,1.217348555979197
ID1291491,1291491,15,2111.4990234375,197.70954398799438,74.97847212045455,0.0,1.1099999999999999,37,0.5,1,,6714.619047619048,6320.0,3389.0,9453.0,141007.0,1887.7233768799515,0.2564254512475494,1.4519023993762434
ID1291490,1291490,8,2432.153076171875,130.74839062542463,69.70235315485309,0.0,1.1099999999999999,37,0.5,1,,8451.809523809523,8283.0,5146.0,10657.0,177488.0,1658.929643446268,0.2610597815937984,2.1093858293078362
ID1291489,1291489,58,1476.279052734375,120.22730999584373,68.79656355671418,0.0,1.1099999999999999,37,0.5,1,,4907.761904761905,4825.0,2864.0,6400.0,103063.0,1005.9638117130208,0.25629838255024406,1.990600862338928
ID1291488,1291488,10,1500.2193603515625,155.49744837046666,64.63771035750956,0.0,1.1099999999999999,37,0.5,1,,4997.047619047619,4959.0,2718.0,7017.0,104938.0,1180.9300350228405,0.23616099923461534,1.6167856861269752
ID1291495,1291495,64,1529.5711669921875,86.34987362395071,106.4539630704692,0.0,1.1099999999999999,37,0.5,1,,4871.761904761905,4960.0,2758.0,6569.0,102307.0,1226.154064739089,0.2694603015896638,1.68673429772327
ID1291494,1291494,65,1668.627197265625,193.10976954020157,97.89243767537229,0.0,1.1099999999999999,37,0.5,1,,5760.952380952381,5743.0,4266.0,7701.0,120980.0,991.7026003893745,0.23440966204731467,2.206271858103479
ID1291493,1291493,13,1792.109619140625,213.2209225452322,93.74413960789111,0.0,1.1099999999999999,37,0.5,1,,6117.714285714285,6654.0,2783.0,8314.0,128472.0,1622.2011941450771,0.2490778111863139,1.504042181304293
ID1291492,1291492,14,18663.99609375,69.70337319233181,92.39127750675841,0.0,1.1099999999999999,37,0.5,1,,30882.14285714286,26158.0,12633.0,54584.0,648525.0,14057.449253992398,0.6633096179281841,1.752161343633306
ID1291499,1291499,29,6918.98681640625,28.918951036569155,138.32403000178923,0.0,1.1099999999999999,37,0.5,1,,13608.952380952382,13149.0,4199.0,23228.0,285788.0,5269.356881785389,0.4996521507138851,1.720973976256909
ID1291498,1291498,24,12912.0986328125,215.0442407002509,115.19823656551138,0.0,1.1099999999999999,37,0.5,1,,18753.285714285714,13647.0,10618.0,40780.0,393819.0,8789.295632431858,0.6697115921697134,1.7115896338408563
ID1291497,1291497,25,1875.675048828125,132.2695803867962,113.37422153620848,0.0,1.1099999999999999,37,0.5,1,,5779.761904761905,5991.0,2684.0,8259.0,121375.0,1573.871370371858,0.2631199576445048,1.5299593845550603
ID1291496,1291496,26,1490.5303955078125,211.3497217680128,110.18348357513707,0.0,1.1099999999999999,37,0.5,1,,5611.428571428572,5880.0,3030.0,7463.0,117840.0,1248.0116414292204,0.21755182063004136,1.6067934992855846
ID1291503,1291503,42,9911.06640625,54.38970358156698,163.84512641937843,0.0,1.1099999999999999,37,0.5,1,,18934.52380952381,18677.0,10740.0,31112.0,397625.0,5993.039209107909,0.5970682373227705,2.3623147401805147
ID1291502,1291502,27,1663.8970947265625,144.93688133381278,155.07346643034614,0.0,1.1099999999999999,37,0.5,1,,5773.047619047619,5969.0,2712.0,7745.0,121234.0,1532.4515808400108,0.22569735952738645,1.387367771627531
ID1291501,1291501,49,3347.015625,64.02285767672741,147.44802206476515,0.0,1.1099999999999999,37,0.5,1,,7740.428571428572,7459.0,4402.0,11689.0,162549.0,2109.611683970028,0.4075062639358795,2.124596361656459
ID1291500,1291500,28,22179.41796875,26.429426958227523,144.7622197429956,0.0,1.1099999999999999,37,0.5,1,,25558.238095238095,20440.0,6146.0,65535.0,536723.0,18512.42689899075,0.800379655450034,1.2275225949442257
ID1291539,1291539,24,13823.3681640625,215.129162878912,115.01331483450241,0.0,1.14,38,0.5,1,,19219.428571428572,15694.0,8832.0,44055.0,403608.0,10667.974974527398,0.6820420797749411,1.4610423083266917
ID1291538,1291538,25,1933.458984375,132.26263935480472,113.37527805421507,0.0,1.14,38,0.5,1,,5876.0,6116.0,2608.0,8229.0,123396.0,1602.4581117770285,0.26735145919269404,1.5470722153875462
ID1291537,1291537,26,1542.955078125,211.33032348353504,110.18750518051671,0.0,1.14,38,0.5,1,,5637.333333333333,6005.0,3020.0,7611.0,118384.0,1312.1026001549321,0.22087425672980104,1.5545692735644752
ID1291536,1291536,59,1492.9285888671875,98.36433119276981,108.59282015625568,0.0,1.14,38,0.5,1,,5428.476190476191,5479.0,4200.0,7042.0,113998.0,791.3994325906241,0.2504594046761998,2.7477672640169244
ID1291543,1291543,49,3781.3740234375,63.84944868090811,147.45633224836348,0.0,1.14,38,0.5,1,,8325.47619047619,7880.0,4964.0,12765.0,174835.0,2457.754984107399,0.44620259794820916,2.0902751162882143
ID1291542,1291542,28,21978.884765625,26.180501709854056,144.69205591377275,0.0,1.14,38,0.5,1,,25801.238095238095,20297.0,5191.0,65535.0,541826.0,19950.427892415646,0.7926715082135354,1.143696677498947
ID1291541,1291541,29,8354.21484375,28.403017397459664,138.33251860850893,0.0,1.14,38,0.5,1,,15613.714285714286,15617.0,4398.0,26559.0,327888.0,6338.8223680969095,0.5255861107590926,1.6972069271460977
ID1291540,1291540,60,1617.7437744140625,192.6204542195092,135.30911832740983,0.0,1.14,38,0.5,1,,8208.095238095239,8257.0,5854.0,9845.0,172370.0,1281.6765155358783,0.18393002332727473,1.9898509547308985
ID1291547,1291547,52,4270.83251953125,120.21526640015787,174.8933512758116,0.0,1.14,38,0.5,1,,10033.47619047619,10301.0,3956.0,15930.0,210703.0,3244.391524138966,0.39791938795935855,1.7606017680464827
ID1291546,1291546,33,17175.10546875,215.27386703848234,170.61996540939663,0.0,1.14,38,0.5,1,,21332.761904761905,14045.0,8738.0,57860.0,447988.0,13290.138302157588,0.7387970208310124,1.364029709214257
ID1291545,1291545,42,11033.251953125,54.71359971065128,163.60954010497036,0.0,1.14,38,0.5,1,,17849.0,17510.0,5711.0,35866.0,374829.0,7952.906852214478,0.5927531892659845,1.6704881735671284
ID1291544,1291544,27,1674.141357421875,144.9596744692345,155.0691963439858,0.0,1.14,38,0.5,1,,5811.952380952381,5953.0,2969.0,8025.0,122051.0,1478.624444414148,0.2247828806972113,1.4427739309086456
ID1291549,1291549,30,15590.7568359375,97.74439600976582,216.01625118356867,0.0,1.14,38,0.5,1,,24006.428571428572,21207.0,9739.0,43552.0,504135.0,10758.156531541214,0.7090430777500708,1.8515664529441132
ID1291548,1291548,32,19919.779296875,111.58217823958445,175.58762838569353,0.0,1.14,38,0.5,1,,38306.857142857145,39180.0,10540.0,65535.0,804444.0,15956.283534350076,0.4984055325408819,1.597085841224755
ID1291523,1291523,6,4219.6044921875,221.61698920679206,49.257953733534144,0.0,1.14,38,0.5,1,,9824.285714285714,9374.0,6685.0,15733.0,206310.0,2658.6373228189123,0.3734058508468296,2.0093431382321727
ID1291522,1291522,,1645.6033935546875,222.4535037111535,48.79036774262084,0.0,1.14,38,0.5,1,,7222.428571428572,7606.0,4396.0,9415.0,151671.0,1471.524535012195,0.20519493880682524,1.6713026004248757
ID1291521,1291521,7,10269.642578125,44.86282299785031,48.585408033902034,0.0,1.14,38,0.5,1,,14841.761904761905,11665.0,5279.0,33564.0,311677.0,7857.865479281011,0.6172168486515797,1.44171820249488
ID1291520,1291520,61,2165.199462890625,34.26847764119248,45.31598963696246,0.0,1.14,38,0.5,1,,6283.619047619048,6521.0,3448.0,8813.0,131956.0,1821.8401816896692,0.3104558665100268,1.6342068938779712
ID1291527,1291527,11,1777.2890625,164.0105977802235,63.22620433080615,0.0,1.14,38,0.5,1,,5658.9047619047615,6054.0,2345.0,8061.0,118837.0,1741.7656531451612,0.24817171335096674,1.2919645617557276
ID1291526,1291526,4,1721.62939453125,112.80590994090667,61.59710151177588,0.0,1.14,38,0.5,1,,5273.0952380952385,5368.0,3328.0,7401.0,110735.0,1250.8870014818247,0.27150574105874564,1.8002723992580532
ID1291525,1291525,62,1615.0198974609375,192.45082099372573,61.12715008620957,0.0,1.14,38,0.5,1,,5963.0952380952385,5984.0,4358.0,7597.0,125225.0,862.1766005153414,0.2425716746248562,2.700375421765701
ID1291524,1291524,5,4414.4462890625,159.36636325180112,51.19042180417692,0.0,1.14,38,0.5,1,,9938.761904761905,9465.0,5889.0,15489.0,208714.0,2793.8870933658345,0.43250034701115697,2.14805380423185
ID1291531,1291531,63,1845.02294921875,12.311959264453135,75.37831040308855,0.0,1.14,38,0.5,1,,5043.238095238095,5003.0,3267.0,7286.0,105908.0,1062.8935461635801,0.3566758659503097,2.4948665635365472
ID1291530,1291530,15,2151.92919921875,197.73474801578402,74.95344173588862,0.0,1.14,38,0.5,1,,6750.523809523809,6424.0,3409.0,9762.0,141761.0,1930.6585824284837,0.25945729586872074,1.4406033819348514
ID1291529,1291529,8,2459.641357421875,130.7445472887599,69.70158023147867,0.0,1.14,38,0.5,1,,8475.238095238095,8301.0,5229.0,10799.0,177980.0,1656.4892968190861,0.2632626312090912,2.1324990063213316
ID1291528,1291528,10,1505.9053955078125,155.49034926011402,64.63401810596166,0.0,1.14,38,0.5,1,,5031.571428571428,4817.0,2911.0,6943.0,105663.0,1196.4565003136793,0.2394289765111004,1.6247696133573408
ID1291535,1291535,64,1514.4205322265625,86.34251087050828,106.47136294541376,0.0,1.14,38,0.5,1,,4881.333333333333,4969.0,2726.0,6470.0,102508.0,1162.5192614891735,0.2745601372425628,1.809028694337871
ID1291534,1291534,65,1540.4635009765625,193.20074121880856,97.98405855922681,0.0,1.14,38,0.5,1,,5543.857142857143,5673.0,3661.0,7424.0,116421.0,1119.5468853832913,0.22628656201093347,1.8275385017872705
ID1291533,1291533,13,1839.1619873046875,213.2426872668712,93.73775820433679,0.0,1.14,38,0.5,1,,6143.380952380952,6784.0,2746.0,8431.0,129011.0,1728.6887943233298,0.2519527054026845,1.4303809870693331
ID1291532,1291532,14,16134.8857421875,69.66775604836843,92.2571702734609,0.0,1.14,38,0.5,1,,26428.428571428572,23040.0,10184.0,48331.0,554997.0,12314.4997891568,0.6158340642072261,1.6358802499001528
ID1291511,1291511,16,2095.733154296875,145.47074328480923,24.143315761866262,0.0,1.14,38,0.5,1,,6367.476190476191,6519.0,3338.0,9331.0,133717.0,1891.1341734273544,0.2805700667692594,1.4754108480996677
ID1291510,1291510,51,4108.8046875,142.5408401549761,23.798952429938595,0.0,1.14,38,0.5,1,,9872.142857142857,9375.0,5919.0,14935.0,207315.0,2648.939510175993,0.38195416746811717,2.0600938182283652
ID1291509,1291509,17,1723.986328125,109.0940446412084,18.751343103704563,0.0,1.14,38,0.5,1,,5186.9047619047615,5512.0,2297.0,7329.0,108925.0,1528.5411968528,0.27965134397166624,1.4831544359480706
ID1291508,1291508,18,7509.00439453125,155.08831574939487,0.8784369785305314,0.0,1.14,38,0.5,1,,14093.619047619048,14001.0,5490.0,24794.0,295966.0,5137.413828729301,0.5004689504129299,1.8300295364651333
ID1291515,1291515,54,1500.4156494140625,118.08968572518467,37.669647072361506,0.0,1.14,38,0.5,1,,4957.523809523809,5030.0,2875.0,6867.0,104108.0,1117.5412573613387,0.2567253967566949,1.8124234847780893
ID1291514,1291514,19,5526.72412109375,208.32132226478555,33.037575197274286,0.0,1.14,38,0.5,1,,10969.142857142857,10467.0,3242.0,19298.0,230352.0,4245.1742754063025,0.47737164039183017,1.6698367747510892
ID1291513,1291513,20,16214.1318359375,196.85173945168418,30.79523024923917,0.0,1.14,38,0.5,1,,20776.52380952381,16027.0,4967.0,50918.0,436307.0,13484.88176299313,0.7268517525190357,1.2970195583375308
ID1291512,1291512,21,1850.0347900390625,138.0349817124559,27.025105972765907,0.0,1.14,38,0.5,1,,5638.190476190476,5992.0,2993.0,8257.0,118402.0,1623.6208183885676,0.26366036555713,1.4491041952045824
ID1291519,1291519,56,5867.841796875,17.72134248568709,43.15681344314586,0.0,1.14,38,0.5,1,,9491.714285714286,7755.0,5124.0,19587.0,199326.0,4091.2993796941473,0.550578189770178,1.6475504613292404
ID1291518,1291518,1,17968.71875,177.42479980138006,39.331989034628094,0.0,1.14,38,0.5,1,,25120.809523809523,22927.0,5858.0,55165.0,527537.0,13599.438380385594,0.7194400087900151,1.5457889927063606
ID1291517,1291517,2,2762.821533203125,198.0139900863963,38.479164366689794,0.0,1.14,38,0.5,1,,7121.952380952381,7065.0,2128.0,11176.0,149561.0,2723.9211896857532,0.33532371506072994,1.313143626518095
ID1291516,1291516,35,17941.65625,141.88960962789818,37.78380116650576,0.0,1.14,38,0.5,1,,24322.904761904763,23289.0,5250.0,57143.0,510781.0,14638.234070080865,0.7052418210949382,1.374386341693465
ID1291551,1291551,17,1736.80517578125,109.08740351153642,18.752555943301267,0.0,1.17,39,0.5,1,,5172.9047619047615,5592.0,2171.0,7518.0,108631.0,1542.2177506682349,0.2774808982242596,1.4571271744927108
ID1291550,1291550,18,12978.123046875,155.35336139116006,1.2149908807365821,0.0,1.17,39,0.5,1,,19336.666666666668,18293.0,4882.0,40049.0,406070.0,10603.159672160622,0.65449774684844,1.4428403551098496
ID1291587,1291587,33,22292.07421875,215.41552760193105,170.5244498629441,0.0,1.17,39,0.5,1,,24029.47619047619,15495.0,3924.0,65535.0,504619.0,21726.13797622359,0.8185584264866701,0.9956671788579754
ID1291586,1291586,42,7334.248046875,54.76518109905947,163.63363206567138,0.0,1.17,39,0.5,1,,14293.714285714286,14854.0,6012.0,23763.0,300168.0,4942.679001744471,0.5130729459069759,1.961245386875439
ID1291585,1291585,27,1685.929931640625,144.9632836216108,155.0496001464547,0.0,1.17,39,0.5,1,,5878.857142857143,5971.0,2978.0,7922.0,123456.0,1527.9415985473493,0.22637363326803242,1.420427867878625
ID1291584,1291584,49,3675.399169921875,63.977901582757895,147.56296266136184,0.0,1.17,39,0.5,1,,8059.952380952381,7383.0,5260.0,12581.0,169259.0,2131.874913689602,0.4299880325603734,2.2736557938967197
ID1291590,1291590,30,14546.541015625,97.88770080238527,215.96438891838685,0.0,1.17,39,0.5,1,,22163.904761904763,20047.0,9133.0,44198.0,465442.0,9700.017458256258,0.6659194416416376,1.8267177674517607
ID1291589,1291589,32,19861.009765625,111.56349949860035,175.50596636137445,0.0,1.17,39,0.5,1,,42695.0,41419.0,23978.0,65535.0,896595.0,11333.11620870447,0.52339539303434,2.588659500803099
ID1291588,1291588,52,3365.6513671875,120.409337327294,174.98662190633073,0.0,1.17,39,0.5,1,,8598.666666666666,8864.0,3384.0,12738.0,180572.0,2793.7739946769734,0.35760805661178274,1.6214468847451085
ID1291571,1291571,8,2472.16748046875,130.76901217215345,69.67896225508316,0.0,1.17,39,0.5,1,,8547.47619047619,8498.0,5313.0,10975.0,179497.0,1646.4773189767186,0.26482676511625136,2.1739170631692275
ID1291570,1291570,58,1469.39306640625,120.2218241820923,68.78774660341118,0.0,1.17,39,0.5,1,,4864.0952380952385,4756.0,2911.0,6649.0,102146.0,1011.2848216383901,0.2548301797554736,1.9535497772967283
ID1291569,1291569,10,1519.984619140625,155.5077425969113,64.62668918645383,0.0,1.17,39,0.5,1,,5028.857142857143,4963.0,2840.0,7096.0,105606.0,1207.9666090465535,0.2374554141033318,1.597706053674035
ID1291568,1291568,11,1837.7025146484375,164.00287818013933,63.225782346780115,0.0,1.17,39,0.5,1,,5705.380952380952,6211.0,2344.0,8249.0,119813.0,1828.5872819253248,0.2525390607402739,1.2581610355224921
ID1291575,1291575,13,1805.1204833984375,213.19588516133368,93.73314918933016,0.0,1.17,39,0.5,1,,6164.857142857143,6010.0,3274.0,8262.0,129462.0,1420.0544104263852,0.2516387261442079,1.7456071574840868
ID1291574,1291574,14,12214.5380859375,69.67212003380598,92.46164976181363,0.0,1.17,39,0.5,1,,22271.0,23800.0,9450.0,38383.0,467691.0,8530.376287128252,0.5601494524577759,1.8747321940255626
ID1291573,1291573,63,2257.87353515625,12.29491083442731,75.34077426645453,0.0,1.17,39,0.5,1,,5553.666666666667,5298.0,3627.0,8440.0,116627.0,1303.4680791386238,0.3898026595601645,2.390017410758134
ID1291572,1291572,15,2141.758544921875,197.71530006755702,74.9744537005058,0.0,1.17,39,0.5,1,,6747.142857142857,6438.0,3481.0,9480.0,141690.0,1930.2554827202096,0.2588449739295418,1.437482587904005
ID1291579,1291579,25,1928.30712890625,132.26543094619157,113.36308100126101,0.0,1.17,39,0.5,1,,5904.190476190476,6256.0,2664.0,8471.0,123988.0,1648.3117308036008,0.266728136171398,1.5084691031614101
ID1291578,1291578,26,1532.8602294921875,211.31406205882163,110.19495243074843,0.0,1.17,39,0.5,1,,5645.380952380952,5810.0,2890.0,7693.0,118553.0,1350.3671158685138,0.21646141250577852,1.4878308060649226
ID1291577,1291577,59,1608.5947265625,98.4291264533492,108.43062649430932,0.0,1.17,39,0.5,1,,5581.285714285715,5829.0,3848.0,7411.0,117207.0,1025.6906523341793,0.25734122766380724,2.2274300054691203
ID1291576,1291576,64,1488.834228515625,86.31142081617062,106.50712456268766,0.0,1.17,39,0.5,1,,4846.476190476191,4875.0,2756.0,6466.0,101776.0,1160.0663178908187,0.2698303461993458,1.7754904913857095
ID1291583,1291583,28,18415.197265625,25.946558477081144,144.86554302185567,0.0,1.17,39,0.5,1,,25510.571428571428,24284.0,7534.0,56798.0,535722.0,15300.556697621914,0.76317174959955,1.4433465445430587
ID1291582,1291582,29,10530.3603515625,28.38843703889926,138.0453166981783,0.0,1.17,39,0.5,1,,17403.333333333332,16223.0,4404.0,34168.0,365470.0,8498.202523671303,0.5844682214684033,1.5108200057837917
ID1291581,1291581,60,1483.9476318359375,192.6217365566166,135.22615650944167,0.0,1.17,39,0.5,1,,8337.285714285714,8294.0,6448.0,10021.0,175083.0,1076.2549950108078,0.16650612894661432,2.211478388195758
ID1291580,1291580,24,13492.8125,215.24423681855038,115.0559362156025,0.0,1.17,39,0.5,1,,19319.428571428572,16543.0,8231.0,42372.0,405708.0,10184.248718346525,0.6822633539282845,1.5386978103527422
ID1291555,1291555,20,21395.99609375,196.79610194274892,30.8881048606354,0.0,1.17,39,0.5,1,,23662.285714285714,14937.0,5942.0,65535.0,496908.0,19454.715672923256,0.7908589249698794,1.0742353658814636
ID1291554,1291554,21,1872.081298828125,138.0364641987895,27.022744858856395,0.0,1.17,39,0.5,1,,5696.428571428572,5920.0,2968.0,8160.0,119625.0,1636.325779648679,0.2659867114214518,1.462829372551814
ID1291553,1291553,16,2056.371826171875,145.45464379947614,24.153488140142475,0.0,1.17,39,0.5,1,,6256.238095238095,6452.0,3084.0,9103.0,131381.0,1883.683728887679,0.2762210907808117,1.4376931256229784
ID1291552,1291552,51,3711.60546875,142.25279506766088,23.673900932392673,0.0,1.17,39,0.5,1,,9427.714285714286,9403.0,6802.0,13970.0,197982.0,2160.1616176308926,0.37033838359138344,2.3589626627531675
ID1291559,1291559,2,2735.73388671875,198.0080336520308,38.480175932482055,0.0,1.17,39,0.5,1,,7132.333333333333,7149.0,2192.0,10994.0,149779.0,2713.629899845101,0.33626799117959194,1.3228267719583495
ID1291558,1291558,35,13983.1591796875,141.49761567987056,37.71104359134252,0.0,1.17,39,0.5,1,,22169.190476190477,18881.0,9975.0,40904.0,465553.0,9334.029374386218,0.6576804111636363,1.8846242216554283
ID1291557,1291557,54,1471.010498046875,118.13134717697075,37.650864486867434,0.0,1.17,39,0.5,1,,4910.761904761905,4909.0,2814.0,6543.0,103126.0,1122.4332454432158,0.25449940756990014,1.7751484082117124
ID1291556,1291556,19,5580.13232421875,208.31691098735962,33.042140508727016,0.0,1.17,39,0.5,1,,11068.42857142857,10715.0,3294.0,19228.0,232437.0,4265.493354483495,0.48091838808264403,1.6853377546409722
ID1291563,1291563,7,11061.251953125,45.063820917690094,48.23038528512624,0.0,1.17,39,0.5,1,,15691.47619047619,13547.0,5696.0,34680.0,329521.0,8591.30337387202,0.6350664072002581,1.418791204746715
ID1291562,1291562,61,2473.712890625,34.26226434146836,45.10399249017221,0.0,1.17,39,0.5,1,,6990.714285714285,7376.0,3899.0,9628.0,146805.0,1963.0995171630282,0.3348678622376855,1.7866703259160652
ID1291561,1291561,56,9255.015625,17.563261656867475,42.96990173635166,0.0,1.17,39,0.5,1,,12427.380952380952,8553.0,4409.0,31750.0,260975.0,7715.010366008528,0.6205850025803074,1.233680084025043
ID1291560,1291560,1,9747.2451171875,177.60064310940206,39.361317707206595,0.0,1.17,39,0.5,1,,17135.380952380954,17044.0,3685.0,32772.0,359843.0,7485.452567989397,0.5414166631134549,1.6081156013359648
ID1291567,1291567,4,1703.2874755859375,112.82111089895412,61.58766446900493,0.0,1.17,39,0.5,1,,5270.190476190476,5200.0,3317.0,7423.0,110674.0,1232.1200273937445,0.2686232546431302,1.8113994409643877
ID1291566,1291566,62,1522.273193359375,192.61953822925238,61.171186811814806,0.0,1.17,39,0.5,1,,5812.809523809524,5957.0,4266.0,7446.0,122069.0,947.332181394025,0.22672013652373554,2.268080147051953
ID1291565,1291565,5,4144.3046875,159.68699660723215,51.24315317805667,0.0,1.17,39,0.5,1,,9434.57142857143,9313.0,6088.0,15005.0,198126.0,2479.0795786224485,0.4097307584659604,2.212198516217439
ID1291564,1291564,6,5246.248046875,221.87098553278256,49.2942173280951,0.0,1.17,39,0.5,1,,10887.095238095239,10606.0,5944.0,19699.0,228629.0,3725.129942763902,0.39839607569065094,1.6652730216941973
ID1291603,1291603,61,3928.79736328125,34.04105232205672,44.862592090459934,0.0,1.2,40,0.5,1,,8753.285714285714,8731.0,4034.0,14605.0,183819.0,3397.279001537218,0.410718954248366,1.500286251184357
ID1291602,1291602,56,7537.31494140625,17.453784198689547,42.776105397254625,0.0,1.2,40,0.5,1,,11294.47619047619,10589.0,4453.0,25061.0,237184.0,6146.523184850502,0.5847518359150043,1.356053725576751
ID1291601,1291601,1,4871.90185546875,177.64591653304288,39.575274277624295,0.0,1.2,40,0.5,1,,10887.190476190477,11396.0,3075.0,16647.0,228631.0,3835.564999045742,0.4326670939009049,1.7144508947827917
ID1291600,1291600,2,2769.50048828125,198.01403615529415,38.486030149212915,0.0,1.2,40,0.5,1,,7129.428571428572,7233.0,2317.0,11207.0,149718.0,2712.5340656188737,0.33460312522926716,1.3179149132376844
ID1291607,1291607,4,1746.6820068359375,112.81065990675107,61.59006709996881,0.0,1.2,40,0.5,1,,5295.285714285715,5313.0,3361.0,7608.0,111201.0,1262.5993086825742,0.2728433927375292,1.7980108793199236
ID1291606,1291606,5,3687.371337890625,159.85495135086526,51.05239744963875,0.0,1.2,40,0.5,1,,8709.57142857143,8158.0,6113.0,13597.0,182901.0,2121.380766657145,0.38803418701003267,2.295503614713472
ID1291605,1291605,6,9403.171875,222.38139883113342,49.07029357814641,0.0,1.2,40,0.5,1,,16389.52380952381,14482.0,6388.0,30662.0,344180.0,7162.620963160396,0.549771388445785,1.6234497746395382
ID1291604,1291604,7,10928.978515625,44.797379549622924,48.03307184193536,0.0,1.2,40,0.5,1,,15211.761904761905,13047.0,4578.0,35995.0,319447.0,9742.831266653251,0.628302530213219,1.2049195324172077
ID1291611,1291611,8,2440.325927734375,130.76036814745814,69.68648296649054,0.0,1.2,40,0.5,1,,8518.952380952382,8598.0,5361.0,10761.0,178898.0,1648.760609554658,0.26206409063378217,2.145777508925062
ID1291610,1291610,58,1476.0921630859375,120.2316704951269,68.78172498598994,0.0,1.2,40,0.5,1,,4868.714285714285,4788.0,2865.0,6588.0,102243.0,1018.6113656766815,0.25693687887886035,1.9541088099745605
ID1291609,1291609,10,1517.418212890625,155.50600072535275,64.62412289728564,0.0,1.2,40,0.5,1,,5025.476190476191,4838.0,2898.0,6952.0,105535.0,1198.946771923075,0.23937615988800176,1.6191424920780002
ID1291608,1291608,11,1799.8895263671875,164.005507748261,63.2207667202232,0.0,1.2,40,0.5,1,,5665.380952380952,6129.0,2148.0,8169.0,118973.0,1829.8301144147365,0.24880246447238763,1.2336991734729499
ID1291615,1291615,13,1857.2835693359375,213.21078073230072,93.74003189447595,0.0,1.2,40,0.5,1,,6163.476190476191,6649.0,2598.0,8504.0,129433.0,1778.5974704538296,0.2515404893738295,1.3929676968577767
ID1291614,1291614,14,13255.45703125,69.88093236108999,92.53739001336069,0.0,1.2,40,0.5,1,,24403.333333333332,23956.0,10996.0,38865.0,512470.0,8805.518839530885,0.5812946616285035,2.037547429931749
ID1291613,1291613,63,2034.760009765625,12.245944453161542,75.32058338589778,0.0,1.2,40,0.5,1,,5287.047619047619,5112.0,3629.0,7651.0,111028.0,1146.6367984758938,0.3699965563894076,2.490551628169682
ID1291612,1291612,15,2133.693603515625,197.70910110616254,74.97239780342467,0.0,1.2,40,0.5,1,,6746.142857142857,6230.0,3605.0,9594.0,141669.0,1941.3555131843905,0.25781233161095707,1.424519157629468
ID1291591,1291591,18,18047.189453125,155.35322788461443,1.0559173313783285,0.0,1.2,40,0.5,1,,23626.666666666668,20946.0,8202.0,54880.0,496160.0,14110.758510205373,0.7570809951817006,1.4428881055054465
ID1291595,1291595,21,1882.87548828125,138.08085028303648,26.98148503011204,0.0,1.2,40,0.5,1,,5460.761904761905,5588.0,2508.0,8313.0,114676.0,1726.0806732236447,0.2656556041908747,1.32808411644704
ID1291594,1291594,16,2083.43798828125,145.47477843882496,24.14148566715777,0.0,1.2,40,0.5,1,,6288.714285714285,6501.0,3165.0,9099.0,132063.0,1863.267644297435,0.2821177962462676,1.4853170673321268
ID1291593,1291593,51,3032.26611328125,142.0749931711177,23.545861798849796,0.0,1.2,40,0.5,1,,8441.57142857143,8293.0,5343.0,11959.0,177273.0,2007.0123709491322,0.34284395209566515,2.1477028382117447
ID1291592,1291592,17,1747.2620849609375,109.10566070001423,18.749659023671374,0.0,1.2,40,0.5,1,,5230.571428571428,5463.0,2195.0,7607.0,109842.0,1534.821539183907,0.2827030826851052,1.5021927211073878
ID1291599,1291599,35,8600.3193359375,141.6323797550486,37.89386067234059,0.0,1.2,40,0.5,1,,16628.0,15389.0,7468.0,28706.0,349188.0,5635.021419657604,0.5084786630856462,1.9893353606989825
ID1291598,1291598,54,1473.7174072265625,118.11945121370927,37.651937540540274,0.0,1.2,40,0.5,1,,4915.380952380952,4985.0,2809.0,6758.0,103223.0,1142.8985290125488,0.2537281279325766,1.740783452435391
ID1291597,1291597,19,5479.71240234375,208.3231928879351,33.03688232591568,0.0,1.2,40,0.5,1,,10956.619047619048,10413.0,3269.0,19014.0,230089.0,4187.2215426961875,0.4749227072125891,1.6851334161345697
ID1291596,1291596,20,22848.0625,197.13291938435907,30.75009257407336,0.0,1.2,40,0.5,1,,26850.190476190477,20299.0,7165.0,65535.0,563854.0,19596.695761324274,0.8258118427083413,1.2394231490220362
ID1291619,1291619,25,1900.7236328125,132.26022837723684,113.37426196161077,0.0,1.2,40,0.5,1,,5828.428571428572,6113.0,2496.0,8365.0,122397.0,1612.1905151510032,0.2587011248333879,1.4860752768670218
ID1291618,1291618,26,1553.74609375,211.305371009193,110.19628480072201,0.0,1.2,40,0.5,1,,5686.238095238095,5961.0,3061.0,7718.0,119411.0,1297.6509894714334,0.2236760253986737,1.6019542895498007
ID1291617,1291617,59,1992.4700927734375,98.6055922734233,108.20764732431331,0.0,1.2,40,0.5,1,,6132.0,6054.0,4204.0,8619.0,128772.0,1227.4297535908115,0.2834228133395205,2.20648279354145
ID1291616,1291616,64,1514.2545166015625,86.30866296513811,106.57139396239664,0.0,1.2,40,0.5,1,,4619.666666666667,4740.0,2257.0,6360.0,97013.0,1307.49605480603,0.2733793423614516,1.5170788119110437
ID1291623,1291623,49,3536.87158203125,64.09245020203312,147.60327208650617,0.0,1.2,40,0.5,1,,7897.952380952381,7746.0,5194.0,11952.0,165857.0,2142.1135001719795,0.4273480648907192,2.2077702632637566
ID1291622,1291622,28,18594.150390625,26.05535675503815,144.8545298328216,0.0,1.2,40,0.5,1,,24782.095238095237,21353.0,6226.0,56033.0,520424.0,14443.050532712132,0.7514701336887739,1.4723737810195483
ID1291621,1291621,29,22195.4765625,28.290443223378123,138.36935614003346,0.0,1.2,40,0.5,1,,27639.95238095238,21309.0,9889.0,65535.0,580439.0,16873.823225565066,0.7944591400656487,1.4504133321336539
ID1291620,1291620,24,10118.021484375,215.16370031535286,115.0738012300667,0.0,1.2,40,0.5,1,,16786.428571428572,16721.0,7783.0,30225.0,352515.0,7638.659892752318,0.6121556781479881,1.6688835494144731
ID1291627,1291627,52,2053.420166015625,120.43544538419883,175.44194013668837,0.0,1.2,40,0.5,1,,6156.714285714285,6417.0,3043.0,8829.0,129291.0,1647.01627626618,0.2852889972725537,1.6594544544737015
ID1291626,1291626,33,22509.8828125,215.55676404380426,170.53451267598416,0.0,1.2,40,0.5,1,,26258.571428571428,19518.0,7128.0,65535.0,551430.0,19398.52046051819,0.8075714267137063,1.209533664260074
ID1291625,1291625,42,3920.240966796875,54.66606210805906,163.626365265342,0.0,1.2,40,0.5,1,,9416.809523809523,9956.0,2608.0,15180.0,197753.0,3753.7341224312568,0.38292698603185793,1.3892710806256978
ID1291624,1291624,27,1695.8558349609375,144.9459528030246,155.07200902794145,0.0,1.2,40,0.5,1,,5843.190476190476,6059.0,2847.0,7870.0,122707.0,1529.6086303054,0.2273430838361535,1.4151923788232526
ID1291629,1291629,30,10049.751953125,97.7186335726516,216.09494841045563,0.0,1.2,40,0.5,1,,18821.904761904763,16885.0,11207.0,29601.0,395260.0,5849.05329010398,0.5889464722025373,2.38547322669625
ID1291628,1291628,32,22540.021484375,111.51820521515108,175.60301772326088,0.0,1.2,40,0.5,1,,44885.857142857145,44480.0,24920.0,65535.0,942603.0,12506.399502997312,0.546685306905544,2.5371296619184904
ID1291667,1291667,32,22658.681640625,111.59913065685751,175.64750022100813,0.0,1.23,41,0.5,1,,42290.90476190476,43368.0,13359.0,65535.0,888109.0,16418.07509699222,0.5332345928897771,1.7916964820603567
ID1291666,1291666,52,2969.792724609375,120.42477403359112,175.28336246384956,0.0,1.23,41,0.5,1,,7965.0952380952385,8398.0,3361.0,11661.0,167267.0,2416.845545432349,0.33774073281715605,1.664115870031506
ID1291665,1291665,33,18237.29296875,215.45988423936166,170.62281047696337,0.0,1.23,41,0.5,1,,24570.285714285714,19472.0,8784.0,56222.0,515976.0,12879.54683652673,0.7480097110521357,1.632687300515438
ID1291664,1291664,42,5206.3232421875,54.28539231347823,163.41830061875007,0.0,1.23,41,0.5,1,,11682.761904761905,12287.0,4546.0,17940.0,245338.0,3821.711487079603,0.44174962639223836,1.8732854810750632
ID1291668,1291668,30,6609.64453125,97.64358890157274,215.99313327901893,0.0,1.23,41,0.5,1,,13650.714285714286,13979.0,5240.0,22189.0,286665.0,4852.419284674987,0.47430869638875384,1.8100880974397797
ID1291651,1291651,15,2122.10546875,197.48777667563232,75.07593621483441,0.0,1.23,41,0.5,1,,6674.9047619047615,7238.0,2351.0,9657.0,140173.0,2224.9120410650376,0.26746863213385125,1.266187026681839
ID1291650,1291650,63,2028.8330078125,12.380502542824683,75.22863566585512,0.0,1.23,41,0.5,1,,5162.761904761905,5192.0,2532.0,7834.0,108418.0,1509.7472273450912,0.35920772454220085,1.8074557972494145
ID1291649,1291649,8,2512.227294921875,130.7381480027109,69.69806854158782,0.0,1.23,41,0.5,1,,8543.333333333334,8422.0,5168.0,10941.0,179410.0,1712.7797970939912,0.26521863389539874,2.091193737830129
ID1291648,1291648,10,1520.0435791015625,155.53053353517782,64.61394952427707,0.0,1.23,41,0.5,1,,5011.666666666667,4953.0,2697.0,7028.0,105245.0,1225.112539048284,0.2408537181305424,1.588067497064524
ID1291655,1291655,59,2782.2705078125,98.71632557625844,108.39319777966548,0.0,1.23,41,0.5,1,,7793.142857142857,7754.0,5588.0,10485.0,163656.0,1382.0406392618954,0.3531448743414521,2.943272208466837
ID1291654,1291654,64,1493.014404296875,86.3138703561114,106.51869421055703,0.0,1.23,41,0.5,1,,4825.238095238095,4823.0,2654.0,6629.0,101330.0,1166.1076667598882,0.27294418385347985,1.774494167320237
ID1291653,1291653,13,1820.1729736328125,213.19774689645521,93.73810596071543,0.0,1.23,41,0.5,1,,6161.333333333333,6630.0,2539.0,8414.0,129388.0,1730.5213761561379,0.25201165931312364,1.433309545431324
ID1291652,1291652,14,9161.4677734375,70.41388131028603,92.8400010116914,0.0,1.23,41,0.5,1,,19201.428571428572,18963.0,8175.0,29346.0,403230.0,6235.022578719571,0.5101409960269796,2.0806461846869118
ID1291659,1291659,,1469.9249267578125,192.57747513025504,135.22999800467508,0.0,1.23,41,0.5,1,,8472.047619047618,8821.0,7319.0,9921.0,177913.0,839.6073770632602,0.15098784755658315,2.647362384122071
ID1291658,1291658,24,11886.8291015625,215.20042969100692,114.7166559304404,0.0,1.23,41,0.5,1,,18141.619047619046,15201.0,8170.0,36228.0,380974.0,8466.517622235193,0.6564722348188471,1.6983743562142264
ID1291657,1291657,25,1920.9468994140625,132.24935137654603,113.37925410790643,0.0,1.23,41,0.5,1,,5908.142857142857,6217.0,2780.0,8213.0,124071.0,1605.8316314518868,0.26421889897714385,1.5378804473021523
ID1291656,1291656,26,1512.0556640625,211.32760904754244,110.19589822010953,0.0,1.23,41,0.5,1,,5632.285714285715,5859.0,2954.0,7596.0,118278.0,1302.112827018348,0.21647689004242116,1.539478873393879
ID1291663,1291663,27,1707.905517578125,144.9401729770187,155.03715192371612,0.0,1.23,41,0.5,1,,5786.619047619048,6007.0,2605.0,8070.0,121519.0,1658.2761674760472,0.2321975690784646,1.3151501832370667
ID1291662,1291662,49,3261.00048828125,64.3392592013406,147.54266564485133,0.0,1.23,41,0.5,1,,7624.571428571428,7335.0,5166.0,11145.0,160116.0,1910.6030872849694,0.41314660796137664,2.333414696635691
ID1291661,1291661,28,14818.107421875,26.17609440524159,145.2928235503503,0.0,1.23,41,0.5,1,,22580.380952380954,21431.0,2764.0,41940.0,474188.0,12388.822330940866,0.6974548131276767,1.497783662849078
ID1291660,1291660,29,23138.6328125,28.524007650515426,138.58633801747305,0.0,1.23,41,0.5,1,,27993.428571428572,21107.0,10103.0,65535.0,587862.0,18051.690138520073,0.8178035824239283,1.3953086042442742
ID1291635,1291635,20,22458.33203125,197.22202024755208,30.907494398107104,0.0,1.23,41,0.5,1,,24673.285714285714,14607.0,4058.0,65535.0,518139.0,21029.8743936878,0.8125097003643746,1.0518856243397576
ID1291634,1291634,21,1829.2279052734375,138.0517002312574,27.02191363976144,0.0,1.23,41,0.5,1,,5637.809523809524,5879.0,3028.0,8113.0,118394.0,1598.440133975859,0.25809501724578243,1.4471388310388569
ID1291633,1291633,16,2053.915283203125,145.4748286643261,24.139878286677565,0.0,1.23,41,0.5,1,,6233.142857142857,6447.0,3076.0,8992.0,130896.0,1860.7670538171692,0.27764705610380735,1.4558855737568408
ID1291632,1291632,51,1833.154541015625,141.8459398958099,23.592331360249208,0.0,1.23,41,0.5,1,,6589.666666666667,6352.0,5337.0,8139.0,138383.0,866.5484021872832,0.26751834701010596,3.209962319793273
ID1291639,1291639,2,2736.30224609375,198.00682374533216,38.48964300585205,0.0,1.23,41,0.5,1,,7103.571428571428,7295.0,2146.0,11243.0,149175.0,2708.8389684776125,0.33021350963446494,1.3019582019539684
ID1291638,1291638,35,7771.02490234375,141.5902373816803,38.25198889331261,0.0,1.23,41,0.5,1,,13983.57142857143,13750.0,2462.0,26655.0,293655.0,7364.241974374746,0.47433544011853734,1.2218258796874177
ID1291637,1291637,54,1451.9210205078125,118.11435406892984,37.652766079251755,0.0,1.23,41,0.5,1,,4860.428571428572,4925.0,2822.0,6603.0,102069.0,1113.3702246525445,0.25025499516119637,1.747628484859307
ID1291636,1291636,19,5517.447265625,208.32031534650278,33.03408224621749,0.0,1.23,41,0.5,1,,10941.904761904761,10494.0,3159.0,19230.0,229780.0,4271.639321206343,0.47671274114688417,1.6538232302948863
ID1291643,1291643,7,10893.5048828125,44.9140427412511,48.07464476697106,0.0,1.23,41,0.5,1,,15699.238095238095,12920.0,4484.0,34535.0,329684.0,9183.077920309519,0.6318603216289592,1.323909820662476
ID1291642,1291642,61,4897.83154296875,34.17314586931485,44.9920410193563,0.0,1.23,41,0.5,1,,10408.47619047619,10598.0,5321.0,16533.0,218578.0,3406.9551599492415,0.47363037806562813,1.9638201646327067
ID1291641,1291641,56,7746.9912109375,17.00243253302934,42.73327389243528,0.0,1.23,41,0.5,1,,10984.761904761905,9096.0,3564.0,25791.0,230680.0,6500.74947144375,0.5989266603041017,1.265908499654488
ID1291640,1291640,1,4024.9794921875,177.11292193821816,39.6468882866153,0.0,1.23,41,0.5,1,,10052.190476190477,10541.0,3834.0,14217.0,211096.0,2921.900830265251,0.41226887156006803,2.008576563595856
ID1291647,1291647,11,1822.9556884765625,164.00701739871366,63.22123988214718,0.0,1.23,41,0.5,1,,5717.0,6206.0,2171.0,8155.0,120057.0,1834.5334011677191,0.2500650937709936,1.24678913686367
ID1291646,1291646,4,1710.3677978515625,112.8169679841439,61.58272285140016,0.0,1.23,41,0.5,1,,5267.0,5164.0,3264.0,7351.0,110607.0,1223.581586981432,0.2672260554228577,1.8154533271769508
ID1291645,1291645,5,2068.55224609375,159.9164143743004,50.94840266822874,0.0,1.23,41,0.5,1,,6458.380952380952,6267.0,4987.0,8431.0,135626.0,1120.757399091814,0.30628605052029595,2.702283865398216
ID1291644,1291644,6,6090.27783203125,222.31256892014628,49.550305591290105,0.0,1.23,41,0.5,1,,12931.57142857143,11628.0,6820.0,21455.0,271563.0,4136.496930633801,0.43448985096172243,1.893785333196133
ID1291631,1291631,17,1743.67041015625,109.10980714522049,18.75779153145075,0.0,1.23,41,0.5,1,,5192.238095238095,5514.0,2284.0,7598.0,109037.0,1517.9905436056547,0.2805881412560789,1.4989093377991036
ID1291630,1291630,18,21730.69921875,155.6071966998023,1.1275719725913091,0.0,1.23,41,0.5,1,,24391.47619047619,14996.0,4355.0,65535.0,512221.0,20416.153973310073,0.8113899469680929,1.0703155069776038
ID1291671,1291671,51,2373.24853515625,142.2743098942988,23.64242705171375,0.0,1.26,42,0.5,1,,7604.190476190476,7221.0,6189.0,9606.0,159688.0,1124.3726081263105,0.301767018837632,3.135531975951614
ID1291670,1291670,17,1704.5137939453125,109.10921001807404,18.745843378469175,0.0,1.26,42,0.5,1,,5155.190476190476,5509.0,2230.0,7381.0,108259.0,1513.9136243210053,0.27600301053983606,1.4731118899872755
ID1291669,1291669,18,21785.2734375,155.61377240102075,1.0871268145114232,0.0,1.26,42,0.5,1,,24133.333333333332,16960.0,4645.0,65535.0,506800.0,19970.2012742319,0.8099574302775444,1.0815801258291677
ID1291675,1291675,19,5506.28857421875,208.32720734401826,33.03037580049277,0.0,1.26,42,0.5,1,,10938.333333333334,10284.0,3259.0,19013.0,229705.0,4294.103938347713,0.4765066102494167,1.6441526292953141
ID1291674,1291674,20,22756.998046875,197.37729441371226,30.91872967193563,0.0,1.26,42,0.5,1,,25183.52380952381,15501.0,7305.0,65535.0,528854.0,19879.687370829168,0.8136804710914627,1.1366586468318005
ID1291673,1291673,21,1868.6019287109375,138.05285480571303,27.010083530055425,0.0,1.26,42,0.5,1,,5664.476190476191,6081.0,2902.0,8198.0,118954.0,1618.283646924964,0.26402968514482295,1.4622801693075236
ID1291672,1291672,16,2081.98974609375,145.52645857049217,24.106163439183614,0.0,1.26,42,0.5,1,,6062.571428571428,6256.0,2387.0,9168.0,127314.0,2065.0370110830595,0.2765758366762121,1.2721157787074029
ID1291679,1291679,1,6367.6328125,177.02193568926293,39.43357313259501,0.0,1.26,42,0.5,1,,13094.714285714286,12905.0,5610.0,21866.0,274989.0,4490.078764819801,0.462074184903886,1.8433778309159603
ID1291678,1291678,2,2754.447998046875,197.99868752523756,38.48944600920745,0.0,1.26,42,0.5,1,,7081.619047619048,7060.0,2137.0,11207.0,148714.0,2731.286408932437,0.33278444619571573,1.2947872568497856
ID1291677,1291677,35,6685.984375,141.66748397389463,38.35020159414721,0.0,1.26,42,0.5,1,,13059.142857142857,11671.0,4793.0,23527.0,274242.0,4952.094963605951,0.4674410683913457,1.6800488155698279
ID1291676,1291676,54,1478.4970703125,118.08123616821335,37.66873794608614,0.0,1.26,42,0.5,1,,4923.9047619047615,5039.0,2749.0,6777.0,103402.0,1112.253653838094,0.25627365338938257,1.8061570352882736
ID1291699,1291699,29,21413.271484375,28.784183775588534,138.6027022847717,0.0,1.26,42,0.5,1,,28034.095238095237,20864.0,12852.0,65535.0,588716.0,16248.538558605085,0.8001614827444085,1.533798863513105
ID1291698,1291698,24,10739.4345703125,215.17343633521864,114.79589593366559,0.0,1.26,42,0.5,1,,17251.666666666668,15681.0,8413.0,34099.0,362285.0,7744.195615642295,0.628827250011802,1.720049979350522
ID1291697,1291697,25,1900.037109375,132.28311000750875,113.358478678485,0.0,1.26,42,0.5,1,,5900.761904761905,6018.0,2743.0,8083.0,123916.0,1598.4296639127385,0.261408845397515,1.530061766559993
ID1291696,1291696,26,1543.7794189453125,211.33704158404402,110.19600951114103,0.0,1.26,42,0.5,1,,5653.0952380952385,5979.0,3045.0,7651.0,118715.0,1338.3841341245009,0.21913249735866835,1.5184181919281199
ID1291703,1291703,42,3284.126708984375,54.121077507650355,163.29799805931404,0.0,1.26,42,0.5,1,,9176.47619047619,9172.0,5007.0,12463.0,192706.0,2064.38418466737,0.3546163989758097,2.3273296423939636
ID1291702,1291702,27,1654.771484375,144.9487447111531,155.05191846524568,0.0,1.26,42,0.5,1,,5772.952380952381,5993.0,2749.0,7838.0,121232.0,1576.2505028132578,0.2251419161671073,1.3460856422498702
ID1291701,1291701,49,1916.0765380859375,64.06662196671101,147.47593481856683,0.0,1.26,42,0.5,1,,5912.190476190476,5825.0,4007.0,7616.0,124156.0,1104.218529958976,0.3261109124038094,2.6333516966577273
ID1291700,1291700,28,20036.361328125,26.25096432444112,145.76530392789104,0.0,1.26,42,0.5,1,,25552.190476190477,21576.0,6625.0,63554.0,536596.0,16219.469114675265,0.7705179490430042,1.371209845532213
ID1291707,1291707,30,6710.95556640625,97.25421893444067,215.94727369045725,0.0,1.26,42,0.5,1,,14829.190476190477,14342.0,9610.0,22330.0,311413.0,3681.5525477581823,0.4671754097324077,2.5651594812382936
ID1291706,1291706,32,21777.185546875,111.58683196914724,175.73325397203482,0.0,1.26,42,0.5,1,,41969.666666666664,42905.0,16004.0,65535.0,881363.0,15681.15774849974,0.534622726923187,1.8648039613348695
ID1291705,1291705,52,2264.289306640625,120.63993940108992,175.3648628870366,0.0,1.26,42,0.5,1,,6455.285714285715,6691.0,2698.0,9472.0,135561.0,1952.1486660307696,0.2934334621539649,1.5003691368331427
ID1291704,1291704,33,23836.8203125,215.36692188348124,170.6306115775444,0.0,1.26,42,0.5,1,,26746.0,20846.0,5680.0,65535.0,561666.0,20675.63793211711,0.8410242081528904,1.1818950540126871
ID1291683,1291683,6,10269.109375,222.07211701772962,49.44186146818238,0.0,1.26,42,0.5,1,,16903.47619047619,16396.0,6555.0,33956.0,354973.0,7871.014239721891,0.5614260237689921,1.5443525519206525
ID1291682,1291682,7,7793.31005859375,45.33115364287666,48.07408596578492,0.0,1.26,42,0.5,1,,12518.142857142857,10422.0,4706.0,25651.0,262881.0,6285.562228517942,0.5594497524185614,1.428944854568572
ID1291681,1291681,61,6675.8232421875,34.20322056339133,45.07712529697621,0.0,1.26,42,0.5,1,,12119.047619047618,11339.0,4570.0,22330.0,254500.0,4877.481578398739,0.52815095906642,1.7174917683447273
ID1291680,1291680,56,9381.0341796875,16.61656165118362,42.75453072507357,0.0,1.26,42,0.5,1,,12561.0,9037.0,4899.0,31282.0,263781.0,7695.360316450426,0.6233608219548467,1.2535731884833567
ID1291687,1291687,10,1518.177734375,155.50043480823203,64.623399714651,0.0,1.26,42,0.5,1,,5028.619047619048,4996.0,2776.0,6913.0,105601.0,1177.148651453608,0.24002880641713775,1.653784867495249
ID1291686,1291686,11,1796.334716796875,163.9938685484096,63.2267619186012,0.0,1.26,42,0.5,1,,5641.047619047619,6114.0,2217.0,8142.0,118462.0,1837.5699299942432,0.24857254278488544,1.222320965294422
ID1291685,1291685,4,1707.4805908203125,112.81012201780682,61.59177047544049,0.0,1.26,42,0.5,1,,5264.571428571428,5177.0,3263.0,7535.0,110556.0,1227.0422800958643,0.2690574273280215,1.819270179016998
ID1291684,1291684,5,1716.71923828125,159.81245485386873,50.800210655176194,0.0,1.26,42,0.5,1,,5882.047619047619,5767.0,4835.0,7327.0,123523.0,812.704095977772,0.27290108901184196,3.103392411571849
ID1291691,1291691,15,2157.805419921875,197.5090427976103,75.07526754255444,0.0,1.26,42,0.5,1,,6677.9047619047615,7480.0,2290.0,9598.0,140236.0,2237.4638299816584,0.2685485725916045,1.2636591332219222
ID1291690,1291690,63,2073.84130859375,12.534570379529978,75.16670018531462,0.0,1.26,42,0.5,1,,5339.619047619048,5330.0,3369.0,7864.0,112132.0,1218.4607287963975,0.3817053782947417,2.4212607621719915
ID1291689,1291689,8,2504.019775390625,130.7559321710543,69.68569326054704,0.0,1.26,42,0.5,1,,8573.047619047618,8505.0,5363.0,10833.0,180034.0,1693.7176115335897,0.2654723683619699,2.1236888448825417
ID1291688,1291688,,1460.5126953125,120.22632364712801,68.78030964990954,0.0,1.26,42,0.5,1,,4854.0952380952385,4743.0,2930.0,6477.0,101936.0,969.3641681412565,0.25721141382520435,2.0489589038213425
ID1291695,1291695,59,5083.017578125,98.56390860411574,108.38607537898184,0.0,1.26,42,0.5,1,,10518.238095238095,9049.0,7468.0,17425.0,220883.0,2933.533090059867,0.4584568362715282,2.254171083348577
ID1291694,1291694,64,1471.1649169921875,86.3546960378634,106.48051889908915,0.0,1.26,42,0.5,1,,4840.238095238095,4909.0,2551.0,6461.0,101645.0,1205.590888517407,0.2698180482840282,1.7061855717723617
ID1291693,1291693,13,1850.018798828125,213.19963590868775,93.74553330298339,0.0,1.26,42,0.5,1,,6146.809523809524,6804.0,2533.0,8429.0,129083.0,1760.0076027974317,0.2532923281563084,1.4116754495040011
ID1291692,1291692,14,8307.62890625,70.39908555508622,92.89259107710367,0.0,1.26,42,0.5,1,,17559.285714285714,18141.0,9010.0,28343.0,368745.0,5585.678456041461,0.4509859991284646,1.95416282442179
ID1291731,1291731,13,1837.0406494140625,213.19503929922013,93.74975120738372,0.0,1.29,43,0.5,1,,6196.952380952381,6083.0,3409.0,8551.0,130136.0,1424.6427789516385,0.2518823164276315,1.7503961413349471
ID1291730,1291730,14,13434.6171875,69.8736763328571,92.75190470516443,0.0,1.29,43,0.5,1,,25720.761904761905,24765.0,12960.0,44079.0,540136.0,8604.017805099906,0.5706427426893874,2.1721980066959565
ID1291729,1291729,63,1487.69677734375,12.479777122831639,75.39909294225474,0.0,1.29,43,0.5,1,,4574.190476190476,4623.0,2967.0,6056.0,96058.0,864.1261261556451,0.31523692488849486,2.537465781697164
ID1291728,1291728,15,2135.041259765625,197.70647762028048,74.97219172496854,0.0,1.29,43,0.5,1,,6765.0,6366.0,3472.0,9625.0,142065.0,1913.7519431734092,0.2632199652340559,1.4731670558695877
ID1291735,1291735,26,1556.0528564453125,211.33422889187474,110.18859535827302,0.0,1.29,43,0.5,1,,5674.142857142857,6028.0,3034.0,7632.0,119157.0,1366.7247815750723,0.22255691138981099,1.511545388803582
ID1291734,1291734,59,2863.80029296875,98.5358856575539,108.07875142949997,0.0,1.29,43,0.5,1,,7960.0952380952385,7738.0,5530.0,10857.0,167162.0,1593.7614597160361,0.3539633602256067,2.611417657059015
ID1291733,1291733,64,1466.830322265625,86.32244072629011,106.56882756580627,0.0,1.29,43,0.5,1,,4591.761904761905,4685.0,2253.0,6357.0,96427.0,1217.458619615546,0.2722648015572477,1.614243828079548
ID1291732,1291732,,1598.270751953125,192.54008009384842,97.61194205573513,0.0,1.29,43,0.5,1,,5729.428571428572,5656.0,4423.0,7468.0,120318.0,951.2840044607378,0.23793326614446716,2.3152028239792974
ID1291739,1291739,29,20972.478515625,28.875619683011664,138.80064013031517,0.0,1.29,43,0.5,1,,26681.619047619046,21755.0,7283.0,65535.0,560314.0,15822.26369542674,0.7714935722000752,1.468812256226648
ID1291738,1291738,67,1471.40576171875,192.6808532439579,135.0932757535821,0.0,1.29,43,0.5,1,,8432.42857142857,8531.0,6852.0,9993.0,177081.0,1094.8983775414308,0.16391998830385535,2.1692901408553067
ID1291737,1291737,24,6908.240234375,215.39035404296354,114.68103985749114,0.0,1.29,43,0.5,1,,13776.619047619048,12692.0,7531.0,23266.0,289309.0,4609.66712980656,0.5251354293501265,2.0580977099330466
ID1291736,1291736,25,1854.2401123046875,132.27621605172996,113.36171986301298,0.0,1.29,43,0.5,1,,5849.952380952381,6156.0,2735.0,8044.0,122849.0,1584.0683532029316,0.25569428626609,1.5039919586460544
ID1291743,1291743,42,5711.78564453125,53.92457354565115,163.1282988371857,0.0,1.29,43,0.5,1,,12616.952380952382,13423.0,5972.0,18992.0,264956.0,3833.2719506472595,0.4639848272832632,2.0863253335318377
ID1291742,1291742,27,1691.3922119140625,144.93638668880075,155.063204790474,0.0,1.29,43,0.5,1,,5753.714285714285,6005.0,2700.0,7915.0,120828.0,1572.986304544866,0.23060025500681539,1.3708695468777905
ID1291741,1291741,49,1605.9390869140625,64.24459736260879,147.30292787032872,0.0,1.29,43,0.5,1,,5527.285714285715,5506.0,3909.0,6955.0,116073.0,907.0244838402733,0.28491650382261124,2.702499355175542
ID1291740,1291740,28,18351.396484375,26.26615436121344,145.90143213589,0.0,1.29,43,0.5,1,,24263.04761904762,19430.0,8867.0,55977.0,509524.0,13503.117889865995,0.7439906550787709,1.5330792798723025
ID1291715,1291715,54,1464.0843505859375,118.09561841952839,37.66605247144952,0.0,1.29,43,0.5,1,,4938.0952380952385,5076.0,2791.0,6598.0,103700.0,1094.9308153834152,0.2562367919959935,1.8398090827706401
ID1291714,1291714,19,5390.595703125,208.31758100241169,33.03596134030286,0.0,1.29,43,0.5,1,,10834.666666666666,10483.0,3166.0,18799.0,227528.0,4157.266112883963,0.47132198390798163,1.669735566411418
ID1291713,1291713,20,23721.1640625,197.70555618679322,30.871904055558566,0.0,1.29,43,0.5,1,,25609.761904761905,14811.0,5795.0,65535.0,537805.0,20327.940908770768,0.8222648865440801,1.1369526675292558
ID1291712,1291712,21,1810.279296875,137.9373867599022,27.070974275365305,0.0,1.29,43,0.5,1,,5438.666666666667,6057.0,1934.0,8059.0,114212.0,1907.7045718174847,0.27107861929841465,1.216001661942078
ID1291719,1291719,56,9302.365234375,16.225339792821924,42.44627447611011,0.0,1.29,43,0.5,1,,12686.857142857143,8897.0,5753.0,30428.0,266424.0,7293.553923059144,0.6346740168056806,1.3507171263027673
ID1291718,1291718,1,7383.94482421875,176.97603602885573,39.185685346056445,0.0,1.29,43,0.5,1,,14405.142857142857,13656.0,4879.0,25042.0,302508.0,5118.860794021599,0.47732010553145676,1.8184835033306745
ID1291717,1291717,2,2763.215087890625,198.00427190386762,38.48507220036973,0.0,1.29,43,0.5,1,,7119.285714285715,7213.0,2023.0,11241.0,149505.0,2736.793911547911,0.3353370946459909,1.3065168254524182
ID1291716,1291716,35,3053.955078125,141.3860585065278,38.04434024367696,0.0,1.29,43,0.5,1,,8430.095238095239,8985.0,2976.0,11829.0,177032.0,2751.205679420604,0.3328529378636462,1.530416284915514
ID1291723,1291723,5,3245.29150390625,159.74217950350288,51.129756574832406,0.0,1.29,43,0.5,1,,8142.761904761905,8248.0,4446.0,12230.0,170998.0,2350.7612363819917,0.35732804613966673,1.8237927834153893
ID1291722,1291722,6,4581.31982421875,222.19066968839795,49.727844430027616,0.0,1.29,43,0.5,1,,10568.095238095239,9946.0,6988.0,17381.0,221930.0,3087.360537818055,0.3777958597457748,1.8772049214847881
ID1291721,1291721,7,2806.074462890625,45.711611821421236,47.77498592853248,0.0,1.29,43,0.5,1,,7069.0,6928.0,4954.0,10230.0,148449.0,1549.2973891412842,0.378819706883653,2.507138176829864
ID1291720,1291720,61,9014.9609375,34.136925266211094,44.773437155685805,0.0,1.29,43,0.5,1,,14553.333333333334,13142.0,4949.0,29723.0,305620.0,7061.97081793272,0.5888918923254429,1.5275934230774066
ID1291727,1291727,8,2483.6220703125,130.75417416187943,69.69003093687328,0.0,1.29,43,0.5,1,,8517.42857142857,8502.0,5359.0,10797.0,178866.0,1689.465346535068,0.2651996332230247,2.113503977247272
ID1291726,1291726,10,1495.7236328125,155.50456034148692,64.63041369789444,0.0,1.29,43,0.5,1,,5007.238095238095,4834.0,2785.0,6960.0,105152.0,1207.100199020856,0.23730156217305065,1.591145712114348
ID1291725,1291725,11,1806.1920166015625,163.9935110289822,63.23082854752997,0.0,1.29,43,0.5,1,,5670.047619047619,6159.0,2208.0,8207.0,119071.0,1823.2939553508775,0.2489804430422419,1.239851315190845
ID1291724,1291724,4,1713.769287109375,112.82075311642538,61.5785186600672,0.0,1.29,43,0.5,1,,5276.0952380952385,5186.0,3220.0,7395.0,110798.0,1246.0810930578275,0.2705622295594982,1.803298177726823
ID1291711,1291711,16,2045.5450439453125,145.4696692560462,24.143800222724686,0.0,1.29,43,0.5,1,,6271.190476190476,6349.0,3085.0,9034.0,131695.0,1858.314494886364,0.275265757345524,1.4568413640471805
ID1291710,1291710,51,1492.4212646484375,142.02887511638207,23.71943928039969,0.0,1.29,43,0.5,1,,6140.238095238095,6162.0,4957.0,7734.0,128945.0,716.5829264475889,0.22992633923710912,3.2037481893601103
ID1291709,1291709,17,1717.1602783203125,109.08851061246685,18.75528706121673,0.0,1.29,43,0.5,1,,5186.0952380952385,5358.0,2188.0,7139.0,108908.0,1495.491287328746,0.28084767057564436,1.5207574045341874
ID1291708,1291708,18,21827.380859375,155.43612456626687,1.0316673334368998,0.0,1.29,43,0.5,1,,24685.47619047619,19068.0,5013.0,65535.0,518395.0,18861.766247144107,0.8062440455995014,1.1683668827100528
ID1291747,1291747,30,7669.42333984375,97.40767692749128,215.95789788470347,0.0,1.29,43,0.5,1,,15231.238095238095,15863.0,5964.0,25068.0,319856.0,5318.895213338593,0.5036572889076381,1.9183596358739237
ID1291746,1291746,32,23242.103515625,111.67350319446396,175.80568472028872,0.0,1.29,43,0.5,1,,44256.52380952381,43890.0,17561.0,65535.0,929387.0,14561.288118223085,0.5481239793872525,2.1521897742859464
ID1291745,1291745,52,2734.976318359375,120.72538243271609,175.53555367397462,0.0,1.29,43,0.5,1,,7688.857142857143,7537.0,4009.0,11122.0,161466.0,2014.7731208678133,0.3188848809231129,1.845409187048415
ID1291744,1291744,33,23013.76953125,215.58602980238106,170.50829946766927,0.0,1.29,43,0.5,1,,25993.0,21490.0,4298.0,65535.0,545853.0,21695.750447956394,0.8309697020814353,1.0874661742371055
ID1291779,1291779,49,2270.81103515625,64.45144460143445,147.01014782873526,0.0,1.3199999999999998,44,0.5,1,,6234.666666666667,6144.0,3618.0,8662.0,130928.0,1461.9257277075787,0.3397220096433324,2.1628525749523355
ID1291778,1291778,28,17355.611328125,26.175380312340092,145.47031629237514,0.0,1.3199999999999998,44,0.5,1,,22850.52380952381,21014.0,4445.0,56940.0,479861.0,15070.049255457156,0.7080044240199903,1.2570671112005827
ID1291777,1291777,29,22239.17578125,28.71446816847564,138.7073404177807,0.0,1.3199999999999998,44,0.5,1,,27391.571428571428,21676.0,6178.0,65535.0,575223.0,18071.94835254746,0.7972716153547209,1.3447283285772558
ID1291776,1291776,67,1547.6357421875,192.63434968839243,135.26340742962918,0.0,1.3199999999999998,44,0.5,1,,8030.952380952381,8045.0,5499.0,9998.0,168650.0,1344.975333461193,0.17778011686739006,1.8026096676493966
ID1291783,1291783,,2600.05859375,63.73183761752293,175.66076248823998,0.0,1.3199999999999998,44,0.5,1,,6568.238095238095,6551.0,4386.0,9538.0,137933.0,1442.7202051944066,0.37878601449151933,2.501461568830925
ID1291782,1291782,33,19597.623046875,215.4892093036439,170.24382212173018,0.0,1.3199999999999998,44,0.5,1,,25862.095238095237,22760.0,6873.0,59027.0,543104.0,14860.164460411474,0.7677637197302523,1.5117272995580817
ID1291781,1291781,42,6926.48486328125,53.81122331257041,163.06549950038806,0.0,1.3199999999999998,44,0.5,1,,13316.238095238095,12880.0,3037.0,23710.0,279641.0,6013.2838940529155,0.49280545674641474,1.4620833575576808
ID1291780,1291780,27,1678.4212646484375,144.9435363254965,155.0431850119201,0.0,1.3199999999999998,44,0.5,1,,5778.428571428572,6194.0,2723.0,7880.0,121347.0,1559.674792109835,0.2274622622486729,1.3731149549822765
ID1291786,1291786,30,5551.787109375,97.47533889432567,216.14464029993073,0.0,1.3199999999999998,44,0.5,1,,13462.952380952382,14006.0,8949.0,17748.0,282722.0,2768.7752613058087,0.4453682103672742,2.996562328499475
ID1291785,1291785,52,1956.377685546875,120.766590013076,175.9022248443529,0.0,1.3199999999999998,44,0.5,1,,6818.476190476191,6933.0,4767.0,8896.0,143188.0,1292.5752055121443,0.268530124082906,2.233334272509022
ID1291784,1291784,32,22893.271484375,111.73279670992514,175.9171153178039,0.0,1.3199999999999998,44,0.5,1,,45456.04761904762,43156.0,29284.0,65535.0,954577.0,12418.37822131453,0.5576690359002456,2.620946334710701
ID1291763,1291763,4,1660.554443359375,112.81179310135818,61.59027126437693,0.0,1.3199999999999998,44,0.5,1,,5248.761904761905,5196.0,3366.0,7341.0,110224.0,1195.4603257641763,0.2648864187494376,1.83890741060359
ID1291762,1291762,5,4514.0537109375,159.49249842660439,51.08194543971707,0.0,1.3199999999999998,44,0.5,1,,9800.42857142857,9207.0,5111.0,16341.0,205809.0,3021.589028498558,0.42276451938294085,1.9275478775785382
ID1291761,1291761,6,4919.1943359375,222.39358429400315,50.01682290465785,0.0,1.3199999999999998,44,0.5,1,,10714.761904761905,10053.0,5084.0,18749.0,225010.0,4155.252843146394,0.36818065262516997,1.387818216281108
ID1291760,1291760,61,6503.22119140625,34.127915233143376,44.609678404594796,0.0,1.3199999999999998,44,0.5,1,,11620.095238095239,11807.0,2781.0,22492.0,244022.0,5541.496502793825,0.5092770584771787,1.4151346401092613
ID1291767,1291767,8,2485.46923828125,130.7523237534659,69.68805841861611,0.0,1.3199999999999998,44,0.5,1,,8501.142857142857,8412.0,5175.0,10835.0,178524.0,1702.8385797166534,0.26387077275363685,2.0845986253122586
ID1291766,1291766,,1453.0516357421875,120.24036006186384,68.79219033267714,0.0,1.3199999999999998,44,0.5,1,,4857.809523809524,4786.0,3161.0,6369.0,102014.0,947.7111700854654,0.2566888588555392,2.093985801767934
ID1291765,1291765,10,1524.9385986328125,155.50604281088064,64.63305910057964,0.0,1.3199999999999998,44,0.5,1,,5026.190476190476,4967.0,2778.0,7038.0,105550.0,1214.554429371019,0.23849878841167288,1.593832019822167
ID1291764,1291764,11,1790.9200439453125,164.0010421023514,63.22773073136095,0.0,1.3199999999999998,44,0.5,1,,5653.571428571428,6220.0,2271.0,8277.0,118725.0,1789.566723300044,0.24770387971731378,1.2543717569511663
ID1291771,1291771,64,1535.5179443359375,86.32373459360241,106.48391280171785,0.0,1.3199999999999998,44,0.5,1,,4857.857142857143,4815.0,2739.0,6563.0,102015.0,1186.7467415465815,0.27769518695162726,1.7793352421595807
ID1291770,1291770,13,1839.96044921875,213.25889934031792,93.72869269067603,0.0,1.3199999999999998,44,0.5,1,,6154.952380952381,6572.0,2560.0,8475.0,129254.0,1727.3792136120685,0.25177926703283976,1.4333729833210238
ID1291769,1291769,14,18640.83203125,69.41547545098165,92.91463982420353,0.0,1.3199999999999998,44,0.5,1,,28300.095238095237,26242.0,9898.0,64653.0,594302.0,14726.144776908728,0.6099596249628093,1.4561795603961438
ID1291768,1291768,15,2146.53466796875,197.49689315411152,75.07541498902116,0.0,1.3199999999999998,44,0.5,1,,6663.761904761905,7412.0,2420.0,9772.0,139939.0,2264.5250032790964,0.26738546671436525,1.24165637415811
ID1291775,1291775,24,7156.92822265625,215.3589793391597,114.62446139789841,0.0,1.3199999999999998,44,0.5,1,,13822.761904761905,13380.0,6801.0,23121.0,290278.0,5089.3065038840205,0.5116191731208111,1.8385296395470458
ID1291774,1291774,25,1867.7392578125,132.2742235156789,113.3672088013381,0.0,1.3199999999999998,44,0.5,1,,5935.952380952381,6191.0,2857.0,8245.0,124655.0,1583.111887271095,0.2546277391073859,1.5219473283227127
ID1291773,1291773,26,1508.1749267578125,211.3789180276987,110.18434896578175,0.0,1.3199999999999998,44,0.5,1,,5675.0952380952385,6035.0,3092.0,7508.0,119177.0,1287.5192388761382,0.21933745502764815,1.5857631013229065
ID1291772,1291772,59,3432.81689453125,98.63428804944337,107.58523511496011,0.0,1.3199999999999998,44,0.5,1,,8553.714285714286,8325.0,4840.0,12799.0,179628.0,2214.861330712538,0.3745638200183655,2.10474318237096
ID1291751,1291751,16,2046.690185546875,145.48527003731644,24.137099715071898,0.0,1.3199999999999998,44,0.5,1,,6246.428571428572,6420.0,3137.0,8994.0,131175.0,1838.7437170913345,0.2775402458239473,1.4760190076869304
ID1291750,1291750,51,1694.3406982421875,141.83079568069041,23.503391387274288,0.0,1.3199999999999998,44,0.5,1,,6296.619047619048,6201.0,4992.0,7914.0,132229.0,856.4054224600914,0.24886937996420067,2.9303024905506527
ID1291749,1291749,17,1752.451416015625,109.09583099119905,18.759653478107676,0.0,1.3199999999999998,44,0.5,1,,5191.285714285715,5487.0,2281.0,7532.0,109017.0,1531.9595994299962,0.28039974881250396,1.4841905267332276
ID1291748,1291748,18,19129.333984375,155.39118838006692,0.893015259710576,0.0,1.3199999999999998,44,0.5,1,,24137.095238095237,20842.0,4983.0,61751.0,506879.0,16014.459409873196,0.7578404667356441,1.2995741088963424
ID1291755,1291755,54,1466.1646728515625,118.1178814892712,37.65248872464651,0.0,1.3199999999999998,44,0.5,1,,4931.714285714285,4845.0,2815.0,6627.0,103566.0,1108.6066093460358,0.25455460493205834,1.8052686046563424
ID1291754,1291754,19,5522.34619140625,208.31764783664164,33.039085972024246,0.0,1.3199999999999998,44,0.5,1,,10966.42857142857,10364.0,3301.0,19405.0,230295.0,4211.582120432042,0.47603860378296015,1.679555631089006
ID1291753,1291753,20,23529.986328125,197.72627553190168,30.892805121951426,0.0,1.3199999999999998,44,0.5,1,,26899.428571428572,16528.0,8128.0,65535.0,564888.0,18653.984725981278,0.8194971369024332,1.2989651431471825
ID1291752,1291752,21,1866.4736328125,137.93926610267877,27.06775991773722,0.0,1.3199999999999998,44,0.5,1,,5470.0,6024.0,1952.0,8300.0,114870.0,1948.9391986411479,0.27464191705261287,1.209477119688779
ID1291759,1291759,56,10378.6142578125,15.921950819470817,42.18266073561214,0.0,1.3199999999999998,44,0.5,1,,13786.809523809523,12528.0,3451.0,34854.0,289523.0,9121.316547621005,0.6606947563324808,1.2026722462025263
ID1291758,1291758,1,10154.7548828125,176.85959963444694,39.00246819745221,0.0,1.3199999999999998,44,0.5,1,,17691.095238095237,15356.0,4369.0,34639.0,371513.0,8012.968419410886,0.5515359635583694,1.5696516277085824
ID1291757,1291757,2,2679.539794921875,198.02453808204055,38.476421386198666,0.0,1.3199999999999998,44,0.5,1,,7065.476190476191,7056.0,2107.0,10890.0,148375.0,2671.3691362117597,0.330869909044929,1.3151012638785726
ID1291756,1291756,35,5131.330078125,141.86044566661525,37.592457898152134,0.0,1.3199999999999998,44,0.5,1,,10955.47619047619,11160.0,2676.0,18809.0,230065.0,4793.320901202502,0.41182265234222265,1.3333827601716985
